===========================================
Started at: Sat Jul 18 03:00:01 UTC 2026
===========================================

===========================================
Running supplier: agoda
Start Time: Sat Jul 18 03:00:01 UTC 2026
===========================================
Loading .env environment variables...
Supplier: agoda
JSON Path: /var/www/Storage-Contents/Hotel-Supplier-Raw-Contents/agoda
Output Path: /var/www/ScriptEngine/Python-Application/New-Hotel-Id-Collection-Function/id_separation_function/supplier/agoda
Server JSON Count: 1019768
Database Hotel Count: 1019768
Database New Today Count: 0
ITTID Done: 1016793
Pending ITTID: 2975
Saved: /var/www/ScriptEngine/Python-Application/New-Hotel-Id-Collection-Function/id_separation_function/supplier/agoda/server_file_list.txt (1019768 records)
Saved: /var/www/ScriptEngine/Python-Application/New-Hotel-Id-Collection-Function/id_separation_function/supplier/agoda/db_hotel_id_list.txt (1019768 records)
Saved: /var/www/ScriptEngine/Python-Application/New-Hotel-Id-Collection-Function/id_separation_function/supplier/agoda/server_present_but_db_id_not_present_list.txt (0 records)
Saved: /var/www/ScriptEngine/Python-Application/New-Hotel-Id-Collection-Function/id_separation_function/supplier/agoda/db_present_but_server_json_not_present.txt (0 records)

Done.

Done.
Summary table updated.
History saved: /var/www/ScriptEngine/Python-Application/New-Hotel-Id-Collection-Function/id_separation_function/history/agoda/2026-07-18.json
Finished: agoda
End Time: Sat Jul 18 03:00:40 UTC 2026

===========================================
Running supplier: amadeushotel
Start Time: Sat Jul 18 03:00:40 UTC 2026
===========================================
Loading .env environment variables...
Supplier: amadeushotel
JSON Path: /var/www/Storage-Contents/Hotel-Supplier-Raw-Contents/amadeushotel
Output Path: /var/www/ScriptEngine/Python-Application/New-Hotel-Id-Collection-Function/id_separation_function/supplier/amadeushotel
Server JSON Count: 94196
Database Hotel Count: 94196
Database New Today Count: 0
ITTID Done: 0
Pending ITTID: 94196
Saved: /var/www/ScriptEngine/Python-Application/New-Hotel-Id-Collection-Function/id_separation_function/supplier/amadeushotel/server_file_list.txt (94196 records)
Saved: /var/www/ScriptEngine/Python-Application/New-Hotel-Id-Collection-Function/id_separation_function/supplier/amadeushotel/db_hotel_id_list.txt (94196 records)
Saved: /var/www/ScriptEngine/Python-Application/New-Hotel-Id-Collection-Function/id_separation_function/supplier/amadeushotel/server_present_but_db_id_not_present_list.txt (0 records)
Saved: /var/www/ScriptEngine/Python-Application/New-Hotel-Id-Collection-Function/id_separation_function/supplier/amadeushotel/db_present_but_server_json_not_present.txt (0 records)

Done.

Done.
Summary table updated.
History saved: /var/www/ScriptEngine/Python-Application/New-Hotel-Id-Collection-Function/id_separation_function/history/amadeushotel/2026-07-18.json
Finished: amadeushotel
End Time: Sat Jul 18 03:00:42 UTC 2026

===========================================
Running supplier: didahotel
Start Time: Sat Jul 18 03:00:42 UTC 2026
===========================================
Loading .env environment variables...
Supplier: didahotel
JSON Path: /var/www/Storage-Contents/Hotel-Supplier-Raw-Contents/didahotel
Output Path: /var/www/ScriptEngine/Python-Application/New-Hotel-Id-Collection-Function/id_separation_function/supplier/didahotel
Server JSON Count: 209784
Database Hotel Count: 209784
Database New Today Count: 0
ITTID Done: 180322
Pending ITTID: 29462
Saved: /var/www/ScriptEngine/Python-Application/New-Hotel-Id-Collection-Function/id_separation_function/supplier/didahotel/server_file_list.txt (209784 records)
Saved: /var/www/ScriptEngine/Python-Application/New-Hotel-Id-Collection-Function/id_separation_function/supplier/didahotel/db_hotel_id_list.txt (209784 records)
Saved: /var/www/ScriptEngine/Python-Application/New-Hotel-Id-Collection-Function/id_separation_function/supplier/didahotel/server_present_but_db_id_not_present_list.txt (0 records)
Saved: /var/www/ScriptEngine/Python-Application/New-Hotel-Id-Collection-Function/id_separation_function/supplier/didahotel/db_present_but_server_json_not_present.txt (0 records)

Done.

Done.
Summary table updated.
History saved: /var/www/ScriptEngine/Python-Application/New-Hotel-Id-Collection-Function/id_separation_function/history/didahotel/2026-07-18.json
Finished: didahotel
End Time: Sat Jul 18 03:00:47 UTC 2026

===========================================
Running supplier: dotw
Start Time: Sat Jul 18 03:00:47 UTC 2026
===========================================
Loading .env environment variables...
Supplier: dotw
JSON Path: /var/www/Storage-Contents/Hotel-Supplier-Raw-Contents/dotw
Output Path: /var/www/ScriptEngine/Python-Application/New-Hotel-Id-Collection-Function/id_separation_function/supplier/dotw
Server JSON Count: 227144
Database Hotel Count: 227143
Database New Today Count: 0
ITTID Done: 215632
Pending ITTID: 11511
Saved: /var/www/ScriptEngine/Python-Application/New-Hotel-Id-Collection-Function/id_separation_function/supplier/dotw/server_file_list.txt (227144 records)
Saved: /var/www/ScriptEngine/Python-Application/New-Hotel-Id-Collection-Function/id_separation_function/supplier/dotw/db_hotel_id_list.txt (227143 records)
Saved: /var/www/ScriptEngine/Python-Application/New-Hotel-Id-Collection-Function/id_separation_function/supplier/dotw/server_present_but_db_id_not_present_list.txt (1 records)
Saved: /var/www/ScriptEngine/Python-Application/New-Hotel-Id-Collection-Function/id_separation_function/supplier/dotw/db_present_but_server_json_not_present.txt (0 records)

Done.

Done.
Summary table updated.
History saved: /var/www/ScriptEngine/Python-Application/New-Hotel-Id-Collection-Function/id_separation_function/history/dotw/2026-07-18.json
Finished: dotw
End Time: Sat Jul 18 03:00:51 UTC 2026

===========================================
Running supplier: ean
Start Time: Sat Jul 18 03:00:51 UTC 2026
===========================================
Loading .env environment variables...
Supplier: ean
JSON Path: /var/www/Storage-Contents/Hotel-Supplier-Raw-Contents/ean
Output Path: /var/www/ScriptEngine/Python-Application/New-Hotel-Id-Collection-Function/id_separation_function/supplier/ean
Server JSON Count: 614819
Database Hotel Count: 614819
Database New Today Count: 0
ITTID Done: 508939
Pending ITTID: 105880
Saved: /var/www/ScriptEngine/Python-Application/New-Hotel-Id-Collection-Function/id_separation_function/supplier/ean/server_file_list.txt (614819 records)
Saved: /var/www/ScriptEngine/Python-Application/New-Hotel-Id-Collection-Function/id_separation_function/supplier/ean/db_hotel_id_list.txt (614819 records)
Saved: /var/www/ScriptEngine/Python-Application/New-Hotel-Id-Collection-Function/id_separation_function/supplier/ean/server_present_but_db_id_not_present_list.txt (0 records)
Saved: /var/www/ScriptEngine/Python-Application/New-Hotel-Id-Collection-Function/id_separation_function/supplier/ean/db_present_but_server_json_not_present.txt (0 records)

Done.

Done.
Summary table updated.
History saved: /var/www/ScriptEngine/Python-Application/New-Hotel-Id-Collection-Function/id_separation_function/history/ean/2026-07-18.json
Finished: ean
End Time: Sat Jul 18 03:01:04 UTC 2026

===========================================
Running supplier: ebookinghotel
Start Time: Sat Jul 18 03:01:04 UTC 2026
===========================================
Loading .env environment variables...
Supplier: ebookinghotel
JSON Path: /var/www/Storage-Contents/Hotel-Supplier-Raw-Contents/ebookinghotel
Output Path: /var/www/ScriptEngine/Python-Application/New-Hotel-Id-Collection-Function/id_separation_function/supplier/ebookinghotel
Server JSON Count: 878990
Database Hotel Count: 878990
Database New Today Count: 0
ITTID Done: 0
Pending ITTID: 878990
Saved: /var/www/ScriptEngine/Python-Application/New-Hotel-Id-Collection-Function/id_separation_function/supplier/ebookinghotel/server_file_list.txt (878990 records)
Saved: /var/www/ScriptEngine/Python-Application/New-Hotel-Id-Collection-Function/id_separation_function/supplier/ebookinghotel/db_hotel_id_list.txt (878990 records)
Saved: /var/www/ScriptEngine/Python-Application/New-Hotel-Id-Collection-Function/id_separation_function/supplier/ebookinghotel/server_present_but_db_id_not_present_list.txt (0 records)
Saved: /var/www/ScriptEngine/Python-Application/New-Hotel-Id-Collection-Function/id_separation_function/supplier/ebookinghotel/db_present_but_server_json_not_present.txt (0 records)

Done.

Done.
Summary table updated.
History saved: /var/www/ScriptEngine/Python-Application/New-Hotel-Id-Collection-Function/id_separation_function/history/ebookinghotel/2026-07-18.json
Finished: ebookinghotel
End Time: Sat Jul 18 03:01:21 UTC 2026

===========================================
Running supplier: goglobal
Start Time: Sat Jul 18 03:01:21 UTC 2026
===========================================
Loading .env environment variables...
Supplier: goglobal
JSON Path: /var/www/Storage-Contents/Hotel-Supplier-Raw-Contents/goglobal
Output Path: /var/www/ScriptEngine/Python-Application/New-Hotel-Id-Collection-Function/id_separation_function/supplier/goglobal
Server JSON Count: 221411
Database Hotel Count: 221393
Database New Today Count: 0
ITTID Done: 215415
Pending ITTID: 5978
Saved: /var/www/ScriptEngine/Python-Application/New-Hotel-Id-Collection-Function/id_separation_function/supplier/goglobal/server_file_list.txt (221411 records)
Saved: /var/www/ScriptEngine/Python-Application/New-Hotel-Id-Collection-Function/id_separation_function/supplier/goglobal/db_hotel_id_list.txt (221393 records)
Saved: /var/www/ScriptEngine/Python-Application/New-Hotel-Id-Collection-Function/id_separation_function/supplier/goglobal/server_present_but_db_id_not_present_list.txt (18 records)
Saved: /var/www/ScriptEngine/Python-Application/New-Hotel-Id-Collection-Function/id_separation_function/supplier/goglobal/db_present_but_server_json_not_present.txt (0 records)

Done.

Done.
Summary table updated.
History saved: /var/www/ScriptEngine/Python-Application/New-Hotel-Id-Collection-Function/id_separation_function/history/goglobal/2026-07-18.json
Finished: goglobal
End Time: Sat Jul 18 03:01:26 UTC 2026

===========================================
Running supplier: grnconnect
Start Time: Sat Jul 18 03:01:26 UTC 2026
===========================================
Loading .env environment variables...
Supplier: grnconnect
JSON Path: /var/www/Storage-Contents/Hotel-Supplier-Raw-Contents/grnconnect
Output Path: /var/www/ScriptEngine/Python-Application/New-Hotel-Id-Collection-Function/id_separation_function/supplier/grnconnect
Server JSON Count: 214625
Database Hotel Count: 214625
Database New Today Count: 0
ITTID Done: 185747
Pending ITTID: 28878
Saved: /var/www/ScriptEngine/Python-Application/New-Hotel-Id-Collection-Function/id_separation_function/supplier/grnconnect/server_file_list.txt (214625 records)
Saved: /var/www/ScriptEngine/Python-Application/New-Hotel-Id-Collection-Function/id_separation_function/supplier/grnconnect/db_hotel_id_list.txt (214625 records)
Saved: /var/www/ScriptEngine/Python-Application/New-Hotel-Id-Collection-Function/id_separation_function/supplier/grnconnect/server_present_but_db_id_not_present_list.txt (0 records)
Saved: /var/www/ScriptEngine/Python-Application/New-Hotel-Id-Collection-Function/id_separation_function/supplier/grnconnect/db_present_but_server_json_not_present.txt (0 records)

Done.

Done.
Summary table updated.
History saved: /var/www/ScriptEngine/Python-Application/New-Hotel-Id-Collection-Function/id_separation_function/history/grnconnect/2026-07-18.json
Finished: grnconnect
End Time: Sat Jul 18 03:01:31 UTC 2026

===========================================
Running supplier: hotelbeds
Start Time: Sat Jul 18 03:01:31 UTC 2026
===========================================
Loading .env environment variables...
Supplier: hotelbeds
JSON Path: /var/www/Storage-Contents/Hotel-Supplier-Raw-Contents/hotelbeds
Output Path: /var/www/ScriptEngine/Python-Application/New-Hotel-Id-Collection-Function/id_separation_function/supplier/hotelbeds
Server JSON Count: 474499
Database Hotel Count: 474499
Database New Today Count: 0
ITTID Done: 450000
Pending ITTID: 24499
Saved: /var/www/ScriptEngine/Python-Application/New-Hotel-Id-Collection-Function/id_separation_function/supplier/hotelbeds/server_file_list.txt (474499 records)
Saved: /var/www/ScriptEngine/Python-Application/New-Hotel-Id-Collection-Function/id_separation_function/supplier/hotelbeds/db_hotel_id_list.txt (474499 records)
Saved: /var/www/ScriptEngine/Python-Application/New-Hotel-Id-Collection-Function/id_separation_function/supplier/hotelbeds/server_present_but_db_id_not_present_list.txt (0 records)
Saved: /var/www/ScriptEngine/Python-Application/New-Hotel-Id-Collection-Function/id_separation_function/supplier/hotelbeds/db_present_but_server_json_not_present.txt (0 records)

Done.

Done.
Summary table updated.
History saved: /var/www/ScriptEngine/Python-Application/New-Hotel-Id-Collection-Function/id_separation_function/history/hotelbeds/2026-07-18.json
Finished: hotelbeds
End Time: Sat Jul 18 03:01:45 UTC 2026

===========================================
Running supplier: hotelston
Start Time: Sat Jul 18 03:01:45 UTC 2026
===========================================
Loading .env environment variables...
Supplier: hotelston
JSON Path: /var/www/Storage-Contents/Hotel-Supplier-Raw-Contents/hotelston
Output Path: /var/www/ScriptEngine/Python-Application/New-Hotel-Id-Collection-Function/id_separation_function/supplier/hotelston
Server JSON Count: 3693299
Database Hotel Count: 3693299
Database New Today Count: 0
ITTID Done: 603685
Pending ITTID: 3089614
Saved: /var/www/ScriptEngine/Python-Application/New-Hotel-Id-Collection-Function/id_separation_function/supplier/hotelston/server_file_list.txt (3693299 records)
Saved: /var/www/ScriptEngine/Python-Application/New-Hotel-Id-Collection-Function/id_separation_function/supplier/hotelston/db_hotel_id_list.txt (3693299 records)
Saved: /var/www/ScriptEngine/Python-Application/New-Hotel-Id-Collection-Function/id_separation_function/supplier/hotelston/server_present_but_db_id_not_present_list.txt (0 records)
Saved: /var/www/ScriptEngine/Python-Application/New-Hotel-Id-Collection-Function/id_separation_function/supplier/hotelston/db_present_but_server_json_not_present.txt (0 records)

Done.

Done.
Summary table updated.
History saved: /var/www/ScriptEngine/Python-Application/New-Hotel-Id-Collection-Function/id_separation_function/history/hotelston/2026-07-18.json
Finished: hotelston
End Time: Sat Jul 18 03:04:15 UTC 2026

===========================================
Running supplier: hyperguestdirect
Start Time: Sat Jul 18 03:04:15 UTC 2026
===========================================
Loading .env environment variables...
Supplier: hyperguestdirect
JSON Path: /var/www/Storage-Contents/Hotel-Supplier-Raw-Contents/hyperguestdirect
Output Path: /var/www/ScriptEngine/Python-Application/New-Hotel-Id-Collection-Function/id_separation_function/supplier/hyperguestdirect
Server JSON Count: 66383
Database Hotel Count: 66383
Database New Today Count: 0
ITTID Done: 49276
Pending ITTID: 17107
Saved: /var/www/ScriptEngine/Python-Application/New-Hotel-Id-Collection-Function/id_separation_function/supplier/hyperguestdirect/server_file_list.txt (66383 records)
Saved: /var/www/ScriptEngine/Python-Application/New-Hotel-Id-Collection-Function/id_separation_function/supplier/hyperguestdirect/db_hotel_id_list.txt (66383 records)
Saved: /var/www/ScriptEngine/Python-Application/New-Hotel-Id-Collection-Function/id_separation_function/supplier/hyperguestdirect/server_present_but_db_id_not_present_list.txt (0 records)
Saved: /var/www/ScriptEngine/Python-Application/New-Hotel-Id-Collection-Function/id_separation_function/supplier/hyperguestdirect/db_present_but_server_json_not_present.txt (0 records)

Done.

Done.
Summary table updated.
History saved: /var/www/ScriptEngine/Python-Application/New-Hotel-Id-Collection-Function/id_separation_function/history/hyperguestdirect/2026-07-18.json
Finished: hyperguestdirect
End Time: Sat Jul 18 03:04:17 UTC 2026

===========================================
Running supplier: illusionshotel
Start Time: Sat Jul 18 03:04:17 UTC 2026
===========================================
Loading .env environment variables...
Supplier: illusionshotel
JSON Path: /var/www/Storage-Contents/Hotel-Supplier-Raw-Contents/illusionshotel
Output Path: /var/www/ScriptEngine/Python-Application/New-Hotel-Id-Collection-Function/id_separation_function/supplier/illusionshotel
Server JSON Count: 395727
Database Hotel Count: 395727
Database New Today Count: 0
ITTID Done: 42240
Pending ITTID: 353487
Saved: /var/www/ScriptEngine/Python-Application/New-Hotel-Id-Collection-Function/id_separation_function/supplier/illusionshotel/server_file_list.txt (395727 records)
Saved: /var/www/ScriptEngine/Python-Application/New-Hotel-Id-Collection-Function/id_separation_function/supplier/illusionshotel/db_hotel_id_list.txt (395727 records)
Saved: /var/www/ScriptEngine/Python-Application/New-Hotel-Id-Collection-Function/id_separation_function/supplier/illusionshotel/server_present_but_db_id_not_present_list.txt (0 records)
Saved: /var/www/ScriptEngine/Python-Application/New-Hotel-Id-Collection-Function/id_separation_function/supplier/illusionshotel/db_present_but_server_json_not_present.txt (0 records)

Done.

Done.
Summary table updated.
History saved: /var/www/ScriptEngine/Python-Application/New-Hotel-Id-Collection-Function/id_separation_function/history/illusionshotel/2026-07-18.json
Finished: illusionshotel
End Time: Sat Jul 18 03:04:25 UTC 2026

===========================================
Running supplier: innstant
Start Time: Sat Jul 18 03:04:25 UTC 2026
===========================================
Loading .env environment variables...
Supplier: innstant
JSON Path: /var/www/Storage-Contents/Hotel-Supplier-Raw-Contents/innstant
Output Path: /var/www/ScriptEngine/Python-Application/New-Hotel-Id-Collection-Function/id_separation_function/supplier/innstant
Server JSON Count: 649448
Database Hotel Count: 649436
Database New Today Count: 0
ITTID Done: 472508
Pending ITTID: 176928
Saved: /var/www/ScriptEngine/Python-Application/New-Hotel-Id-Collection-Function/id_separation_function/supplier/innstant/server_file_list.txt (649448 records)
Saved: /var/www/ScriptEngine/Python-Application/New-Hotel-Id-Collection-Function/id_separation_function/supplier/innstant/db_hotel_id_list.txt (649436 records)
Saved: /var/www/ScriptEngine/Python-Application/New-Hotel-Id-Collection-Function/id_separation_function/supplier/innstant/server_present_but_db_id_not_present_list.txt (12 records)
Saved: /var/www/ScriptEngine/Python-Application/New-Hotel-Id-Collection-Function/id_separation_function/supplier/innstant/db_present_but_server_json_not_present.txt (0 records)

Done.

Done.
Summary table updated.
History saved: /var/www/ScriptEngine/Python-Application/New-Hotel-Id-Collection-Function/id_separation_function/history/innstant/2026-07-18.json
Finished: innstant
End Time: Sat Jul 18 03:04:35 UTC 2026

===========================================
Running supplier: juniperhotel
Start Time: Sat Jul 18 03:04:35 UTC 2026
===========================================
Loading .env environment variables...
Supplier: juniperhotel
JSON Path: /var/www/Storage-Contents/Hotel-Supplier-Raw-Contents/juniperhotel
Output Path: /var/www/ScriptEngine/Python-Application/New-Hotel-Id-Collection-Function/id_separation_function/supplier/juniperhotel
Server JSON Count: 428859
Database Hotel Count: 429113
Database New Today Count: 0
ITTID Done: 427080
Pending ITTID: 2033
Saved: /var/www/ScriptEngine/Python-Application/New-Hotel-Id-Collection-Function/id_separation_function/supplier/juniperhotel/server_file_list.txt (428859 records)
Saved: /var/www/ScriptEngine/Python-Application/New-Hotel-Id-Collection-Function/id_separation_function/supplier/juniperhotel/db_hotel_id_list.txt (429113 records)
Saved: /var/www/ScriptEngine/Python-Application/New-Hotel-Id-Collection-Function/id_separation_function/supplier/juniperhotel/server_present_but_db_id_not_present_list.txt (0 records)
Saved: /var/www/ScriptEngine/Python-Application/New-Hotel-Id-Collection-Function/id_separation_function/supplier/juniperhotel/db_present_but_server_json_not_present.txt (254 records)

Done.

Done.
Summary table updated.
History saved: /var/www/ScriptEngine/Python-Application/New-Hotel-Id-Collection-Function/id_separation_function/history/juniperhotel/2026-07-18.json
Finished: juniperhotel
End Time: Sat Jul 18 03:04:46 UTC 2026

===========================================
Running supplier: kiwihotel
Start Time: Sat Jul 18 03:04:46 UTC 2026
===========================================
Loading .env environment variables...
Supplier: kiwihotel
JSON Path: /var/www/Storage-Contents/Hotel-Supplier-Raw-Contents/kiwihotel
Output Path: /var/www/ScriptEngine/Python-Application/New-Hotel-Id-Collection-Function/id_separation_function/supplier/kiwihotel
Server JSON Count: 1943
Database Hotel Count: 1943
Database New Today Count: 0
ITTID Done: 0
Pending ITTID: 1943
Saved: /var/www/ScriptEngine/Python-Application/New-Hotel-Id-Collection-Function/id_separation_function/supplier/kiwihotel/server_file_list.txt (1943 records)
Saved: /var/www/ScriptEngine/Python-Application/New-Hotel-Id-Collection-Function/id_separation_function/supplier/kiwihotel/db_hotel_id_list.txt (1943 records)
Saved: /var/www/ScriptEngine/Python-Application/New-Hotel-Id-Collection-Function/id_separation_function/supplier/kiwihotel/server_present_but_db_id_not_present_list.txt (0 records)
Saved: /var/www/ScriptEngine/Python-Application/New-Hotel-Id-Collection-Function/id_separation_function/supplier/kiwihotel/db_present_but_server_json_not_present.txt (0 records)

Done.

Done.
Summary table updated.
History saved: /var/www/ScriptEngine/Python-Application/New-Hotel-Id-Collection-Function/id_separation_function/history/kiwihotel/2026-07-18.json
Finished: kiwihotel
End Time: Sat Jul 18 03:04:47 UTC 2026

===========================================
Running supplier: mgholiday
Start Time: Sat Jul 18 03:04:47 UTC 2026
===========================================
Loading .env environment variables...
Supplier: mgholiday
JSON Path: /var/www/Storage-Contents/Hotel-Supplier-Raw-Contents/mgholiday
Output Path: /var/www/ScriptEngine/Python-Application/New-Hotel-Id-Collection-Function/id_separation_function/supplier/mgholiday
Server JSON Count: 235066
Database Hotel Count: 235065
Database New Today Count: 0
ITTID Done: 196322
Pending ITTID: 38743
Saved: /var/www/ScriptEngine/Python-Application/New-Hotel-Id-Collection-Function/id_separation_function/supplier/mgholiday/server_file_list.txt (235066 records)
Saved: /var/www/ScriptEngine/Python-Application/New-Hotel-Id-Collection-Function/id_separation_function/supplier/mgholiday/db_hotel_id_list.txt (235065 records)
Saved: /var/www/ScriptEngine/Python-Application/New-Hotel-Id-Collection-Function/id_separation_function/supplier/mgholiday/server_present_but_db_id_not_present_list.txt (2 records)
Saved: /var/www/ScriptEngine/Python-Application/New-Hotel-Id-Collection-Function/id_separation_function/supplier/mgholiday/db_present_but_server_json_not_present.txt (1 records)

Done.

Done.
Summary table updated.
History saved: /var/www/ScriptEngine/Python-Application/New-Hotel-Id-Collection-Function/id_separation_function/history/mgholiday/2026-07-18.json
Finished: mgholiday
End Time: Sat Jul 18 03:04:53 UTC 2026

===========================================
Running supplier: paximumhotel
Start Time: Sat Jul 18 03:04:53 UTC 2026
===========================================
Loading .env environment variables...
Supplier: paximumhotel
JSON Path: /var/www/Storage-Contents/Hotel-Supplier-Raw-Contents/paximumhotel
Output Path: /var/www/ScriptEngine/Python-Application/New-Hotel-Id-Collection-Function/id_separation_function/supplier/paximumhotel
Server JSON Count: 1373680
Database Hotel Count: 1385589
Database New Today Count: 0
ITTID Done: 109901
Pending ITTID: 1275688
Saved: /var/www/ScriptEngine/Python-Application/New-Hotel-Id-Collection-Function/id_separation_function/supplier/paximumhotel/server_file_list.txt (1373680 records)
Saved: /var/www/ScriptEngine/Python-Application/New-Hotel-Id-Collection-Function/id_separation_function/supplier/paximumhotel/db_hotel_id_list.txt (1385589 records)
Saved: /var/www/ScriptEngine/Python-Application/New-Hotel-Id-Collection-Function/id_separation_function/supplier/paximumhotel/server_present_but_db_id_not_present_list.txt (0 records)
Saved: /var/www/ScriptEngine/Python-Application/New-Hotel-Id-Collection-Function/id_separation_function/supplier/paximumhotel/db_present_but_server_json_not_present.txt (11909 records)

Done.

Done.
Summary table updated.
History saved: /var/www/ScriptEngine/Python-Application/New-Hotel-Id-Collection-Function/id_separation_function/history/paximumhotel/2026-07-18.json
Finished: paximumhotel
End Time: Sat Jul 18 03:05:23 UTC 2026

===========================================
Running supplier: rakuten
Start Time: Sat Jul 18 03:05:23 UTC 2026
===========================================
Loading .env environment variables...
Supplier: rakuten
JSON Path: /var/www/Storage-Contents/Hotel-Supplier-Raw-Contents/rakuten
Output Path: /var/www/ScriptEngine/Python-Application/New-Hotel-Id-Collection-Function/id_separation_function/supplier/rakuten
Server JSON Count: 37864
Database Hotel Count: 37587
Database New Today Count: 0
ITTID Done: 14079
Pending ITTID: 23508
Saved: /var/www/ScriptEngine/Python-Application/New-Hotel-Id-Collection-Function/id_separation_function/supplier/rakuten/server_file_list.txt (37864 records)
Saved: /var/www/ScriptEngine/Python-Application/New-Hotel-Id-Collection-Function/id_separation_function/supplier/rakuten/db_hotel_id_list.txt (37587 records)
Saved: /var/www/ScriptEngine/Python-Application/New-Hotel-Id-Collection-Function/id_separation_function/supplier/rakuten/server_present_but_db_id_not_present_list.txt (277 records)
Saved: /var/www/ScriptEngine/Python-Application/New-Hotel-Id-Collection-Function/id_separation_function/supplier/rakuten/db_present_but_server_json_not_present.txt (0 records)

Done.

Done.
Summary table updated.
History saved: /var/www/ScriptEngine/Python-Application/New-Hotel-Id-Collection-Function/id_separation_function/history/rakuten/2026-07-18.json
Finished: rakuten
End Time: Sat Jul 18 03:05:24 UTC 2026

===========================================
Running supplier: ratehawkhotel
Start Time: Sat Jul 18 03:05:24 UTC 2026
===========================================
Loading .env environment variables...
Supplier: ratehawkhotel
JSON Path: /var/www/Storage-Contents/Hotel-Supplier-Raw-Contents/ratehawkhotel
Output Path: /var/www/ScriptEngine/Python-Application/New-Hotel-Id-Collection-Function/id_separation_function/supplier/ratehawkhotel
Server JSON Count: 2771496
Database Hotel Count: 2767557
Database New Today Count: 0
ITTID Done: 1372051
Pending ITTID: 1395506
Saved: /var/www/ScriptEngine/Python-Application/New-Hotel-Id-Collection-Function/id_separation_function/supplier/ratehawkhotel/server_file_list.txt (2771496 records)
Saved: /var/www/ScriptEngine/Python-Application/New-Hotel-Id-Collection-Function/id_separation_function/supplier/ratehawkhotel/db_hotel_id_list.txt (2767557 records)
Saved: /var/www/ScriptEngine/Python-Application/New-Hotel-Id-Collection-Function/id_separation_function/supplier/ratehawkhotel/server_present_but_db_id_not_present_list.txt (4902 records)
Saved: /var/www/ScriptEngine/Python-Application/New-Hotel-Id-Collection-Function/id_separation_function/supplier/ratehawkhotel/db_present_but_server_json_not_present.txt (963 records)

Done.

Done.
Summary table updated.
History saved: /var/www/ScriptEngine/Python-Application/New-Hotel-Id-Collection-Function/id_separation_function/history/ratehawkhotel/2026-07-18.json
Finished: ratehawkhotel
End Time: Sat Jul 18 03:06:13 UTC 2026

===========================================
Running supplier: restel
Start Time: Sat Jul 18 03:06:13 UTC 2026
===========================================
Loading .env environment variables...
Supplier: restel
JSON Path: /var/www/Storage-Contents/Hotel-Supplier-Raw-Contents/restel
Output Path: /var/www/ScriptEngine/Python-Application/New-Hotel-Id-Collection-Function/id_separation_function/supplier/restel
Server JSON Count: 144452
Database Hotel Count: 144445
Database New Today Count: 0
ITTID Done: 87229
Pending ITTID: 57216
Saved: /var/www/ScriptEngine/Python-Application/New-Hotel-Id-Collection-Function/id_separation_function/supplier/restel/server_file_list.txt (144452 records)
Saved: /var/www/ScriptEngine/Python-Application/New-Hotel-Id-Collection-Function/id_separation_function/supplier/restel/db_hotel_id_list.txt (144445 records)
Saved: /var/www/ScriptEngine/Python-Application/New-Hotel-Id-Collection-Function/id_separation_function/supplier/restel/server_present_but_db_id_not_present_list.txt (7 records)
Saved: /var/www/ScriptEngine/Python-Application/New-Hotel-Id-Collection-Function/id_separation_function/supplier/restel/db_present_but_server_json_not_present.txt (0 records)

Done.

Done.
Summary table updated.
History saved: /var/www/ScriptEngine/Python-Application/New-Hotel-Id-Collection-Function/id_separation_function/history/restel/2026-07-18.json
Finished: restel
End Time: Sat Jul 18 03:06:16 UTC 2026

===========================================
Running supplier: rnrhotel
Start Time: Sat Jul 18 03:06:16 UTC 2026
===========================================
Loading .env environment variables...
Supplier: rnrhotel
JSON Path: /var/www/Storage-Contents/Hotel-Supplier-Raw-Contents/rnrhotel
Output Path: /var/www/ScriptEngine/Python-Application/New-Hotel-Id-Collection-Function/id_separation_function/supplier/rnrhotel
Server JSON Count: 112
Database Hotel Count: 112
Database New Today Count: 0
ITTID Done: 106
Pending ITTID: 6
Saved: /var/www/ScriptEngine/Python-Application/New-Hotel-Id-Collection-Function/id_separation_function/supplier/rnrhotel/server_file_list.txt (112 records)
Saved: /var/www/ScriptEngine/Python-Application/New-Hotel-Id-Collection-Function/id_separation_function/supplier/rnrhotel/db_hotel_id_list.txt (112 records)
Saved: /var/www/ScriptEngine/Python-Application/New-Hotel-Id-Collection-Function/id_separation_function/supplier/rnrhotel/server_present_but_db_id_not_present_list.txt (0 records)
Saved: /var/www/ScriptEngine/Python-Application/New-Hotel-Id-Collection-Function/id_separation_function/supplier/rnrhotel/db_present_but_server_json_not_present.txt (0 records)

Done.

Done.
Summary table updated.
History saved: /var/www/ScriptEngine/Python-Application/New-Hotel-Id-Collection-Function/id_separation_function/history/rnrhotel/2026-07-18.json
Finished: rnrhotel
End Time: Sat Jul 18 03:06:17 UTC 2026

===========================================
Running supplier: roomerang
Start Time: Sat Jul 18 03:06:17 UTC 2026
===========================================
Loading .env environment variables...
Supplier: roomerang
JSON Path: /var/www/Storage-Contents/Hotel-Supplier-Raw-Contents/roomerang
Output Path: /var/www/ScriptEngine/Python-Application/New-Hotel-Id-Collection-Function/id_separation_function/supplier/roomerang
Server JSON Count: 708546
Database Hotel Count: 708527
Database New Today Count: 0
ITTID Done: 181282
Pending ITTID: 527245
Saved: /var/www/ScriptEngine/Python-Application/New-Hotel-Id-Collection-Function/id_separation_function/supplier/roomerang/server_file_list.txt (708546 records)
Saved: /var/www/ScriptEngine/Python-Application/New-Hotel-Id-Collection-Function/id_separation_function/supplier/roomerang/db_hotel_id_list.txt (708527 records)
Saved: /var/www/ScriptEngine/Python-Application/New-Hotel-Id-Collection-Function/id_separation_function/supplier/roomerang/server_present_but_db_id_not_present_list.txt (19 records)
Saved: /var/www/ScriptEngine/Python-Application/New-Hotel-Id-Collection-Function/id_separation_function/supplier/roomerang/db_present_but_server_json_not_present.txt (0 records)

Done.

Done.
Summary table updated.
History saved: /var/www/ScriptEngine/Python-Application/New-Hotel-Id-Collection-Function/id_separation_function/history/roomerang/2026-07-18.json
Finished: roomerang
End Time: Sat Jul 18 03:06:27 UTC 2026

===========================================
Running supplier: stuba
Start Time: Sat Jul 18 03:06:27 UTC 2026
===========================================
Loading .env environment variables...
Supplier: stuba
JSON Path: /var/www/Storage-Contents/Hotel-Supplier-Raw-Contents/stuba
Output Path: /var/www/ScriptEngine/Python-Application/New-Hotel-Id-Collection-Function/id_separation_function/supplier/stuba
Server JSON Count: 128611
Database Hotel Count: 128611
Database New Today Count: 0
ITTID Done: 115926
Pending ITTID: 12685
Saved: /var/www/ScriptEngine/Python-Application/New-Hotel-Id-Collection-Function/id_separation_function/supplier/stuba/server_file_list.txt (128611 records)
Saved: /var/www/ScriptEngine/Python-Application/New-Hotel-Id-Collection-Function/id_separation_function/supplier/stuba/db_hotel_id_list.txt (128611 records)
Saved: /var/www/ScriptEngine/Python-Application/New-Hotel-Id-Collection-Function/id_separation_function/supplier/stuba/server_present_but_db_id_not_present_list.txt (0 records)
Saved: /var/www/ScriptEngine/Python-Application/New-Hotel-Id-Collection-Function/id_separation_function/supplier/stuba/db_present_but_server_json_not_present.txt (0 records)

Done.

Done.
Summary table updated.
History saved: /var/www/ScriptEngine/Python-Application/New-Hotel-Id-Collection-Function/id_separation_function/history/stuba/2026-07-18.json
Finished: stuba
End Time: Sat Jul 18 03:06:29 UTC 2026

===========================================
Running supplier: tbohotel
Start Time: Sat Jul 18 03:06:29 UTC 2026
===========================================
Loading .env environment variables...
Supplier: tbohotel
JSON Path: /var/www/Storage-Contents/Hotel-Supplier-Raw-Contents/tbohotel
Output Path: /var/www/ScriptEngine/Python-Application/New-Hotel-Id-Collection-Function/id_separation_function/supplier/tbohotel
Server JSON Count: 1048319
Database Hotel Count: 1048319
Database New Today Count: 0
ITTID Done: 1035336
Pending ITTID: 12983
Saved: /var/www/ScriptEngine/Python-Application/New-Hotel-Id-Collection-Function/id_separation_function/supplier/tbohotel/server_file_list.txt (1048319 records)
Saved: /var/www/ScriptEngine/Python-Application/New-Hotel-Id-Collection-Function/id_separation_function/supplier/tbohotel/db_hotel_id_list.txt (1048319 records)
Saved: /var/www/ScriptEngine/Python-Application/New-Hotel-Id-Collection-Function/id_separation_function/supplier/tbohotel/server_present_but_db_id_not_present_list.txt (0 records)
Saved: /var/www/ScriptEngine/Python-Application/New-Hotel-Id-Collection-Function/id_separation_function/supplier/tbohotel/db_present_but_server_json_not_present.txt (0 records)

Done.

Done.
Summary table updated.
History saved: /var/www/ScriptEngine/Python-Application/New-Hotel-Id-Collection-Function/id_separation_function/history/tbohotel/2026-07-18.json
Finished: tbohotel
End Time: Sat Jul 18 03:06:46 UTC 2026

===========================================
Running supplier: travelrobothotel
Start Time: Sat Jul 18 03:06:46 UTC 2026
===========================================
Loading .env environment variables...
Supplier: travelrobothotel
JSON Path: /var/www/Storage-Contents/Hotel-Supplier-Raw-Contents/travelrobothotel
Output Path: /var/www/ScriptEngine/Python-Application/New-Hotel-Id-Collection-Function/id_separation_function/supplier/travelrobothotel
Server JSON Count: 1461694
Database Hotel Count: 1461693
Database New Today Count: 0
ITTID Done: 0
Pending ITTID: 1461693
Saved: /var/www/ScriptEngine/Python-Application/New-Hotel-Id-Collection-Function/id_separation_function/supplier/travelrobothotel/server_file_list.txt (1461694 records)
Saved: /var/www/ScriptEngine/Python-Application/New-Hotel-Id-Collection-Function/id_separation_function/supplier/travelrobothotel/db_hotel_id_list.txt (1461693 records)
Saved: /var/www/ScriptEngine/Python-Application/New-Hotel-Id-Collection-Function/id_separation_function/supplier/travelrobothotel/server_present_but_db_id_not_present_list.txt (1 records)
Saved: /var/www/ScriptEngine/Python-Application/New-Hotel-Id-Collection-Function/id_separation_function/supplier/travelrobothotel/db_present_but_server_json_not_present.txt (0 records)

Done.

Done.
Summary table updated.
History saved: /var/www/ScriptEngine/Python-Application/New-Hotel-Id-Collection-Function/id_separation_function/history/travelrobothotel/2026-07-18.json
Finished: travelrobothotel
End Time: Sat Jul 18 03:07:06 UTC 2026

===========================================
All suppliers completed.
Finished at: Sat Jul 18 03:07:06 UTC 2026
===========================================
===========================================
Started at: Sun Jul 19 03:00:01 UTC 2026
===========================================

===========================================
Running supplier: agoda
Start Time: Sun Jul 19 03:00:01 UTC 2026
===========================================
Loading .env environment variables...
Supplier: agoda
JSON Path: /var/www/Storage-Contents/Hotel-Supplier-Raw-Contents/agoda
Output Path: /var/www/ScriptEngine/Python-Application/New-Hotel-Id-Collection-Function/id_separation_function/supplier/agoda
Server JSON Count: 1019768
Database Hotel Count: 1019768
Database New Today Count: 0
ITTID Done: 1016793
Pending ITTID: 2975
Saved: /var/www/ScriptEngine/Python-Application/New-Hotel-Id-Collection-Function/id_separation_function/supplier/agoda/server_file_list.txt (1019768 records)
Saved: /var/www/ScriptEngine/Python-Application/New-Hotel-Id-Collection-Function/id_separation_function/supplier/agoda/db_hotel_id_list.txt (1019768 records)
Saved: /var/www/ScriptEngine/Python-Application/New-Hotel-Id-Collection-Function/id_separation_function/supplier/agoda/server_present_but_db_id_not_present_list.txt (0 records)
Saved: /var/www/ScriptEngine/Python-Application/New-Hotel-Id-Collection-Function/id_separation_function/supplier/agoda/db_present_but_server_json_not_present.txt (0 records)

Done.

Done.
Summary table updated.
History saved: /var/www/ScriptEngine/Python-Application/New-Hotel-Id-Collection-Function/id_separation_function/history/agoda/2026-07-19.json
Finished: agoda
End Time: Sun Jul 19 03:00:41 UTC 2026

===========================================
Running supplier: amadeushotel
Start Time: Sun Jul 19 03:00:41 UTC 2026
===========================================
Loading .env environment variables...
Supplier: amadeushotel
JSON Path: /var/www/Storage-Contents/Hotel-Supplier-Raw-Contents/amadeushotel
Output Path: /var/www/ScriptEngine/Python-Application/New-Hotel-Id-Collection-Function/id_separation_function/supplier/amadeushotel
Server JSON Count: 94196
Database Hotel Count: 94196
Database New Today Count: 0
ITTID Done: 0
Pending ITTID: 94196
Saved: /var/www/ScriptEngine/Python-Application/New-Hotel-Id-Collection-Function/id_separation_function/supplier/amadeushotel/server_file_list.txt (94196 records)
Saved: /var/www/ScriptEngine/Python-Application/New-Hotel-Id-Collection-Function/id_separation_function/supplier/amadeushotel/db_hotel_id_list.txt (94196 records)
Saved: /var/www/ScriptEngine/Python-Application/New-Hotel-Id-Collection-Function/id_separation_function/supplier/amadeushotel/server_present_but_db_id_not_present_list.txt (0 records)
Saved: /var/www/ScriptEngine/Python-Application/New-Hotel-Id-Collection-Function/id_separation_function/supplier/amadeushotel/db_present_but_server_json_not_present.txt (0 records)

Done.

Done.
Summary table updated.
History saved: /var/www/ScriptEngine/Python-Application/New-Hotel-Id-Collection-Function/id_separation_function/history/amadeushotel/2026-07-19.json
Finished: amadeushotel
End Time: Sun Jul 19 03:00:43 UTC 2026

===========================================
Running supplier: didahotel
Start Time: Sun Jul 19 03:00:43 UTC 2026
===========================================
Loading .env environment variables...
Supplier: didahotel
JSON Path: /var/www/Storage-Contents/Hotel-Supplier-Raw-Contents/didahotel
Output Path: /var/www/ScriptEngine/Python-Application/New-Hotel-Id-Collection-Function/id_separation_function/supplier/didahotel
Server JSON Count: 209784
Database Hotel Count: 209784
Database New Today Count: 0
ITTID Done: 180322
Pending ITTID: 29462
Saved: /var/www/ScriptEngine/Python-Application/New-Hotel-Id-Collection-Function/id_separation_function/supplier/didahotel/server_file_list.txt (209784 records)
Saved: /var/www/ScriptEngine/Python-Application/New-Hotel-Id-Collection-Function/id_separation_function/supplier/didahotel/db_hotel_id_list.txt (209784 records)
Saved: /var/www/ScriptEngine/Python-Application/New-Hotel-Id-Collection-Function/id_separation_function/supplier/didahotel/server_present_but_db_id_not_present_list.txt (0 records)
Saved: /var/www/ScriptEngine/Python-Application/New-Hotel-Id-Collection-Function/id_separation_function/supplier/didahotel/db_present_but_server_json_not_present.txt (0 records)

Done.

Done.
Summary table updated.
History saved: /var/www/ScriptEngine/Python-Application/New-Hotel-Id-Collection-Function/id_separation_function/history/didahotel/2026-07-19.json
Finished: didahotel
End Time: Sun Jul 19 03:00:48 UTC 2026

===========================================
Running supplier: dotw
Start Time: Sun Jul 19 03:00:48 UTC 2026
===========================================
Loading .env environment variables...
Supplier: dotw
JSON Path: /var/www/Storage-Contents/Hotel-Supplier-Raw-Contents/dotw
Output Path: /var/www/ScriptEngine/Python-Application/New-Hotel-Id-Collection-Function/id_separation_function/supplier/dotw
Server JSON Count: 227144
Database Hotel Count: 227143
Database New Today Count: 0
ITTID Done: 215632
Pending ITTID: 11511
Saved: /var/www/ScriptEngine/Python-Application/New-Hotel-Id-Collection-Function/id_separation_function/supplier/dotw/server_file_list.txt (227144 records)
Saved: /var/www/ScriptEngine/Python-Application/New-Hotel-Id-Collection-Function/id_separation_function/supplier/dotw/db_hotel_id_list.txt (227143 records)
Saved: /var/www/ScriptEngine/Python-Application/New-Hotel-Id-Collection-Function/id_separation_function/supplier/dotw/server_present_but_db_id_not_present_list.txt (1 records)
Saved: /var/www/ScriptEngine/Python-Application/New-Hotel-Id-Collection-Function/id_separation_function/supplier/dotw/db_present_but_server_json_not_present.txt (0 records)

Done.

Done.
Summary table updated.
History saved: /var/www/ScriptEngine/Python-Application/New-Hotel-Id-Collection-Function/id_separation_function/history/dotw/2026-07-19.json
Finished: dotw
End Time: Sun Jul 19 03:00:52 UTC 2026

===========================================
Running supplier: ean
Start Time: Sun Jul 19 03:00:52 UTC 2026
===========================================
Loading .env environment variables...
Supplier: ean
JSON Path: /var/www/Storage-Contents/Hotel-Supplier-Raw-Contents/ean
Output Path: /var/www/ScriptEngine/Python-Application/New-Hotel-Id-Collection-Function/id_separation_function/supplier/ean
Server JSON Count: 614819
Database Hotel Count: 614819
Database New Today Count: 0
ITTID Done: 508939
Pending ITTID: 105880
Saved: /var/www/ScriptEngine/Python-Application/New-Hotel-Id-Collection-Function/id_separation_function/supplier/ean/server_file_list.txt (614819 records)
Saved: /var/www/ScriptEngine/Python-Application/New-Hotel-Id-Collection-Function/id_separation_function/supplier/ean/db_hotel_id_list.txt (614819 records)
Saved: /var/www/ScriptEngine/Python-Application/New-Hotel-Id-Collection-Function/id_separation_function/supplier/ean/server_present_but_db_id_not_present_list.txt (0 records)
Saved: /var/www/ScriptEngine/Python-Application/New-Hotel-Id-Collection-Function/id_separation_function/supplier/ean/db_present_but_server_json_not_present.txt (0 records)

Done.

Done.
Summary table updated.
History saved: /var/www/ScriptEngine/Python-Application/New-Hotel-Id-Collection-Function/id_separation_function/history/ean/2026-07-19.json
Finished: ean
End Time: Sun Jul 19 03:01:06 UTC 2026

===========================================
Running supplier: ebookinghotel
Start Time: Sun Jul 19 03:01:06 UTC 2026
===========================================
Loading .env environment variables...
Supplier: ebookinghotel
JSON Path: /var/www/Storage-Contents/Hotel-Supplier-Raw-Contents/ebookinghotel
Output Path: /var/www/ScriptEngine/Python-Application/New-Hotel-Id-Collection-Function/id_separation_function/supplier/ebookinghotel
Server JSON Count: 878990
Database Hotel Count: 878990
Database New Today Count: 0
ITTID Done: 0
Pending ITTID: 878990
Saved: /var/www/ScriptEngine/Python-Application/New-Hotel-Id-Collection-Function/id_separation_function/supplier/ebookinghotel/server_file_list.txt (878990 records)
Saved: /var/www/ScriptEngine/Python-Application/New-Hotel-Id-Collection-Function/id_separation_function/supplier/ebookinghotel/db_hotel_id_list.txt (878990 records)
Saved: /var/www/ScriptEngine/Python-Application/New-Hotel-Id-Collection-Function/id_separation_function/supplier/ebookinghotel/server_present_but_db_id_not_present_list.txt (0 records)
Saved: /var/www/ScriptEngine/Python-Application/New-Hotel-Id-Collection-Function/id_separation_function/supplier/ebookinghotel/db_present_but_server_json_not_present.txt (0 records)

Done.

Done.
Summary table updated.
History saved: /var/www/ScriptEngine/Python-Application/New-Hotel-Id-Collection-Function/id_separation_function/history/ebookinghotel/2026-07-19.json
Finished: ebookinghotel
End Time: Sun Jul 19 03:01:22 UTC 2026

===========================================
Running supplier: goglobal
Start Time: Sun Jul 19 03:01:22 UTC 2026
===========================================
Loading .env environment variables...
Supplier: goglobal
JSON Path: /var/www/Storage-Contents/Hotel-Supplier-Raw-Contents/goglobal
Output Path: /var/www/ScriptEngine/Python-Application/New-Hotel-Id-Collection-Function/id_separation_function/supplier/goglobal
Server JSON Count: 221411
Database Hotel Count: 221393
Database New Today Count: 0
ITTID Done: 215415
Pending ITTID: 5978
Saved: /var/www/ScriptEngine/Python-Application/New-Hotel-Id-Collection-Function/id_separation_function/supplier/goglobal/server_file_list.txt (221411 records)
Saved: /var/www/ScriptEngine/Python-Application/New-Hotel-Id-Collection-Function/id_separation_function/supplier/goglobal/db_hotel_id_list.txt (221393 records)
Saved: /var/www/ScriptEngine/Python-Application/New-Hotel-Id-Collection-Function/id_separation_function/supplier/goglobal/server_present_but_db_id_not_present_list.txt (18 records)
Saved: /var/www/ScriptEngine/Python-Application/New-Hotel-Id-Collection-Function/id_separation_function/supplier/goglobal/db_present_but_server_json_not_present.txt (0 records)

Done.

Done.
Summary table updated.
History saved: /var/www/ScriptEngine/Python-Application/New-Hotel-Id-Collection-Function/id_separation_function/history/goglobal/2026-07-19.json
Finished: goglobal
End Time: Sun Jul 19 03:01:27 UTC 2026

===========================================
Running supplier: grnconnect
Start Time: Sun Jul 19 03:01:27 UTC 2026
===========================================
Loading .env environment variables...
Supplier: grnconnect
JSON Path: /var/www/Storage-Contents/Hotel-Supplier-Raw-Contents/grnconnect
Output Path: /var/www/ScriptEngine/Python-Application/New-Hotel-Id-Collection-Function/id_separation_function/supplier/grnconnect
Server JSON Count: 214625
Database Hotel Count: 214625
Database New Today Count: 0
ITTID Done: 185747
Pending ITTID: 28878
Saved: /var/www/ScriptEngine/Python-Application/New-Hotel-Id-Collection-Function/id_separation_function/supplier/grnconnect/server_file_list.txt (214625 records)
Saved: /var/www/ScriptEngine/Python-Application/New-Hotel-Id-Collection-Function/id_separation_function/supplier/grnconnect/db_hotel_id_list.txt (214625 records)
Saved: /var/www/ScriptEngine/Python-Application/New-Hotel-Id-Collection-Function/id_separation_function/supplier/grnconnect/server_present_but_db_id_not_present_list.txt (0 records)
Saved: /var/www/ScriptEngine/Python-Application/New-Hotel-Id-Collection-Function/id_separation_function/supplier/grnconnect/db_present_but_server_json_not_present.txt (0 records)

Done.

Done.
Summary table updated.
History saved: /var/www/ScriptEngine/Python-Application/New-Hotel-Id-Collection-Function/id_separation_function/history/grnconnect/2026-07-19.json
Finished: grnconnect
End Time: Sun Jul 19 03:01:32 UTC 2026

===========================================
Running supplier: hotelbeds
Start Time: Sun Jul 19 03:01:32 UTC 2026
===========================================
Loading .env environment variables...
Supplier: hotelbeds
JSON Path: /var/www/Storage-Contents/Hotel-Supplier-Raw-Contents/hotelbeds
Output Path: /var/www/ScriptEngine/Python-Application/New-Hotel-Id-Collection-Function/id_separation_function/supplier/hotelbeds
Server JSON Count: 474499
Database Hotel Count: 474499
Database New Today Count: 0
ITTID Done: 452381
Pending ITTID: 22118
Saved: /var/www/ScriptEngine/Python-Application/New-Hotel-Id-Collection-Function/id_separation_function/supplier/hotelbeds/server_file_list.txt (474499 records)
Saved: /var/www/ScriptEngine/Python-Application/New-Hotel-Id-Collection-Function/id_separation_function/supplier/hotelbeds/db_hotel_id_list.txt (474499 records)
Saved: /var/www/ScriptEngine/Python-Application/New-Hotel-Id-Collection-Function/id_separation_function/supplier/hotelbeds/server_present_but_db_id_not_present_list.txt (0 records)
Saved: /var/www/ScriptEngine/Python-Application/New-Hotel-Id-Collection-Function/id_separation_function/supplier/hotelbeds/db_present_but_server_json_not_present.txt (0 records)

Done.

Done.
Summary table updated.
History saved: /var/www/ScriptEngine/Python-Application/New-Hotel-Id-Collection-Function/id_separation_function/history/hotelbeds/2026-07-19.json
Finished: hotelbeds
End Time: Sun Jul 19 03:01:45 UTC 2026

===========================================
Running supplier: hotelston
Start Time: Sun Jul 19 03:01:45 UTC 2026
===========================================
Loading .env environment variables...
Supplier: hotelston
JSON Path: /var/www/Storage-Contents/Hotel-Supplier-Raw-Contents/hotelston
Output Path: /var/www/ScriptEngine/Python-Application/New-Hotel-Id-Collection-Function/id_separation_function/supplier/hotelston
Server JSON Count: 3693299
Database Hotel Count: 3693299
Database New Today Count: 0
ITTID Done: 603685
Pending ITTID: 3089614
Saved: /var/www/ScriptEngine/Python-Application/New-Hotel-Id-Collection-Function/id_separation_function/supplier/hotelston/server_file_list.txt (3693299 records)
Saved: /var/www/ScriptEngine/Python-Application/New-Hotel-Id-Collection-Function/id_separation_function/supplier/hotelston/db_hotel_id_list.txt (3693299 records)
Saved: /var/www/ScriptEngine/Python-Application/New-Hotel-Id-Collection-Function/id_separation_function/supplier/hotelston/server_present_but_db_id_not_present_list.txt (0 records)
Saved: /var/www/ScriptEngine/Python-Application/New-Hotel-Id-Collection-Function/id_separation_function/supplier/hotelston/db_present_but_server_json_not_present.txt (0 records)

Done.

Done.
Summary table updated.
History saved: /var/www/ScriptEngine/Python-Application/New-Hotel-Id-Collection-Function/id_separation_function/history/hotelston/2026-07-19.json
Finished: hotelston
End Time: Sun Jul 19 03:03:30 UTC 2026

===========================================
Running supplier: hyperguestdirect
Start Time: Sun Jul 19 03:03:30 UTC 2026
===========================================
Loading .env environment variables...
Supplier: hyperguestdirect
JSON Path: /var/www/Storage-Contents/Hotel-Supplier-Raw-Contents/hyperguestdirect
Output Path: /var/www/ScriptEngine/Python-Application/New-Hotel-Id-Collection-Function/id_separation_function/supplier/hyperguestdirect
Server JSON Count: 66383
Database Hotel Count: 66383
Database New Today Count: 0
ITTID Done: 49276
Pending ITTID: 17107
Saved: /var/www/ScriptEngine/Python-Application/New-Hotel-Id-Collection-Function/id_separation_function/supplier/hyperguestdirect/server_file_list.txt (66383 records)
Saved: /var/www/ScriptEngine/Python-Application/New-Hotel-Id-Collection-Function/id_separation_function/supplier/hyperguestdirect/db_hotel_id_list.txt (66383 records)
Saved: /var/www/ScriptEngine/Python-Application/New-Hotel-Id-Collection-Function/id_separation_function/supplier/hyperguestdirect/server_present_but_db_id_not_present_list.txt (0 records)
Saved: /var/www/ScriptEngine/Python-Application/New-Hotel-Id-Collection-Function/id_separation_function/supplier/hyperguestdirect/db_present_but_server_json_not_present.txt (0 records)

Done.

Done.
Summary table updated.
History saved: /var/www/ScriptEngine/Python-Application/New-Hotel-Id-Collection-Function/id_separation_function/history/hyperguestdirect/2026-07-19.json
Finished: hyperguestdirect
End Time: Sun Jul 19 03:03:32 UTC 2026

===========================================
Running supplier: illusionshotel
Start Time: Sun Jul 19 03:03:32 UTC 2026
===========================================
Loading .env environment variables...
Supplier: illusionshotel
JSON Path: /var/www/Storage-Contents/Hotel-Supplier-Raw-Contents/illusionshotel
Output Path: /var/www/ScriptEngine/Python-Application/New-Hotel-Id-Collection-Function/id_separation_function/supplier/illusionshotel
Server JSON Count: 395727
Database Hotel Count: 395727
Database New Today Count: 0
ITTID Done: 42240
Pending ITTID: 353487
Saved: /var/www/ScriptEngine/Python-Application/New-Hotel-Id-Collection-Function/id_separation_function/supplier/illusionshotel/server_file_list.txt (395727 records)
Saved: /var/www/ScriptEngine/Python-Application/New-Hotel-Id-Collection-Function/id_separation_function/supplier/illusionshotel/db_hotel_id_list.txt (395727 records)
Saved: /var/www/ScriptEngine/Python-Application/New-Hotel-Id-Collection-Function/id_separation_function/supplier/illusionshotel/server_present_but_db_id_not_present_list.txt (0 records)
Saved: /var/www/ScriptEngine/Python-Application/New-Hotel-Id-Collection-Function/id_separation_function/supplier/illusionshotel/db_present_but_server_json_not_present.txt (0 records)

Done.

Done.
Summary table updated.
History saved: /var/www/ScriptEngine/Python-Application/New-Hotel-Id-Collection-Function/id_separation_function/history/illusionshotel/2026-07-19.json
Finished: illusionshotel
End Time: Sun Jul 19 03:03:38 UTC 2026

===========================================
Running supplier: innstant
Start Time: Sun Jul 19 03:03:38 UTC 2026
===========================================
Loading .env environment variables...
Supplier: innstant
JSON Path: /var/www/Storage-Contents/Hotel-Supplier-Raw-Contents/innstant
Output Path: /var/www/ScriptEngine/Python-Application/New-Hotel-Id-Collection-Function/id_separation_function/supplier/innstant
Server JSON Count: 649448
Database Hotel Count: 649436
Database New Today Count: 0
ITTID Done: 472508
Pending ITTID: 176928
Saved: /var/www/ScriptEngine/Python-Application/New-Hotel-Id-Collection-Function/id_separation_function/supplier/innstant/server_file_list.txt (649448 records)
Saved: /var/www/ScriptEngine/Python-Application/New-Hotel-Id-Collection-Function/id_separation_function/supplier/innstant/db_hotel_id_list.txt (649436 records)
Saved: /var/www/ScriptEngine/Python-Application/New-Hotel-Id-Collection-Function/id_separation_function/supplier/innstant/server_present_but_db_id_not_present_list.txt (12 records)
Saved: /var/www/ScriptEngine/Python-Application/New-Hotel-Id-Collection-Function/id_separation_function/supplier/innstant/db_present_but_server_json_not_present.txt (0 records)

Done.

Done.
Summary table updated.
History saved: /var/www/ScriptEngine/Python-Application/New-Hotel-Id-Collection-Function/id_separation_function/history/innstant/2026-07-19.json
Finished: innstant
End Time: Sun Jul 19 03:03:48 UTC 2026

===========================================
Running supplier: juniperhotel
Start Time: Sun Jul 19 03:03:48 UTC 2026
===========================================
Loading .env environment variables...
Supplier: juniperhotel
JSON Path: /var/www/Storage-Contents/Hotel-Supplier-Raw-Contents/juniperhotel
Output Path: /var/www/ScriptEngine/Python-Application/New-Hotel-Id-Collection-Function/id_separation_function/supplier/juniperhotel
Server JSON Count: 428859
Database Hotel Count: 429113
Database New Today Count: 0
ITTID Done: 427080
Pending ITTID: 2033
Saved: /var/www/ScriptEngine/Python-Application/New-Hotel-Id-Collection-Function/id_separation_function/supplier/juniperhotel/server_file_list.txt (428859 records)
Saved: /var/www/ScriptEngine/Python-Application/New-Hotel-Id-Collection-Function/id_separation_function/supplier/juniperhotel/db_hotel_id_list.txt (429113 records)
Saved: /var/www/ScriptEngine/Python-Application/New-Hotel-Id-Collection-Function/id_separation_function/supplier/juniperhotel/server_present_but_db_id_not_present_list.txt (0 records)
Saved: /var/www/ScriptEngine/Python-Application/New-Hotel-Id-Collection-Function/id_separation_function/supplier/juniperhotel/db_present_but_server_json_not_present.txt (254 records)

Done.

Done.
Summary table updated.
History saved: /var/www/ScriptEngine/Python-Application/New-Hotel-Id-Collection-Function/id_separation_function/history/juniperhotel/2026-07-19.json
Finished: juniperhotel
End Time: Sun Jul 19 03:03:59 UTC 2026

===========================================
Running supplier: kiwihotel
Start Time: Sun Jul 19 03:03:59 UTC 2026
===========================================
Loading .env environment variables...
Supplier: kiwihotel
JSON Path: /var/www/Storage-Contents/Hotel-Supplier-Raw-Contents/kiwihotel
Output Path: /var/www/ScriptEngine/Python-Application/New-Hotel-Id-Collection-Function/id_separation_function/supplier/kiwihotel
Server JSON Count: 1943
Database Hotel Count: 1943
Database New Today Count: 0
ITTID Done: 0
Pending ITTID: 1943
Saved: /var/www/ScriptEngine/Python-Application/New-Hotel-Id-Collection-Function/id_separation_function/supplier/kiwihotel/server_file_list.txt (1943 records)
Saved: /var/www/ScriptEngine/Python-Application/New-Hotel-Id-Collection-Function/id_separation_function/supplier/kiwihotel/db_hotel_id_list.txt (1943 records)
Saved: /var/www/ScriptEngine/Python-Application/New-Hotel-Id-Collection-Function/id_separation_function/supplier/kiwihotel/server_present_but_db_id_not_present_list.txt (0 records)
Saved: /var/www/ScriptEngine/Python-Application/New-Hotel-Id-Collection-Function/id_separation_function/supplier/kiwihotel/db_present_but_server_json_not_present.txt (0 records)

Done.

Done.
Summary table updated.
History saved: /var/www/ScriptEngine/Python-Application/New-Hotel-Id-Collection-Function/id_separation_function/history/kiwihotel/2026-07-19.json
Finished: kiwihotel
End Time: Sun Jul 19 03:04:00 UTC 2026

===========================================
Running supplier: mgholiday
Start Time: Sun Jul 19 03:04:00 UTC 2026
===========================================
Loading .env environment variables...
Supplier: mgholiday
JSON Path: /var/www/Storage-Contents/Hotel-Supplier-Raw-Contents/mgholiday
Output Path: /var/www/ScriptEngine/Python-Application/New-Hotel-Id-Collection-Function/id_separation_function/supplier/mgholiday
Server JSON Count: 235066
Database Hotel Count: 235065
Database New Today Count: 0
ITTID Done: 196322
Pending ITTID: 38743
Saved: /var/www/ScriptEngine/Python-Application/New-Hotel-Id-Collection-Function/id_separation_function/supplier/mgholiday/server_file_list.txt (235066 records)
Saved: /var/www/ScriptEngine/Python-Application/New-Hotel-Id-Collection-Function/id_separation_function/supplier/mgholiday/db_hotel_id_list.txt (235065 records)
Saved: /var/www/ScriptEngine/Python-Application/New-Hotel-Id-Collection-Function/id_separation_function/supplier/mgholiday/server_present_but_db_id_not_present_list.txt (2 records)
Saved: /var/www/ScriptEngine/Python-Application/New-Hotel-Id-Collection-Function/id_separation_function/supplier/mgholiday/db_present_but_server_json_not_present.txt (1 records)

Done.

Done.
Summary table updated.
History saved: /var/www/ScriptEngine/Python-Application/New-Hotel-Id-Collection-Function/id_separation_function/history/mgholiday/2026-07-19.json
Finished: mgholiday
End Time: Sun Jul 19 03:04:05 UTC 2026

===========================================
Running supplier: paximumhotel
Start Time: Sun Jul 19 03:04:05 UTC 2026
===========================================
Loading .env environment variables...
Supplier: paximumhotel
JSON Path: /var/www/Storage-Contents/Hotel-Supplier-Raw-Contents/paximumhotel
Output Path: /var/www/ScriptEngine/Python-Application/New-Hotel-Id-Collection-Function/id_separation_function/supplier/paximumhotel
Server JSON Count: 1385502
Database Hotel Count: 1385589
Database New Today Count: 0
ITTID Done: 109901
Pending ITTID: 1275688
Saved: /var/www/ScriptEngine/Python-Application/New-Hotel-Id-Collection-Function/id_separation_function/supplier/paximumhotel/server_file_list.txt (1385502 records)
Saved: /var/www/ScriptEngine/Python-Application/New-Hotel-Id-Collection-Function/id_separation_function/supplier/paximumhotel/db_hotel_id_list.txt (1385589 records)
Saved: /var/www/ScriptEngine/Python-Application/New-Hotel-Id-Collection-Function/id_separation_function/supplier/paximumhotel/server_present_but_db_id_not_present_list.txt (0 records)
Saved: /var/www/ScriptEngine/Python-Application/New-Hotel-Id-Collection-Function/id_separation_function/supplier/paximumhotel/db_present_but_server_json_not_present.txt (87 records)

Done.

Done.
Summary table updated.
History saved: /var/www/ScriptEngine/Python-Application/New-Hotel-Id-Collection-Function/id_separation_function/history/paximumhotel/2026-07-19.json
Finished: paximumhotel
End Time: Sun Jul 19 03:04:26 UTC 2026

===========================================
Running supplier: rakuten
Start Time: Sun Jul 19 03:04:26 UTC 2026
===========================================
Loading .env environment variables...
Supplier: rakuten
JSON Path: /var/www/Storage-Contents/Hotel-Supplier-Raw-Contents/rakuten
Output Path: /var/www/ScriptEngine/Python-Application/New-Hotel-Id-Collection-Function/id_separation_function/supplier/rakuten
Server JSON Count: 37864
Database Hotel Count: 37587
Database New Today Count: 0
ITTID Done: 14079
Pending ITTID: 23508
Saved: /var/www/ScriptEngine/Python-Application/New-Hotel-Id-Collection-Function/id_separation_function/supplier/rakuten/server_file_list.txt (37864 records)
Saved: /var/www/ScriptEngine/Python-Application/New-Hotel-Id-Collection-Function/id_separation_function/supplier/rakuten/db_hotel_id_list.txt (37587 records)
Saved: /var/www/ScriptEngine/Python-Application/New-Hotel-Id-Collection-Function/id_separation_function/supplier/rakuten/server_present_but_db_id_not_present_list.txt (277 records)
Saved: /var/www/ScriptEngine/Python-Application/New-Hotel-Id-Collection-Function/id_separation_function/supplier/rakuten/db_present_but_server_json_not_present.txt (0 records)

Done.

Done.
Summary table updated.
History saved: /var/www/ScriptEngine/Python-Application/New-Hotel-Id-Collection-Function/id_separation_function/history/rakuten/2026-07-19.json
Finished: rakuten
End Time: Sun Jul 19 03:04:27 UTC 2026

===========================================
Running supplier: ratehawkhotel
Start Time: Sun Jul 19 03:04:27 UTC 2026
===========================================
Loading .env environment variables...
Supplier: ratehawkhotel
JSON Path: /var/www/Storage-Contents/Hotel-Supplier-Raw-Contents/ratehawkhotel
Output Path: /var/www/ScriptEngine/Python-Application/New-Hotel-Id-Collection-Function/id_separation_function/supplier/ratehawkhotel
Server JSON Count: 2771496
Database Hotel Count: 2767557
Database New Today Count: 0
ITTID Done: 1372051
Pending ITTID: 1395506
Saved: /var/www/ScriptEngine/Python-Application/New-Hotel-Id-Collection-Function/id_separation_function/supplier/ratehawkhotel/server_file_list.txt (2771496 records)
Saved: /var/www/ScriptEngine/Python-Application/New-Hotel-Id-Collection-Function/id_separation_function/supplier/ratehawkhotel/db_hotel_id_list.txt (2767557 records)
Saved: /var/www/ScriptEngine/Python-Application/New-Hotel-Id-Collection-Function/id_separation_function/supplier/ratehawkhotel/server_present_but_db_id_not_present_list.txt (4902 records)
Saved: /var/www/ScriptEngine/Python-Application/New-Hotel-Id-Collection-Function/id_separation_function/supplier/ratehawkhotel/db_present_but_server_json_not_present.txt (963 records)

Done.

Done.
Summary table updated.
History saved: /var/www/ScriptEngine/Python-Application/New-Hotel-Id-Collection-Function/id_separation_function/history/ratehawkhotel/2026-07-19.json
Finished: ratehawkhotel
End Time: Sun Jul 19 03:05:15 UTC 2026

===========================================
Running supplier: restel
Start Time: Sun Jul 19 03:05:15 UTC 2026
===========================================
Loading .env environment variables...
Supplier: restel
JSON Path: /var/www/Storage-Contents/Hotel-Supplier-Raw-Contents/restel
Output Path: /var/www/ScriptEngine/Python-Application/New-Hotel-Id-Collection-Function/id_separation_function/supplier/restel
Server JSON Count: 144452
Database Hotel Count: 144445
Database New Today Count: 0
ITTID Done: 87229
Pending ITTID: 57216
Saved: /var/www/ScriptEngine/Python-Application/New-Hotel-Id-Collection-Function/id_separation_function/supplier/restel/server_file_list.txt (144452 records)
Saved: /var/www/ScriptEngine/Python-Application/New-Hotel-Id-Collection-Function/id_separation_function/supplier/restel/db_hotel_id_list.txt (144445 records)
Saved: /var/www/ScriptEngine/Python-Application/New-Hotel-Id-Collection-Function/id_separation_function/supplier/restel/server_present_but_db_id_not_present_list.txt (7 records)
Saved: /var/www/ScriptEngine/Python-Application/New-Hotel-Id-Collection-Function/id_separation_function/supplier/restel/db_present_but_server_json_not_present.txt (0 records)

Done.

Done.
Summary table updated.
History saved: /var/www/ScriptEngine/Python-Application/New-Hotel-Id-Collection-Function/id_separation_function/history/restel/2026-07-19.json
Finished: restel
End Time: Sun Jul 19 03:05:18 UTC 2026

===========================================
Running supplier: rnrhotel
Start Time: Sun Jul 19 03:05:18 UTC 2026
===========================================
Loading .env environment variables...
Supplier: rnrhotel
JSON Path: /var/www/Storage-Contents/Hotel-Supplier-Raw-Contents/rnrhotel
Output Path: /var/www/ScriptEngine/Python-Application/New-Hotel-Id-Collection-Function/id_separation_function/supplier/rnrhotel
Server JSON Count: 112
Database Hotel Count: 112
Database New Today Count: 0
ITTID Done: 106
Pending ITTID: 6
Saved: /var/www/ScriptEngine/Python-Application/New-Hotel-Id-Collection-Function/id_separation_function/supplier/rnrhotel/server_file_list.txt (112 records)
Saved: /var/www/ScriptEngine/Python-Application/New-Hotel-Id-Collection-Function/id_separation_function/supplier/rnrhotel/db_hotel_id_list.txt (112 records)
Saved: /var/www/ScriptEngine/Python-Application/New-Hotel-Id-Collection-Function/id_separation_function/supplier/rnrhotel/server_present_but_db_id_not_present_list.txt (0 records)
Saved: /var/www/ScriptEngine/Python-Application/New-Hotel-Id-Collection-Function/id_separation_function/supplier/rnrhotel/db_present_but_server_json_not_present.txt (0 records)

Done.

Done.
Summary table updated.
History saved: /var/www/ScriptEngine/Python-Application/New-Hotel-Id-Collection-Function/id_separation_function/history/rnrhotel/2026-07-19.json
Finished: rnrhotel
End Time: Sun Jul 19 03:05:19 UTC 2026

===========================================
Running supplier: roomerang
Start Time: Sun Jul 19 03:05:19 UTC 2026
===========================================
Loading .env environment variables...
Supplier: roomerang
JSON Path: /var/www/Storage-Contents/Hotel-Supplier-Raw-Contents/roomerang
Output Path: /var/www/ScriptEngine/Python-Application/New-Hotel-Id-Collection-Function/id_separation_function/supplier/roomerang
Server JSON Count: 708546
Database Hotel Count: 708527
Database New Today Count: 0
ITTID Done: 181282
Pending ITTID: 527245
Saved: /var/www/ScriptEngine/Python-Application/New-Hotel-Id-Collection-Function/id_separation_function/supplier/roomerang/server_file_list.txt (708546 records)
Saved: /var/www/ScriptEngine/Python-Application/New-Hotel-Id-Collection-Function/id_separation_function/supplier/roomerang/db_hotel_id_list.txt (708527 records)
Saved: /var/www/ScriptEngine/Python-Application/New-Hotel-Id-Collection-Function/id_separation_function/supplier/roomerang/server_present_but_db_id_not_present_list.txt (19 records)
Saved: /var/www/ScriptEngine/Python-Application/New-Hotel-Id-Collection-Function/id_separation_function/supplier/roomerang/db_present_but_server_json_not_present.txt (0 records)

Done.

Done.
Summary table updated.
History saved: /var/www/ScriptEngine/Python-Application/New-Hotel-Id-Collection-Function/id_separation_function/history/roomerang/2026-07-19.json
Finished: roomerang
End Time: Sun Jul 19 03:05:30 UTC 2026

===========================================
Running supplier: stuba
Start Time: Sun Jul 19 03:05:30 UTC 2026
===========================================
Loading .env environment variables...
Supplier: stuba
JSON Path: /var/www/Storage-Contents/Hotel-Supplier-Raw-Contents/stuba
Output Path: /var/www/ScriptEngine/Python-Application/New-Hotel-Id-Collection-Function/id_separation_function/supplier/stuba
Server JSON Count: 128611
Database Hotel Count: 128611
Database New Today Count: 0
ITTID Done: 115926
Pending ITTID: 12685
Saved: /var/www/ScriptEngine/Python-Application/New-Hotel-Id-Collection-Function/id_separation_function/supplier/stuba/server_file_list.txt (128611 records)
Saved: /var/www/ScriptEngine/Python-Application/New-Hotel-Id-Collection-Function/id_separation_function/supplier/stuba/db_hotel_id_list.txt (128611 records)
Saved: /var/www/ScriptEngine/Python-Application/New-Hotel-Id-Collection-Function/id_separation_function/supplier/stuba/server_present_but_db_id_not_present_list.txt (0 records)
Saved: /var/www/ScriptEngine/Python-Application/New-Hotel-Id-Collection-Function/id_separation_function/supplier/stuba/db_present_but_server_json_not_present.txt (0 records)

Done.

Done.
Summary table updated.
History saved: /var/www/ScriptEngine/Python-Application/New-Hotel-Id-Collection-Function/id_separation_function/history/stuba/2026-07-19.json
Finished: stuba
End Time: Sun Jul 19 03:05:32 UTC 2026

===========================================
Running supplier: tbohotel
Start Time: Sun Jul 19 03:05:32 UTC 2026
===========================================
Loading .env environment variables...
Supplier: tbohotel
JSON Path: /var/www/Storage-Contents/Hotel-Supplier-Raw-Contents/tbohotel
Output Path: /var/www/ScriptEngine/Python-Application/New-Hotel-Id-Collection-Function/id_separation_function/supplier/tbohotel
Server JSON Count: 1048319
Database Hotel Count: 1048319
Database New Today Count: 0
ITTID Done: 1035336
Pending ITTID: 12983
Saved: /var/www/ScriptEngine/Python-Application/New-Hotel-Id-Collection-Function/id_separation_function/supplier/tbohotel/server_file_list.txt (1048319 records)
Saved: /var/www/ScriptEngine/Python-Application/New-Hotel-Id-Collection-Function/id_separation_function/supplier/tbohotel/db_hotel_id_list.txt (1048319 records)
Saved: /var/www/ScriptEngine/Python-Application/New-Hotel-Id-Collection-Function/id_separation_function/supplier/tbohotel/server_present_but_db_id_not_present_list.txt (0 records)
Saved: /var/www/ScriptEngine/Python-Application/New-Hotel-Id-Collection-Function/id_separation_function/supplier/tbohotel/db_present_but_server_json_not_present.txt (0 records)

Done.

Done.
Summary table updated.
History saved: /var/www/ScriptEngine/Python-Application/New-Hotel-Id-Collection-Function/id_separation_function/history/tbohotel/2026-07-19.json
Finished: tbohotel
End Time: Sun Jul 19 03:05:51 UTC 2026

===========================================
Running supplier: travelrobothotel
Start Time: Sun Jul 19 03:05:51 UTC 2026
===========================================
Loading .env environment variables...
Supplier: travelrobothotel
JSON Path: /var/www/Storage-Contents/Hotel-Supplier-Raw-Contents/travelrobothotel
Output Path: /var/www/ScriptEngine/Python-Application/New-Hotel-Id-Collection-Function/id_separation_function/supplier/travelrobothotel
Server JSON Count: 1461694
Database Hotel Count: 1461693
Database New Today Count: 0
ITTID Done: 0
Pending ITTID: 1461693
Saved: /var/www/ScriptEngine/Python-Application/New-Hotel-Id-Collection-Function/id_separation_function/supplier/travelrobothotel/server_file_list.txt (1461694 records)
Saved: /var/www/ScriptEngine/Python-Application/New-Hotel-Id-Collection-Function/id_separation_function/supplier/travelrobothotel/db_hotel_id_list.txt (1461693 records)
Saved: /var/www/ScriptEngine/Python-Application/New-Hotel-Id-Collection-Function/id_separation_function/supplier/travelrobothotel/server_present_but_db_id_not_present_list.txt (1 records)
Saved: /var/www/ScriptEngine/Python-Application/New-Hotel-Id-Collection-Function/id_separation_function/supplier/travelrobothotel/db_present_but_server_json_not_present.txt (0 records)

Done.

Done.
Summary table updated.
History saved: /var/www/ScriptEngine/Python-Application/New-Hotel-Id-Collection-Function/id_separation_function/history/travelrobothotel/2026-07-19.json
Finished: travelrobothotel
End Time: Sun Jul 19 03:06:13 UTC 2026

===========================================
All suppliers completed.
Finished at: Sun Jul 19 03:06:13 UTC 2026
===========================================
===========================================
Started at: Sun Jul 19 21:00:01 UTC 2026
===========================================

===========================================
Running supplier: agoda
Start Time: Sun Jul 19 21:00:01 UTC 2026
===========================================
Loading .env environment variables...
Supplier: agoda
JSON Path: /var/www/Storage-Contents/Hotel-Supplier-Raw-Contents/agoda
Output Path: /var/www/ScriptEngine/Python-Application/New-Hotel-Id-Collection-Function/id_separation_function/supplier/agoda
Server JSON Count: 1022408
Database Hotel Count: 1022408
Database New Today Count: 2640
ITTID Done: 1016793
Pending ITTID: 5615
Saved: /var/www/ScriptEngine/Python-Application/New-Hotel-Id-Collection-Function/id_separation_function/supplier/agoda/server_file_list.txt (1022408 records)
Saved: /var/www/ScriptEngine/Python-Application/New-Hotel-Id-Collection-Function/id_separation_function/supplier/agoda/db_hotel_id_list.txt (1022408 records)
Saved: /var/www/ScriptEngine/Python-Application/New-Hotel-Id-Collection-Function/id_separation_function/supplier/agoda/server_present_but_db_id_not_present_list.txt (0 records)
Saved: /var/www/ScriptEngine/Python-Application/New-Hotel-Id-Collection-Function/id_separation_function/supplier/agoda/db_present_but_server_json_not_present.txt (0 records)

Done.

Done.
Summary table updated.
History saved: /var/www/ScriptEngine/Python-Application/New-Hotel-Id-Collection-Function/id_separation_function/history/agoda/2026-07-19.json
Finished: agoda
End Time: Sun Jul 19 21:00:29 UTC 2026

===========================================
Running supplier: amadeushotel
Start Time: Sun Jul 19 21:00:29 UTC 2026
===========================================
Loading .env environment variables...
Supplier: amadeushotel
JSON Path: /var/www/Storage-Contents/Hotel-Supplier-Raw-Contents/amadeushotel
Output Path: /var/www/ScriptEngine/Python-Application/New-Hotel-Id-Collection-Function/id_separation_function/supplier/amadeushotel
Server JSON Count: 94196
Database Hotel Count: 94196
Database New Today Count: 0
ITTID Done: 0
Pending ITTID: 94196
Saved: /var/www/ScriptEngine/Python-Application/New-Hotel-Id-Collection-Function/id_separation_function/supplier/amadeushotel/server_file_list.txt (94196 records)
Saved: /var/www/ScriptEngine/Python-Application/New-Hotel-Id-Collection-Function/id_separation_function/supplier/amadeushotel/db_hotel_id_list.txt (94196 records)
Saved: /var/www/ScriptEngine/Python-Application/New-Hotel-Id-Collection-Function/id_separation_function/supplier/amadeushotel/server_present_but_db_id_not_present_list.txt (0 records)
Saved: /var/www/ScriptEngine/Python-Application/New-Hotel-Id-Collection-Function/id_separation_function/supplier/amadeushotel/db_present_but_server_json_not_present.txt (0 records)

Done.

Done.
Summary table updated.
History saved: /var/www/ScriptEngine/Python-Application/New-Hotel-Id-Collection-Function/id_separation_function/history/amadeushotel/2026-07-19.json
Finished: amadeushotel
End Time: Sun Jul 19 21:00:31 UTC 2026

===========================================
Running supplier: didahotel
Start Time: Sun Jul 19 21:00:31 UTC 2026
===========================================
Loading .env environment variables...
Supplier: didahotel
JSON Path: /var/www/Storage-Contents/Hotel-Supplier-Raw-Contents/didahotel
Output Path: /var/www/ScriptEngine/Python-Application/New-Hotel-Id-Collection-Function/id_separation_function/supplier/didahotel
Server JSON Count: 209784
Database Hotel Count: 209784
Database New Today Count: 0
ITTID Done: 180322
Pending ITTID: 29462
Saved: /var/www/ScriptEngine/Python-Application/New-Hotel-Id-Collection-Function/id_separation_function/supplier/didahotel/server_file_list.txt (209784 records)
Saved: /var/www/ScriptEngine/Python-Application/New-Hotel-Id-Collection-Function/id_separation_function/supplier/didahotel/db_hotel_id_list.txt (209784 records)
Saved: /var/www/ScriptEngine/Python-Application/New-Hotel-Id-Collection-Function/id_separation_function/supplier/didahotel/server_present_but_db_id_not_present_list.txt (0 records)
Saved: /var/www/ScriptEngine/Python-Application/New-Hotel-Id-Collection-Function/id_separation_function/supplier/didahotel/db_present_but_server_json_not_present.txt (0 records)

Done.

Done.
Summary table updated.
History saved: /var/www/ScriptEngine/Python-Application/New-Hotel-Id-Collection-Function/id_separation_function/history/didahotel/2026-07-19.json
Finished: didahotel
End Time: Sun Jul 19 21:00:36 UTC 2026

===========================================
Running supplier: dotw
Start Time: Sun Jul 19 21:00:36 UTC 2026
===========================================
Loading .env environment variables...
Supplier: dotw
JSON Path: /var/www/Storage-Contents/Hotel-Supplier-Raw-Contents/dotw
Output Path: /var/www/ScriptEngine/Python-Application/New-Hotel-Id-Collection-Function/id_separation_function/supplier/dotw
Server JSON Count: 227144
Database Hotel Count: 227143
Database New Today Count: 0
ITTID Done: 215632
Pending ITTID: 11511
Saved: /var/www/ScriptEngine/Python-Application/New-Hotel-Id-Collection-Function/id_separation_function/supplier/dotw/server_file_list.txt (227144 records)
Saved: /var/www/ScriptEngine/Python-Application/New-Hotel-Id-Collection-Function/id_separation_function/supplier/dotw/db_hotel_id_list.txt (227143 records)
Saved: /var/www/ScriptEngine/Python-Application/New-Hotel-Id-Collection-Function/id_separation_function/supplier/dotw/server_present_but_db_id_not_present_list.txt (1 records)
Saved: /var/www/ScriptEngine/Python-Application/New-Hotel-Id-Collection-Function/id_separation_function/supplier/dotw/db_present_but_server_json_not_present.txt (0 records)

Done.

Done.
Summary table updated.
History saved: /var/www/ScriptEngine/Python-Application/New-Hotel-Id-Collection-Function/id_separation_function/history/dotw/2026-07-19.json
Finished: dotw
End Time: Sun Jul 19 21:00:41 UTC 2026

===========================================
Running supplier: ean
Start Time: Sun Jul 19 21:00:41 UTC 2026
===========================================
Loading .env environment variables...
Supplier: ean
JSON Path: /var/www/Storage-Contents/Hotel-Supplier-Raw-Contents/ean
Output Path: /var/www/ScriptEngine/Python-Application/New-Hotel-Id-Collection-Function/id_separation_function/supplier/ean
Server JSON Count: 615743
Database Hotel Count: 615743
Database New Today Count: 924
ITTID Done: 508940
Pending ITTID: 106803
Saved: /var/www/ScriptEngine/Python-Application/New-Hotel-Id-Collection-Function/id_separation_function/supplier/ean/server_file_list.txt (615743 records)
Saved: /var/www/ScriptEngine/Python-Application/New-Hotel-Id-Collection-Function/id_separation_function/supplier/ean/db_hotel_id_list.txt (615743 records)
Saved: /var/www/ScriptEngine/Python-Application/New-Hotel-Id-Collection-Function/id_separation_function/supplier/ean/server_present_but_db_id_not_present_list.txt (0 records)
Saved: /var/www/ScriptEngine/Python-Application/New-Hotel-Id-Collection-Function/id_separation_function/supplier/ean/db_present_but_server_json_not_present.txt (0 records)

Done.

Done.
Summary table updated.
History saved: /var/www/ScriptEngine/Python-Application/New-Hotel-Id-Collection-Function/id_separation_function/history/ean/2026-07-19.json
Finished: ean
End Time: Sun Jul 19 21:00:53 UTC 2026

===========================================
Running supplier: ebookinghotel
Start Time: Sun Jul 19 21:00:53 UTC 2026
===========================================
Loading .env environment variables...
Supplier: ebookinghotel
JSON Path: /var/www/Storage-Contents/Hotel-Supplier-Raw-Contents/ebookinghotel
Output Path: /var/www/ScriptEngine/Python-Application/New-Hotel-Id-Collection-Function/id_separation_function/supplier/ebookinghotel
Server JSON Count: 878990
Database Hotel Count: 878990
Database New Today Count: 0
ITTID Done: 0
Pending ITTID: 878990
Saved: /var/www/ScriptEngine/Python-Application/New-Hotel-Id-Collection-Function/id_separation_function/supplier/ebookinghotel/server_file_list.txt (878990 records)
Saved: /var/www/ScriptEngine/Python-Application/New-Hotel-Id-Collection-Function/id_separation_function/supplier/ebookinghotel/db_hotel_id_list.txt (878990 records)
Saved: /var/www/ScriptEngine/Python-Application/New-Hotel-Id-Collection-Function/id_separation_function/supplier/ebookinghotel/server_present_but_db_id_not_present_list.txt (0 records)
Saved: /var/www/ScriptEngine/Python-Application/New-Hotel-Id-Collection-Function/id_separation_function/supplier/ebookinghotel/db_present_but_server_json_not_present.txt (0 records)

Done.

Done.
Summary table updated.
History saved: /var/www/ScriptEngine/Python-Application/New-Hotel-Id-Collection-Function/id_separation_function/history/ebookinghotel/2026-07-19.json
Finished: ebookinghotel
End Time: Sun Jul 19 21:01:10 UTC 2026

===========================================
Running supplier: goglobal
Start Time: Sun Jul 19 21:01:10 UTC 2026
===========================================
Loading .env environment variables...
Supplier: goglobal
JSON Path: /var/www/Storage-Contents/Hotel-Supplier-Raw-Contents/goglobal
Output Path: /var/www/ScriptEngine/Python-Application/New-Hotel-Id-Collection-Function/id_separation_function/supplier/goglobal
Server JSON Count: 221411
Database Hotel Count: 221393
Database New Today Count: 0
ITTID Done: 215415
Pending ITTID: 5978
Saved: /var/www/ScriptEngine/Python-Application/New-Hotel-Id-Collection-Function/id_separation_function/supplier/goglobal/server_file_list.txt (221411 records)
Saved: /var/www/ScriptEngine/Python-Application/New-Hotel-Id-Collection-Function/id_separation_function/supplier/goglobal/db_hotel_id_list.txt (221393 records)
Saved: /var/www/ScriptEngine/Python-Application/New-Hotel-Id-Collection-Function/id_separation_function/supplier/goglobal/server_present_but_db_id_not_present_list.txt (18 records)
Saved: /var/www/ScriptEngine/Python-Application/New-Hotel-Id-Collection-Function/id_separation_function/supplier/goglobal/db_present_but_server_json_not_present.txt (0 records)

Done.

Done.
Summary table updated.
History saved: /var/www/ScriptEngine/Python-Application/New-Hotel-Id-Collection-Function/id_separation_function/history/goglobal/2026-07-19.json
Finished: goglobal
End Time: Sun Jul 19 21:01:15 UTC 2026

===========================================
Running supplier: grnconnect
Start Time: Sun Jul 19 21:01:15 UTC 2026
===========================================
Loading .env environment variables...
Supplier: grnconnect
JSON Path: /var/www/Storage-Contents/Hotel-Supplier-Raw-Contents/grnconnect
Output Path: /var/www/ScriptEngine/Python-Application/New-Hotel-Id-Collection-Function/id_separation_function/supplier/grnconnect
Server JSON Count: 214625
Database Hotel Count: 214625
Database New Today Count: 0
ITTID Done: 185747
Pending ITTID: 28878
Saved: /var/www/ScriptEngine/Python-Application/New-Hotel-Id-Collection-Function/id_separation_function/supplier/grnconnect/server_file_list.txt (214625 records)
Saved: /var/www/ScriptEngine/Python-Application/New-Hotel-Id-Collection-Function/id_separation_function/supplier/grnconnect/db_hotel_id_list.txt (214625 records)
Saved: /var/www/ScriptEngine/Python-Application/New-Hotel-Id-Collection-Function/id_separation_function/supplier/grnconnect/server_present_but_db_id_not_present_list.txt (0 records)
Saved: /var/www/ScriptEngine/Python-Application/New-Hotel-Id-Collection-Function/id_separation_function/supplier/grnconnect/db_present_but_server_json_not_present.txt (0 records)

Done.

Done.
Summary table updated.
History saved: /var/www/ScriptEngine/Python-Application/New-Hotel-Id-Collection-Function/id_separation_function/history/grnconnect/2026-07-19.json
Finished: grnconnect
End Time: Sun Jul 19 21:01:20 UTC 2026

===========================================
Running supplier: hotelbeds
Start Time: Sun Jul 19 21:01:20 UTC 2026
===========================================
Loading .env environment variables...
Supplier: hotelbeds
JSON Path: /var/www/Storage-Contents/Hotel-Supplier-Raw-Contents/hotelbeds
Output Path: /var/www/ScriptEngine/Python-Application/New-Hotel-Id-Collection-Function/id_separation_function/supplier/hotelbeds
Server JSON Count: 474499
Database Hotel Count: 474499
Database New Today Count: 0
ITTID Done: 452894
Pending ITTID: 21605
Saved: /var/www/ScriptEngine/Python-Application/New-Hotel-Id-Collection-Function/id_separation_function/supplier/hotelbeds/server_file_list.txt (474499 records)
Saved: /var/www/ScriptEngine/Python-Application/New-Hotel-Id-Collection-Function/id_separation_function/supplier/hotelbeds/db_hotel_id_list.txt (474499 records)
Saved: /var/www/ScriptEngine/Python-Application/New-Hotel-Id-Collection-Function/id_separation_function/supplier/hotelbeds/server_present_but_db_id_not_present_list.txt (0 records)
Saved: /var/www/ScriptEngine/Python-Application/New-Hotel-Id-Collection-Function/id_separation_function/supplier/hotelbeds/db_present_but_server_json_not_present.txt (0 records)

Done.

Done.
Summary table updated.
History saved: /var/www/ScriptEngine/Python-Application/New-Hotel-Id-Collection-Function/id_separation_function/history/hotelbeds/2026-07-19.json
Finished: hotelbeds
End Time: Sun Jul 19 21:01:32 UTC 2026

===========================================
Running supplier: hotelston
Start Time: Sun Jul 19 21:01:32 UTC 2026
===========================================
Loading .env environment variables...
Supplier: hotelston
JSON Path: /var/www/Storage-Contents/Hotel-Supplier-Raw-Contents/hotelston
Output Path: /var/www/ScriptEngine/Python-Application/New-Hotel-Id-Collection-Function/id_separation_function/supplier/hotelston
Server JSON Count: 3693299
Database Hotel Count: 3693299
Database New Today Count: 0
ITTID Done: 603685
Pending ITTID: 3089614
Saved: /var/www/ScriptEngine/Python-Application/New-Hotel-Id-Collection-Function/id_separation_function/supplier/hotelston/server_file_list.txt (3693299 records)
Saved: /var/www/ScriptEngine/Python-Application/New-Hotel-Id-Collection-Function/id_separation_function/supplier/hotelston/db_hotel_id_list.txt (3693299 records)
Saved: /var/www/ScriptEngine/Python-Application/New-Hotel-Id-Collection-Function/id_separation_function/supplier/hotelston/server_present_but_db_id_not_present_list.txt (0 records)
Saved: /var/www/ScriptEngine/Python-Application/New-Hotel-Id-Collection-Function/id_separation_function/supplier/hotelston/db_present_but_server_json_not_present.txt (0 records)

Done.

Done.
Summary table updated.
History saved: /var/www/ScriptEngine/Python-Application/New-Hotel-Id-Collection-Function/id_separation_function/history/hotelston/2026-07-19.json
Finished: hotelston
End Time: Sun Jul 19 21:02:16 UTC 2026

===========================================
Running supplier: hyperguestdirect
Start Time: Sun Jul 19 21:02:16 UTC 2026
===========================================
Loading .env environment variables...
Supplier: hyperguestdirect
JSON Path: /var/www/Storage-Contents/Hotel-Supplier-Raw-Contents/hyperguestdirect
Output Path: /var/www/ScriptEngine/Python-Application/New-Hotel-Id-Collection-Function/id_separation_function/supplier/hyperguestdirect
Server JSON Count: 66477
Database Hotel Count: 66477
Database New Today Count: 94
ITTID Done: 49276
Pending ITTID: 17201
Saved: /var/www/ScriptEngine/Python-Application/New-Hotel-Id-Collection-Function/id_separation_function/supplier/hyperguestdirect/server_file_list.txt (66477 records)
Saved: /var/www/ScriptEngine/Python-Application/New-Hotel-Id-Collection-Function/id_separation_function/supplier/hyperguestdirect/db_hotel_id_list.txt (66477 records)
Saved: /var/www/ScriptEngine/Python-Application/New-Hotel-Id-Collection-Function/id_separation_function/supplier/hyperguestdirect/server_present_but_db_id_not_present_list.txt (0 records)
Saved: /var/www/ScriptEngine/Python-Application/New-Hotel-Id-Collection-Function/id_separation_function/supplier/hyperguestdirect/db_present_but_server_json_not_present.txt (0 records)

Done.

Done.
Summary table updated.
History saved: /var/www/ScriptEngine/Python-Application/New-Hotel-Id-Collection-Function/id_separation_function/history/hyperguestdirect/2026-07-19.json
Finished: hyperguestdirect
End Time: Sun Jul 19 21:02:18 UTC 2026

===========================================
Running supplier: illusionshotel
Start Time: Sun Jul 19 21:02:18 UTC 2026
===========================================
Loading .env environment variables...
Supplier: illusionshotel
JSON Path: /var/www/Storage-Contents/Hotel-Supplier-Raw-Contents/illusionshotel
Output Path: /var/www/ScriptEngine/Python-Application/New-Hotel-Id-Collection-Function/id_separation_function/supplier/illusionshotel
Server JSON Count: 395727
Database Hotel Count: 395727
Database New Today Count: 0
ITTID Done: 42240
Pending ITTID: 353487
Saved: /var/www/ScriptEngine/Python-Application/New-Hotel-Id-Collection-Function/id_separation_function/supplier/illusionshotel/server_file_list.txt (395727 records)
Saved: /var/www/ScriptEngine/Python-Application/New-Hotel-Id-Collection-Function/id_separation_function/supplier/illusionshotel/db_hotel_id_list.txt (395727 records)
Saved: /var/www/ScriptEngine/Python-Application/New-Hotel-Id-Collection-Function/id_separation_function/supplier/illusionshotel/server_present_but_db_id_not_present_list.txt (0 records)
Saved: /var/www/ScriptEngine/Python-Application/New-Hotel-Id-Collection-Function/id_separation_function/supplier/illusionshotel/db_present_but_server_json_not_present.txt (0 records)

Done.

Done.
Summary table updated.
History saved: /var/www/ScriptEngine/Python-Application/New-Hotel-Id-Collection-Function/id_separation_function/history/illusionshotel/2026-07-19.json
Finished: illusionshotel
End Time: Sun Jul 19 21:02:24 UTC 2026

===========================================
Running supplier: innstant
Start Time: Sun Jul 19 21:02:24 UTC 2026
===========================================
Loading .env environment variables...
Supplier: innstant
JSON Path: /var/www/Storage-Contents/Hotel-Supplier-Raw-Contents/innstant
Output Path: /var/www/ScriptEngine/Python-Application/New-Hotel-Id-Collection-Function/id_separation_function/supplier/innstant
Server JSON Count: 649448
Database Hotel Count: 649436
Database New Today Count: 0
ITTID Done: 472508
Pending ITTID: 176928
Saved: /var/www/ScriptEngine/Python-Application/New-Hotel-Id-Collection-Function/id_separation_function/supplier/innstant/server_file_list.txt (649448 records)
Saved: /var/www/ScriptEngine/Python-Application/New-Hotel-Id-Collection-Function/id_separation_function/supplier/innstant/db_hotel_id_list.txt (649436 records)
Saved: /var/www/ScriptEngine/Python-Application/New-Hotel-Id-Collection-Function/id_separation_function/supplier/innstant/server_present_but_db_id_not_present_list.txt (12 records)
Saved: /var/www/ScriptEngine/Python-Application/New-Hotel-Id-Collection-Function/id_separation_function/supplier/innstant/db_present_but_server_json_not_present.txt (0 records)

Done.

Done.
Summary table updated.
History saved: /var/www/ScriptEngine/Python-Application/New-Hotel-Id-Collection-Function/id_separation_function/history/innstant/2026-07-19.json
Finished: innstant
End Time: Sun Jul 19 21:02:32 UTC 2026

===========================================
Running supplier: juniperhotel
Start Time: Sun Jul 19 21:02:32 UTC 2026
===========================================
Loading .env environment variables...
Supplier: juniperhotel
JSON Path: /var/www/Storage-Contents/Hotel-Supplier-Raw-Contents/juniperhotel
Output Path: /var/www/ScriptEngine/Python-Application/New-Hotel-Id-Collection-Function/id_separation_function/supplier/juniperhotel
Server JSON Count: 428859
Database Hotel Count: 429113
Database New Today Count: 0
ITTID Done: 427080
Pending ITTID: 2033
Saved: /var/www/ScriptEngine/Python-Application/New-Hotel-Id-Collection-Function/id_separation_function/supplier/juniperhotel/server_file_list.txt (428859 records)
Saved: /var/www/ScriptEngine/Python-Application/New-Hotel-Id-Collection-Function/id_separation_function/supplier/juniperhotel/db_hotel_id_list.txt (429113 records)
Saved: /var/www/ScriptEngine/Python-Application/New-Hotel-Id-Collection-Function/id_separation_function/supplier/juniperhotel/server_present_but_db_id_not_present_list.txt (0 records)
Saved: /var/www/ScriptEngine/Python-Application/New-Hotel-Id-Collection-Function/id_separation_function/supplier/juniperhotel/db_present_but_server_json_not_present.txt (254 records)

Done.

Done.
Summary table updated.
History saved: /var/www/ScriptEngine/Python-Application/New-Hotel-Id-Collection-Function/id_separation_function/history/juniperhotel/2026-07-19.json
Finished: juniperhotel
End Time: Sun Jul 19 21:02:44 UTC 2026

===========================================
Running supplier: kiwihotel
Start Time: Sun Jul 19 21:02:44 UTC 2026
===========================================
Loading .env environment variables...
Supplier: kiwihotel
JSON Path: /var/www/Storage-Contents/Hotel-Supplier-Raw-Contents/kiwihotel
Output Path: /var/www/ScriptEngine/Python-Application/New-Hotel-Id-Collection-Function/id_separation_function/supplier/kiwihotel
Server JSON Count: 1943
Database Hotel Count: 1943
Database New Today Count: 0
ITTID Done: 0
Pending ITTID: 1943
Saved: /var/www/ScriptEngine/Python-Application/New-Hotel-Id-Collection-Function/id_separation_function/supplier/kiwihotel/server_file_list.txt (1943 records)
Saved: /var/www/ScriptEngine/Python-Application/New-Hotel-Id-Collection-Function/id_separation_function/supplier/kiwihotel/db_hotel_id_list.txt (1943 records)
Saved: /var/www/ScriptEngine/Python-Application/New-Hotel-Id-Collection-Function/id_separation_function/supplier/kiwihotel/server_present_but_db_id_not_present_list.txt (0 records)
Saved: /var/www/ScriptEngine/Python-Application/New-Hotel-Id-Collection-Function/id_separation_function/supplier/kiwihotel/db_present_but_server_json_not_present.txt (0 records)

Done.

Done.
Summary table updated.
History saved: /var/www/ScriptEngine/Python-Application/New-Hotel-Id-Collection-Function/id_separation_function/history/kiwihotel/2026-07-19.json
Finished: kiwihotel
End Time: Sun Jul 19 21:02:44 UTC 2026

===========================================
Running supplier: mgholiday
Start Time: Sun Jul 19 21:02:44 UTC 2026
===========================================
Loading .env environment variables...
Supplier: mgholiday
JSON Path: /var/www/Storage-Contents/Hotel-Supplier-Raw-Contents/mgholiday
Output Path: /var/www/ScriptEngine/Python-Application/New-Hotel-Id-Collection-Function/id_separation_function/supplier/mgholiday
Server JSON Count: 235066
Database Hotel Count: 235065
Database New Today Count: 0
ITTID Done: 196322
Pending ITTID: 38743
Saved: /var/www/ScriptEngine/Python-Application/New-Hotel-Id-Collection-Function/id_separation_function/supplier/mgholiday/server_file_list.txt (235066 records)
Saved: /var/www/ScriptEngine/Python-Application/New-Hotel-Id-Collection-Function/id_separation_function/supplier/mgholiday/db_hotel_id_list.txt (235065 records)
Saved: /var/www/ScriptEngine/Python-Application/New-Hotel-Id-Collection-Function/id_separation_function/supplier/mgholiday/server_present_but_db_id_not_present_list.txt (2 records)
Saved: /var/www/ScriptEngine/Python-Application/New-Hotel-Id-Collection-Function/id_separation_function/supplier/mgholiday/db_present_but_server_json_not_present.txt (1 records)

Done.

Done.
Summary table updated.
History saved: /var/www/ScriptEngine/Python-Application/New-Hotel-Id-Collection-Function/id_separation_function/history/mgholiday/2026-07-19.json
Finished: mgholiday
End Time: Sun Jul 19 21:02:49 UTC 2026

===========================================
Running supplier: paximumhotel
Start Time: Sun Jul 19 21:02:49 UTC 2026
===========================================
Loading .env environment variables...
Supplier: paximumhotel
JSON Path: /var/www/Storage-Contents/Hotel-Supplier-Raw-Contents/paximumhotel
Output Path: /var/www/ScriptEngine/Python-Application/New-Hotel-Id-Collection-Function/id_separation_function/supplier/paximumhotel
Server JSON Count: 1385584
Database Hotel Count: 1385589
Database New Today Count: 0
ITTID Done: 109901
Pending ITTID: 1275688
Saved: /var/www/ScriptEngine/Python-Application/New-Hotel-Id-Collection-Function/id_separation_function/supplier/paximumhotel/server_file_list.txt (1385584 records)
Saved: /var/www/ScriptEngine/Python-Application/New-Hotel-Id-Collection-Function/id_separation_function/supplier/paximumhotel/db_hotel_id_list.txt (1385589 records)
Saved: /var/www/ScriptEngine/Python-Application/New-Hotel-Id-Collection-Function/id_separation_function/supplier/paximumhotel/server_present_but_db_id_not_present_list.txt (0 records)
Saved: /var/www/ScriptEngine/Python-Application/New-Hotel-Id-Collection-Function/id_separation_function/supplier/paximumhotel/db_present_but_server_json_not_present.txt (5 records)

Done.

Done.
Summary table updated.
History saved: /var/www/ScriptEngine/Python-Application/New-Hotel-Id-Collection-Function/id_separation_function/history/paximumhotel/2026-07-19.json
Finished: paximumhotel
End Time: Sun Jul 19 21:03:09 UTC 2026

===========================================
Running supplier: rakuten
Start Time: Sun Jul 19 21:03:09 UTC 2026
===========================================
Loading .env environment variables...
Supplier: rakuten
JSON Path: /var/www/Storage-Contents/Hotel-Supplier-Raw-Contents/rakuten
Output Path: /var/www/ScriptEngine/Python-Application/New-Hotel-Id-Collection-Function/id_separation_function/supplier/rakuten
Server JSON Count: 37864
Database Hotel Count: 37587
Database New Today Count: 0
ITTID Done: 14079
Pending ITTID: 23508
Saved: /var/www/ScriptEngine/Python-Application/New-Hotel-Id-Collection-Function/id_separation_function/supplier/rakuten/server_file_list.txt (37864 records)
Saved: /var/www/ScriptEngine/Python-Application/New-Hotel-Id-Collection-Function/id_separation_function/supplier/rakuten/db_hotel_id_list.txt (37587 records)
Saved: /var/www/ScriptEngine/Python-Application/New-Hotel-Id-Collection-Function/id_separation_function/supplier/rakuten/server_present_but_db_id_not_present_list.txt (277 records)
Saved: /var/www/ScriptEngine/Python-Application/New-Hotel-Id-Collection-Function/id_separation_function/supplier/rakuten/db_present_but_server_json_not_present.txt (0 records)

Done.

Done.
Summary table updated.
History saved: /var/www/ScriptEngine/Python-Application/New-Hotel-Id-Collection-Function/id_separation_function/history/rakuten/2026-07-19.json
Finished: rakuten
End Time: Sun Jul 19 21:03:10 UTC 2026

===========================================
Running supplier: ratehawkhotel
Start Time: Sun Jul 19 21:03:10 UTC 2026
===========================================
Loading .env environment variables...
Supplier: ratehawkhotel
JSON Path: /var/www/Storage-Contents/Hotel-Supplier-Raw-Contents/ratehawkhotel
Output Path: /var/www/ScriptEngine/Python-Application/New-Hotel-Id-Collection-Function/id_separation_function/supplier/ratehawkhotel
Server JSON Count: 2771497
Database Hotel Count: 2767558
Database New Today Count: 1
ITTID Done: 1372051
Pending ITTID: 1395507
Saved: /var/www/ScriptEngine/Python-Application/New-Hotel-Id-Collection-Function/id_separation_function/supplier/ratehawkhotel/server_file_list.txt (2771497 records)
Saved: /var/www/ScriptEngine/Python-Application/New-Hotel-Id-Collection-Function/id_separation_function/supplier/ratehawkhotel/db_hotel_id_list.txt (2767558 records)
Saved: /var/www/ScriptEngine/Python-Application/New-Hotel-Id-Collection-Function/id_separation_function/supplier/ratehawkhotel/server_present_but_db_id_not_present_list.txt (4902 records)
Saved: /var/www/ScriptEngine/Python-Application/New-Hotel-Id-Collection-Function/id_separation_function/supplier/ratehawkhotel/db_present_but_server_json_not_present.txt (963 records)

Done.

Done.
Summary table updated.
History saved: /var/www/ScriptEngine/Python-Application/New-Hotel-Id-Collection-Function/id_separation_function/history/ratehawkhotel/2026-07-19.json
Finished: ratehawkhotel
End Time: Sun Jul 19 21:03:55 UTC 2026

===========================================
Running supplier: restel
Start Time: Sun Jul 19 21:03:55 UTC 2026
===========================================
Loading .env environment variables...
Supplier: restel
JSON Path: /var/www/Storage-Contents/Hotel-Supplier-Raw-Contents/restel
Output Path: /var/www/ScriptEngine/Python-Application/New-Hotel-Id-Collection-Function/id_separation_function/supplier/restel
Server JSON Count: 144452
Database Hotel Count: 144445
Database New Today Count: 0
ITTID Done: 87229
Pending ITTID: 57216
Saved: /var/www/ScriptEngine/Python-Application/New-Hotel-Id-Collection-Function/id_separation_function/supplier/restel/server_file_list.txt (144452 records)
Saved: /var/www/ScriptEngine/Python-Application/New-Hotel-Id-Collection-Function/id_separation_function/supplier/restel/db_hotel_id_list.txt (144445 records)
Saved: /var/www/ScriptEngine/Python-Application/New-Hotel-Id-Collection-Function/id_separation_function/supplier/restel/server_present_but_db_id_not_present_list.txt (7 records)
Saved: /var/www/ScriptEngine/Python-Application/New-Hotel-Id-Collection-Function/id_separation_function/supplier/restel/db_present_but_server_json_not_present.txt (0 records)

Done.

Done.
Summary table updated.
History saved: /var/www/ScriptEngine/Python-Application/New-Hotel-Id-Collection-Function/id_separation_function/history/restel/2026-07-19.json
Finished: restel
End Time: Sun Jul 19 21:03:58 UTC 2026

===========================================
Running supplier: rnrhotel
Start Time: Sun Jul 19 21:03:58 UTC 2026
===========================================
Loading .env environment variables...
Supplier: rnrhotel
JSON Path: /var/www/Storage-Contents/Hotel-Supplier-Raw-Contents/rnrhotel
Output Path: /var/www/ScriptEngine/Python-Application/New-Hotel-Id-Collection-Function/id_separation_function/supplier/rnrhotel
Server JSON Count: 112
Database Hotel Count: 112
Database New Today Count: 0
ITTID Done: 106
Pending ITTID: 6
Saved: /var/www/ScriptEngine/Python-Application/New-Hotel-Id-Collection-Function/id_separation_function/supplier/rnrhotel/server_file_list.txt (112 records)
Saved: /var/www/ScriptEngine/Python-Application/New-Hotel-Id-Collection-Function/id_separation_function/supplier/rnrhotel/db_hotel_id_list.txt (112 records)
Saved: /var/www/ScriptEngine/Python-Application/New-Hotel-Id-Collection-Function/id_separation_function/supplier/rnrhotel/server_present_but_db_id_not_present_list.txt (0 records)
Saved: /var/www/ScriptEngine/Python-Application/New-Hotel-Id-Collection-Function/id_separation_function/supplier/rnrhotel/db_present_but_server_json_not_present.txt (0 records)

Done.

Done.
Summary table updated.
History saved: /var/www/ScriptEngine/Python-Application/New-Hotel-Id-Collection-Function/id_separation_function/history/rnrhotel/2026-07-19.json
Finished: rnrhotel
End Time: Sun Jul 19 21:03:59 UTC 2026

===========================================
Running supplier: roomerang
Start Time: Sun Jul 19 21:03:59 UTC 2026
===========================================
Loading .env environment variables...
Supplier: roomerang
JSON Path: /var/www/Storage-Contents/Hotel-Supplier-Raw-Contents/roomerang
Output Path: /var/www/ScriptEngine/Python-Application/New-Hotel-Id-Collection-Function/id_separation_function/supplier/roomerang
Server JSON Count: 708546
Database Hotel Count: 708527
Database New Today Count: 0
ITTID Done: 181282
Pending ITTID: 527245
Saved: /var/www/ScriptEngine/Python-Application/New-Hotel-Id-Collection-Function/id_separation_function/supplier/roomerang/server_file_list.txt (708546 records)
Saved: /var/www/ScriptEngine/Python-Application/New-Hotel-Id-Collection-Function/id_separation_function/supplier/roomerang/db_hotel_id_list.txt (708527 records)
Saved: /var/www/ScriptEngine/Python-Application/New-Hotel-Id-Collection-Function/id_separation_function/supplier/roomerang/server_present_but_db_id_not_present_list.txt (19 records)
Saved: /var/www/ScriptEngine/Python-Application/New-Hotel-Id-Collection-Function/id_separation_function/supplier/roomerang/db_present_but_server_json_not_present.txt (0 records)

Done.

Done.
Summary table updated.
History saved: /var/www/ScriptEngine/Python-Application/New-Hotel-Id-Collection-Function/id_separation_function/history/roomerang/2026-07-19.json
Finished: roomerang
End Time: Sun Jul 19 21:04:08 UTC 2026

===========================================
Running supplier: stuba
Start Time: Sun Jul 19 21:04:08 UTC 2026
===========================================
Loading .env environment variables...
Supplier: stuba
JSON Path: /var/www/Storage-Contents/Hotel-Supplier-Raw-Contents/stuba
Output Path: /var/www/ScriptEngine/Python-Application/New-Hotel-Id-Collection-Function/id_separation_function/supplier/stuba
Server JSON Count: 128611
Database Hotel Count: 128611
Database New Today Count: 0
ITTID Done: 115926
Pending ITTID: 12685
Saved: /var/www/ScriptEngine/Python-Application/New-Hotel-Id-Collection-Function/id_separation_function/supplier/stuba/server_file_list.txt (128611 records)
Saved: /var/www/ScriptEngine/Python-Application/New-Hotel-Id-Collection-Function/id_separation_function/supplier/stuba/db_hotel_id_list.txt (128611 records)
Saved: /var/www/ScriptEngine/Python-Application/New-Hotel-Id-Collection-Function/id_separation_function/supplier/stuba/server_present_but_db_id_not_present_list.txt (0 records)
Saved: /var/www/ScriptEngine/Python-Application/New-Hotel-Id-Collection-Function/id_separation_function/supplier/stuba/db_present_but_server_json_not_present.txt (0 records)

Done.

Done.
Summary table updated.
History saved: /var/www/ScriptEngine/Python-Application/New-Hotel-Id-Collection-Function/id_separation_function/history/stuba/2026-07-19.json
Finished: stuba
End Time: Sun Jul 19 21:04:11 UTC 2026

===========================================
Running supplier: tbohotel
Start Time: Sun Jul 19 21:04:11 UTC 2026
===========================================
Loading .env environment variables...
Supplier: tbohotel
JSON Path: /var/www/Storage-Contents/Hotel-Supplier-Raw-Contents/tbohotel
Output Path: /var/www/ScriptEngine/Python-Application/New-Hotel-Id-Collection-Function/id_separation_function/supplier/tbohotel
Server JSON Count: 1048319
Database Hotel Count: 1048319
Database New Today Count: 0
ITTID Done: 1035336
Pending ITTID: 12983
Saved: /var/www/ScriptEngine/Python-Application/New-Hotel-Id-Collection-Function/id_separation_function/supplier/tbohotel/server_file_list.txt (1048319 records)
Saved: /var/www/ScriptEngine/Python-Application/New-Hotel-Id-Collection-Function/id_separation_function/supplier/tbohotel/db_hotel_id_list.txt (1048319 records)
Saved: /var/www/ScriptEngine/Python-Application/New-Hotel-Id-Collection-Function/id_separation_function/supplier/tbohotel/server_present_but_db_id_not_present_list.txt (0 records)
Saved: /var/www/ScriptEngine/Python-Application/New-Hotel-Id-Collection-Function/id_separation_function/supplier/tbohotel/db_present_but_server_json_not_present.txt (0 records)

Done.

Done.
Summary table updated.
History saved: /var/www/ScriptEngine/Python-Application/New-Hotel-Id-Collection-Function/id_separation_function/history/tbohotel/2026-07-19.json
Finished: tbohotel
End Time: Sun Jul 19 21:04:29 UTC 2026

===========================================
Running supplier: travelrobothotel
Start Time: Sun Jul 19 21:04:29 UTC 2026
===========================================
Loading .env environment variables...
Supplier: travelrobothotel
JSON Path: /var/www/Storage-Contents/Hotel-Supplier-Raw-Contents/travelrobothotel
Output Path: /var/www/ScriptEngine/Python-Application/New-Hotel-Id-Collection-Function/id_separation_function/supplier/travelrobothotel
Server JSON Count: 1461694
Database Hotel Count: 1461693
Database New Today Count: 0
ITTID Done: 0
Pending ITTID: 1461693
Saved: /var/www/ScriptEngine/Python-Application/New-Hotel-Id-Collection-Function/id_separation_function/supplier/travelrobothotel/server_file_list.txt (1461694 records)
Saved: /var/www/ScriptEngine/Python-Application/New-Hotel-Id-Collection-Function/id_separation_function/supplier/travelrobothotel/db_hotel_id_list.txt (1461693 records)
Saved: /var/www/ScriptEngine/Python-Application/New-Hotel-Id-Collection-Function/id_separation_function/supplier/travelrobothotel/server_present_but_db_id_not_present_list.txt (1 records)
Saved: /var/www/ScriptEngine/Python-Application/New-Hotel-Id-Collection-Function/id_separation_function/supplier/travelrobothotel/db_present_but_server_json_not_present.txt (0 records)

Done.

Done.
Summary table updated.
History saved: /var/www/ScriptEngine/Python-Application/New-Hotel-Id-Collection-Function/id_separation_function/history/travelrobothotel/2026-07-19.json
Finished: travelrobothotel
End Time: Sun Jul 19 21:04:51 UTC 2026

===========================================
All suppliers completed.
Finished at: Sun Jul 19 21:04:51 UTC 2026
===========================================
===========================================
Started at: Mon Jul 20 21:00:01 UTC 2026
===========================================

===========================================
Running supplier: agoda
Start Time: Mon Jul 20 21:00:01 UTC 2026
===========================================
Loading .env environment variables...
Supplier: agoda
JSON Path: /var/www/Storage-Contents/Hotel-Supplier-Raw-Contents/agoda
Output Path: /var/www/ScriptEngine/Python-Application/New-Hotel-Id-Collection-Function/id_separation_function/supplier/agoda
Server JSON Count: 1025728
Database Hotel Count: 1025728
Database New Today Count: 3320
ITTID Done: 1016793
Pending ITTID: 8935
Saved: /var/www/ScriptEngine/Python-Application/New-Hotel-Id-Collection-Function/id_separation_function/supplier/agoda/server_file_list.txt (1025728 records)
Saved: /var/www/ScriptEngine/Python-Application/New-Hotel-Id-Collection-Function/id_separation_function/supplier/agoda/db_hotel_id_list.txt (1025728 records)
Saved: /var/www/ScriptEngine/Python-Application/New-Hotel-Id-Collection-Function/id_separation_function/supplier/agoda/server_present_but_db_id_not_present_list.txt (0 records)
Saved: /var/www/ScriptEngine/Python-Application/New-Hotel-Id-Collection-Function/id_separation_function/supplier/agoda/db_present_but_server_json_not_present.txt (0 records)

Done.

Done.
Summary table updated.
History saved: /var/www/ScriptEngine/Python-Application/New-Hotel-Id-Collection-Function/id_separation_function/history/agoda/2026-07-20.json
Finished: agoda
End Time: Mon Jul 20 21:00:30 UTC 2026

===========================================
Running supplier: amadeushotel
Start Time: Mon Jul 20 21:00:30 UTC 2026
===========================================
Loading .env environment variables...
Supplier: amadeushotel
JSON Path: /var/www/Storage-Contents/Hotel-Supplier-Raw-Contents/amadeushotel
Output Path: /var/www/ScriptEngine/Python-Application/New-Hotel-Id-Collection-Function/id_separation_function/supplier/amadeushotel
Server JSON Count: 94196
Database Hotel Count: 94196
Database New Today Count: 0
ITTID Done: 0
Pending ITTID: 94196
Saved: /var/www/ScriptEngine/Python-Application/New-Hotel-Id-Collection-Function/id_separation_function/supplier/amadeushotel/server_file_list.txt (94196 records)
Saved: /var/www/ScriptEngine/Python-Application/New-Hotel-Id-Collection-Function/id_separation_function/supplier/amadeushotel/db_hotel_id_list.txt (94196 records)
Saved: /var/www/ScriptEngine/Python-Application/New-Hotel-Id-Collection-Function/id_separation_function/supplier/amadeushotel/server_present_but_db_id_not_present_list.txt (0 records)
Saved: /var/www/ScriptEngine/Python-Application/New-Hotel-Id-Collection-Function/id_separation_function/supplier/amadeushotel/db_present_but_server_json_not_present.txt (0 records)

Done.

Done.
Summary table updated.
History saved: /var/www/ScriptEngine/Python-Application/New-Hotel-Id-Collection-Function/id_separation_function/history/amadeushotel/2026-07-20.json
Finished: amadeushotel
End Time: Mon Jul 20 21:00:32 UTC 2026

===========================================
Running supplier: didahotel
Start Time: Mon Jul 20 21:00:32 UTC 2026
===========================================
Loading .env environment variables...
Supplier: didahotel
JSON Path: /var/www/Storage-Contents/Hotel-Supplier-Raw-Contents/didahotel
Output Path: /var/www/ScriptEngine/Python-Application/New-Hotel-Id-Collection-Function/id_separation_function/supplier/didahotel
Server JSON Count: 209784
Database Hotel Count: 209784
Database New Today Count: 0
ITTID Done: 180322
Pending ITTID: 29462
Saved: /var/www/ScriptEngine/Python-Application/New-Hotel-Id-Collection-Function/id_separation_function/supplier/didahotel/server_file_list.txt (209784 records)
Saved: /var/www/ScriptEngine/Python-Application/New-Hotel-Id-Collection-Function/id_separation_function/supplier/didahotel/db_hotel_id_list.txt (209784 records)
Saved: /var/www/ScriptEngine/Python-Application/New-Hotel-Id-Collection-Function/id_separation_function/supplier/didahotel/server_present_but_db_id_not_present_list.txt (0 records)
Saved: /var/www/ScriptEngine/Python-Application/New-Hotel-Id-Collection-Function/id_separation_function/supplier/didahotel/db_present_but_server_json_not_present.txt (0 records)

Done.

Done.
Summary table updated.
History saved: /var/www/ScriptEngine/Python-Application/New-Hotel-Id-Collection-Function/id_separation_function/history/didahotel/2026-07-20.json
Finished: didahotel
End Time: Mon Jul 20 21:00:36 UTC 2026

===========================================
Running supplier: dotw
Start Time: Mon Jul 20 21:00:36 UTC 2026
===========================================
Loading .env environment variables...
Supplier: dotw
JSON Path: /var/www/Storage-Contents/Hotel-Supplier-Raw-Contents/dotw
Output Path: /var/www/ScriptEngine/Python-Application/New-Hotel-Id-Collection-Function/id_separation_function/supplier/dotw
Server JSON Count: 227144
Database Hotel Count: 227143
Database New Today Count: 0
ITTID Done: 215632
Pending ITTID: 11511
Saved: /var/www/ScriptEngine/Python-Application/New-Hotel-Id-Collection-Function/id_separation_function/supplier/dotw/server_file_list.txt (227144 records)
Saved: /var/www/ScriptEngine/Python-Application/New-Hotel-Id-Collection-Function/id_separation_function/supplier/dotw/db_hotel_id_list.txt (227143 records)
Saved: /var/www/ScriptEngine/Python-Application/New-Hotel-Id-Collection-Function/id_separation_function/supplier/dotw/server_present_but_db_id_not_present_list.txt (1 records)
Saved: /var/www/ScriptEngine/Python-Application/New-Hotel-Id-Collection-Function/id_separation_function/supplier/dotw/db_present_but_server_json_not_present.txt (0 records)

Done.

Done.
Summary table updated.
History saved: /var/www/ScriptEngine/Python-Application/New-Hotel-Id-Collection-Function/id_separation_function/history/dotw/2026-07-20.json
Finished: dotw
End Time: Mon Jul 20 21:00:39 UTC 2026

===========================================
Running supplier: ean
Start Time: Mon Jul 20 21:00:39 UTC 2026
===========================================
Loading .env environment variables...
Supplier: ean
JSON Path: /var/www/Storage-Contents/Hotel-Supplier-Raw-Contents/ean
Output Path: /var/www/ScriptEngine/Python-Application/New-Hotel-Id-Collection-Function/id_separation_function/supplier/ean
Server JSON Count: 615960
Database Hotel Count: 615960
Database New Today Count: 217
ITTID Done: 508940
Pending ITTID: 107020
Saved: /var/www/ScriptEngine/Python-Application/New-Hotel-Id-Collection-Function/id_separation_function/supplier/ean/server_file_list.txt (615960 records)
Saved: /var/www/ScriptEngine/Python-Application/New-Hotel-Id-Collection-Function/id_separation_function/supplier/ean/db_hotel_id_list.txt (615960 records)
Saved: /var/www/ScriptEngine/Python-Application/New-Hotel-Id-Collection-Function/id_separation_function/supplier/ean/server_present_but_db_id_not_present_list.txt (0 records)
Saved: /var/www/ScriptEngine/Python-Application/New-Hotel-Id-Collection-Function/id_separation_function/supplier/ean/db_present_but_server_json_not_present.txt (0 records)

Done.

Done.
Summary table updated.
History saved: /var/www/ScriptEngine/Python-Application/New-Hotel-Id-Collection-Function/id_separation_function/history/ean/2026-07-20.json
Finished: ean
End Time: Mon Jul 20 21:00:48 UTC 2026

===========================================
Running supplier: ebookinghotel
Start Time: Mon Jul 20 21:00:48 UTC 2026
===========================================
Loading .env environment variables...
Supplier: ebookinghotel
JSON Path: /var/www/Storage-Contents/Hotel-Supplier-Raw-Contents/ebookinghotel
Output Path: /var/www/ScriptEngine/Python-Application/New-Hotel-Id-Collection-Function/id_separation_function/supplier/ebookinghotel
Server JSON Count: 878990
Database Hotel Count: 878990
Database New Today Count: 0
ITTID Done: 0
Pending ITTID: 878990
Saved: /var/www/ScriptEngine/Python-Application/New-Hotel-Id-Collection-Function/id_separation_function/supplier/ebookinghotel/server_file_list.txt (878990 records)
Saved: /var/www/ScriptEngine/Python-Application/New-Hotel-Id-Collection-Function/id_separation_function/supplier/ebookinghotel/db_hotel_id_list.txt (878990 records)
Saved: /var/www/ScriptEngine/Python-Application/New-Hotel-Id-Collection-Function/id_separation_function/supplier/ebookinghotel/server_present_but_db_id_not_present_list.txt (0 records)
Saved: /var/www/ScriptEngine/Python-Application/New-Hotel-Id-Collection-Function/id_separation_function/supplier/ebookinghotel/db_present_but_server_json_not_present.txt (0 records)

Done.

Done.
Summary table updated.
History saved: /var/www/ScriptEngine/Python-Application/New-Hotel-Id-Collection-Function/id_separation_function/history/ebookinghotel/2026-07-20.json
Finished: ebookinghotel
End Time: Mon Jul 20 21:01:00 UTC 2026

===========================================
Running supplier: goglobal
Start Time: Mon Jul 20 21:01:00 UTC 2026
===========================================
Loading .env environment variables...
Supplier: goglobal
JSON Path: /var/www/Storage-Contents/Hotel-Supplier-Raw-Contents/goglobal
Output Path: /var/www/ScriptEngine/Python-Application/New-Hotel-Id-Collection-Function/id_separation_function/supplier/goglobal
Server JSON Count: 221411
Database Hotel Count: 221393
Database New Today Count: 0
ITTID Done: 215415
Pending ITTID: 5978
Saved: /var/www/ScriptEngine/Python-Application/New-Hotel-Id-Collection-Function/id_separation_function/supplier/goglobal/server_file_list.txt (221411 records)
Saved: /var/www/ScriptEngine/Python-Application/New-Hotel-Id-Collection-Function/id_separation_function/supplier/goglobal/db_hotel_id_list.txt (221393 records)
Saved: /var/www/ScriptEngine/Python-Application/New-Hotel-Id-Collection-Function/id_separation_function/supplier/goglobal/server_present_but_db_id_not_present_list.txt (18 records)
Saved: /var/www/ScriptEngine/Python-Application/New-Hotel-Id-Collection-Function/id_separation_function/supplier/goglobal/db_present_but_server_json_not_present.txt (0 records)

Done.

Done.
Summary table updated.
History saved: /var/www/ScriptEngine/Python-Application/New-Hotel-Id-Collection-Function/id_separation_function/history/goglobal/2026-07-20.json
Finished: goglobal
End Time: Mon Jul 20 21:01:05 UTC 2026

===========================================
Running supplier: grnconnect
Start Time: Mon Jul 20 21:01:05 UTC 2026
===========================================
Loading .env environment variables...
Supplier: grnconnect
JSON Path: /var/www/Storage-Contents/Hotel-Supplier-Raw-Contents/grnconnect
Output Path: /var/www/ScriptEngine/Python-Application/New-Hotel-Id-Collection-Function/id_separation_function/supplier/grnconnect
Server JSON Count: 214625
Database Hotel Count: 214625
Database New Today Count: 0
ITTID Done: 185747
Pending ITTID: 28878
Saved: /var/www/ScriptEngine/Python-Application/New-Hotel-Id-Collection-Function/id_separation_function/supplier/grnconnect/server_file_list.txt (214625 records)
Saved: /var/www/ScriptEngine/Python-Application/New-Hotel-Id-Collection-Function/id_separation_function/supplier/grnconnect/db_hotel_id_list.txt (214625 records)
Saved: /var/www/ScriptEngine/Python-Application/New-Hotel-Id-Collection-Function/id_separation_function/supplier/grnconnect/server_present_but_db_id_not_present_list.txt (0 records)
Saved: /var/www/ScriptEngine/Python-Application/New-Hotel-Id-Collection-Function/id_separation_function/supplier/grnconnect/db_present_but_server_json_not_present.txt (0 records)

Done.

Done.
Summary table updated.
History saved: /var/www/ScriptEngine/Python-Application/New-Hotel-Id-Collection-Function/id_separation_function/history/grnconnect/2026-07-20.json
Finished: grnconnect
End Time: Mon Jul 20 21:01:09 UTC 2026

===========================================
Running supplier: hotelbeds
Start Time: Mon Jul 20 21:01:09 UTC 2026
===========================================
Loading .env environment variables...
Supplier: hotelbeds
JSON Path: /var/www/Storage-Contents/Hotel-Supplier-Raw-Contents/hotelbeds
Output Path: /var/www/ScriptEngine/Python-Application/New-Hotel-Id-Collection-Function/id_separation_function/supplier/hotelbeds
Server JSON Count: 474499
Database Hotel Count: 474499
Database New Today Count: 0
ITTID Done: 455295
Pending ITTID: 19204
Saved: /var/www/ScriptEngine/Python-Application/New-Hotel-Id-Collection-Function/id_separation_function/supplier/hotelbeds/server_file_list.txt (474499 records)
Saved: /var/www/ScriptEngine/Python-Application/New-Hotel-Id-Collection-Function/id_separation_function/supplier/hotelbeds/db_hotel_id_list.txt (474499 records)
Saved: /var/www/ScriptEngine/Python-Application/New-Hotel-Id-Collection-Function/id_separation_function/supplier/hotelbeds/server_present_but_db_id_not_present_list.txt (0 records)
Saved: /var/www/ScriptEngine/Python-Application/New-Hotel-Id-Collection-Function/id_separation_function/supplier/hotelbeds/db_present_but_server_json_not_present.txt (0 records)

Done.

Done.
Summary table updated.
History saved: /var/www/ScriptEngine/Python-Application/New-Hotel-Id-Collection-Function/id_separation_function/history/hotelbeds/2026-07-20.json
Finished: hotelbeds
End Time: Mon Jul 20 21:01:20 UTC 2026

===========================================
Running supplier: hotelston
Start Time: Mon Jul 20 21:01:20 UTC 2026
===========================================
Loading .env environment variables...
Supplier: hotelston
JSON Path: /var/www/Storage-Contents/Hotel-Supplier-Raw-Contents/hotelston
Output Path: /var/www/ScriptEngine/Python-Application/New-Hotel-Id-Collection-Function/id_separation_function/supplier/hotelston
Server JSON Count: 3693299
Database Hotel Count: 3693299
Database New Today Count: 0
ITTID Done: 603685
Pending ITTID: 3089614
Saved: /var/www/ScriptEngine/Python-Application/New-Hotel-Id-Collection-Function/id_separation_function/supplier/hotelston/server_file_list.txt (3693299 records)
Saved: /var/www/ScriptEngine/Python-Application/New-Hotel-Id-Collection-Function/id_separation_function/supplier/hotelston/db_hotel_id_list.txt (3693299 records)
Saved: /var/www/ScriptEngine/Python-Application/New-Hotel-Id-Collection-Function/id_separation_function/supplier/hotelston/server_present_but_db_id_not_present_list.txt (0 records)
Saved: /var/www/ScriptEngine/Python-Application/New-Hotel-Id-Collection-Function/id_separation_function/supplier/hotelston/db_present_but_server_json_not_present.txt (0 records)

Done.

Done.
Summary table updated.
History saved: /var/www/ScriptEngine/Python-Application/New-Hotel-Id-Collection-Function/id_separation_function/history/hotelston/2026-07-20.json
Finished: hotelston
End Time: Mon Jul 20 21:02:02 UTC 2026

===========================================
Running supplier: hyperguestdirect
Start Time: Mon Jul 20 21:02:02 UTC 2026
===========================================
Loading .env environment variables...
Supplier: hyperguestdirect
JSON Path: /var/www/Storage-Contents/Hotel-Supplier-Raw-Contents/hyperguestdirect
Output Path: /var/www/ScriptEngine/Python-Application/New-Hotel-Id-Collection-Function/id_separation_function/supplier/hyperguestdirect
Server JSON Count: 66499
Database Hotel Count: 66499
Database New Today Count: 22
ITTID Done: 49276
Pending ITTID: 17223
Saved: /var/www/ScriptEngine/Python-Application/New-Hotel-Id-Collection-Function/id_separation_function/supplier/hyperguestdirect/server_file_list.txt (66499 records)
Saved: /var/www/ScriptEngine/Python-Application/New-Hotel-Id-Collection-Function/id_separation_function/supplier/hyperguestdirect/db_hotel_id_list.txt (66499 records)
Saved: /var/www/ScriptEngine/Python-Application/New-Hotel-Id-Collection-Function/id_separation_function/supplier/hyperguestdirect/server_present_but_db_id_not_present_list.txt (0 records)
Saved: /var/www/ScriptEngine/Python-Application/New-Hotel-Id-Collection-Function/id_separation_function/supplier/hyperguestdirect/db_present_but_server_json_not_present.txt (0 records)

Done.

Done.
Summary table updated.
History saved: /var/www/ScriptEngine/Python-Application/New-Hotel-Id-Collection-Function/id_separation_function/history/hyperguestdirect/2026-07-20.json
Finished: hyperguestdirect
End Time: Mon Jul 20 21:02:04 UTC 2026

===========================================
Running supplier: illusionshotel
Start Time: Mon Jul 20 21:02:04 UTC 2026
===========================================
Loading .env environment variables...
Supplier: illusionshotel
JSON Path: /var/www/Storage-Contents/Hotel-Supplier-Raw-Contents/illusionshotel
Output Path: /var/www/ScriptEngine/Python-Application/New-Hotel-Id-Collection-Function/id_separation_function/supplier/illusionshotel
Server JSON Count: 395727
Database Hotel Count: 395727
Database New Today Count: 0
ITTID Done: 42240
Pending ITTID: 353487
Saved: /var/www/ScriptEngine/Python-Application/New-Hotel-Id-Collection-Function/id_separation_function/supplier/illusionshotel/server_file_list.txt (395727 records)
Saved: /var/www/ScriptEngine/Python-Application/New-Hotel-Id-Collection-Function/id_separation_function/supplier/illusionshotel/db_hotel_id_list.txt (395727 records)
Saved: /var/www/ScriptEngine/Python-Application/New-Hotel-Id-Collection-Function/id_separation_function/supplier/illusionshotel/server_present_but_db_id_not_present_list.txt (0 records)
Saved: /var/www/ScriptEngine/Python-Application/New-Hotel-Id-Collection-Function/id_separation_function/supplier/illusionshotel/db_present_but_server_json_not_present.txt (0 records)

Done.

Done.
Summary table updated.
History saved: /var/www/ScriptEngine/Python-Application/New-Hotel-Id-Collection-Function/id_separation_function/history/illusionshotel/2026-07-20.json
Finished: illusionshotel
End Time: Mon Jul 20 21:02:10 UTC 2026

===========================================
Running supplier: innstant
Start Time: Mon Jul 20 21:02:10 UTC 2026
===========================================
Loading .env environment variables...
Supplier: innstant
JSON Path: /var/www/Storage-Contents/Hotel-Supplier-Raw-Contents/innstant
Output Path: /var/www/ScriptEngine/Python-Application/New-Hotel-Id-Collection-Function/id_separation_function/supplier/innstant
Server JSON Count: 649448
Database Hotel Count: 649436
Database New Today Count: 0
ITTID Done: 472508
Pending ITTID: 176928
Saved: /var/www/ScriptEngine/Python-Application/New-Hotel-Id-Collection-Function/id_separation_function/supplier/innstant/server_file_list.txt (649448 records)
Saved: /var/www/ScriptEngine/Python-Application/New-Hotel-Id-Collection-Function/id_separation_function/supplier/innstant/db_hotel_id_list.txt (649436 records)
Saved: /var/www/ScriptEngine/Python-Application/New-Hotel-Id-Collection-Function/id_separation_function/supplier/innstant/server_present_but_db_id_not_present_list.txt (12 records)
Saved: /var/www/ScriptEngine/Python-Application/New-Hotel-Id-Collection-Function/id_separation_function/supplier/innstant/db_present_but_server_json_not_present.txt (0 records)

Done.

Done.
Summary table updated.
History saved: /var/www/ScriptEngine/Python-Application/New-Hotel-Id-Collection-Function/id_separation_function/history/innstant/2026-07-20.json
Finished: innstant
End Time: Mon Jul 20 21:02:19 UTC 2026

===========================================
Running supplier: juniperhotel
Start Time: Mon Jul 20 21:02:19 UTC 2026
===========================================
Loading .env environment variables...
Supplier: juniperhotel
JSON Path: /var/www/Storage-Contents/Hotel-Supplier-Raw-Contents/juniperhotel
Output Path: /var/www/ScriptEngine/Python-Application/New-Hotel-Id-Collection-Function/id_separation_function/supplier/juniperhotel
Server JSON Count: 428859
Database Hotel Count: 429113
Database New Today Count: 0
ITTID Done: 427080
Pending ITTID: 2033
Saved: /var/www/ScriptEngine/Python-Application/New-Hotel-Id-Collection-Function/id_separation_function/supplier/juniperhotel/server_file_list.txt (428859 records)
Saved: /var/www/ScriptEngine/Python-Application/New-Hotel-Id-Collection-Function/id_separation_function/supplier/juniperhotel/db_hotel_id_list.txt (429113 records)
Saved: /var/www/ScriptEngine/Python-Application/New-Hotel-Id-Collection-Function/id_separation_function/supplier/juniperhotel/server_present_but_db_id_not_present_list.txt (0 records)
Saved: /var/www/ScriptEngine/Python-Application/New-Hotel-Id-Collection-Function/id_separation_function/supplier/juniperhotel/db_present_but_server_json_not_present.txt (254 records)

Done.

Done.
Summary table updated.
History saved: /var/www/ScriptEngine/Python-Application/New-Hotel-Id-Collection-Function/id_separation_function/history/juniperhotel/2026-07-20.json
Finished: juniperhotel
End Time: Mon Jul 20 21:02:32 UTC 2026

===========================================
Running supplier: kiwihotel
Start Time: Mon Jul 20 21:02:32 UTC 2026
===========================================
Loading .env environment variables...
Supplier: kiwihotel
JSON Path: /var/www/Storage-Contents/Hotel-Supplier-Raw-Contents/kiwihotel
Output Path: /var/www/ScriptEngine/Python-Application/New-Hotel-Id-Collection-Function/id_separation_function/supplier/kiwihotel
Server JSON Count: 1943
Database Hotel Count: 1943
Database New Today Count: 0
ITTID Done: 0
Pending ITTID: 1943
Saved: /var/www/ScriptEngine/Python-Application/New-Hotel-Id-Collection-Function/id_separation_function/supplier/kiwihotel/server_file_list.txt (1943 records)
Saved: /var/www/ScriptEngine/Python-Application/New-Hotel-Id-Collection-Function/id_separation_function/supplier/kiwihotel/db_hotel_id_list.txt (1943 records)
Saved: /var/www/ScriptEngine/Python-Application/New-Hotel-Id-Collection-Function/id_separation_function/supplier/kiwihotel/server_present_but_db_id_not_present_list.txt (0 records)
Saved: /var/www/ScriptEngine/Python-Application/New-Hotel-Id-Collection-Function/id_separation_function/supplier/kiwihotel/db_present_but_server_json_not_present.txt (0 records)

Done.

Done.
Summary table updated.
History saved: /var/www/ScriptEngine/Python-Application/New-Hotel-Id-Collection-Function/id_separation_function/history/kiwihotel/2026-07-20.json
Finished: kiwihotel
End Time: Mon Jul 20 21:02:32 UTC 2026

===========================================
Running supplier: mgholiday
Start Time: Mon Jul 20 21:02:32 UTC 2026
===========================================
Loading .env environment variables...
Supplier: mgholiday
JSON Path: /var/www/Storage-Contents/Hotel-Supplier-Raw-Contents/mgholiday
Output Path: /var/www/ScriptEngine/Python-Application/New-Hotel-Id-Collection-Function/id_separation_function/supplier/mgholiday
Server JSON Count: 235066
Database Hotel Count: 235065
Database New Today Count: 0
ITTID Done: 196322
Pending ITTID: 38743
Saved: /var/www/ScriptEngine/Python-Application/New-Hotel-Id-Collection-Function/id_separation_function/supplier/mgholiday/server_file_list.txt (235066 records)
Saved: /var/www/ScriptEngine/Python-Application/New-Hotel-Id-Collection-Function/id_separation_function/supplier/mgholiday/db_hotel_id_list.txt (235065 records)
Saved: /var/www/ScriptEngine/Python-Application/New-Hotel-Id-Collection-Function/id_separation_function/supplier/mgholiday/server_present_but_db_id_not_present_list.txt (2 records)
Saved: /var/www/ScriptEngine/Python-Application/New-Hotel-Id-Collection-Function/id_separation_function/supplier/mgholiday/db_present_but_server_json_not_present.txt (1 records)

Done.

Done.
Summary table updated.
History saved: /var/www/ScriptEngine/Python-Application/New-Hotel-Id-Collection-Function/id_separation_function/history/mgholiday/2026-07-20.json
Finished: mgholiday
End Time: Mon Jul 20 21:02:38 UTC 2026

===========================================
Running supplier: paximumhotel
Start Time: Mon Jul 20 21:02:38 UTC 2026
===========================================
Loading .env environment variables...
Supplier: paximumhotel
JSON Path: /var/www/Storage-Contents/Hotel-Supplier-Raw-Contents/paximumhotel
Output Path: /var/www/ScriptEngine/Python-Application/New-Hotel-Id-Collection-Function/id_separation_function/supplier/paximumhotel
Server JSON Count: 1385584
Database Hotel Count: 1385589
Database New Today Count: 0
ITTID Done: 109901
Pending ITTID: 1275688
Saved: /var/www/ScriptEngine/Python-Application/New-Hotel-Id-Collection-Function/id_separation_function/supplier/paximumhotel/server_file_list.txt (1385584 records)
Saved: /var/www/ScriptEngine/Python-Application/New-Hotel-Id-Collection-Function/id_separation_function/supplier/paximumhotel/db_hotel_id_list.txt (1385589 records)
Saved: /var/www/ScriptEngine/Python-Application/New-Hotel-Id-Collection-Function/id_separation_function/supplier/paximumhotel/server_present_but_db_id_not_present_list.txt (0 records)
Saved: /var/www/ScriptEngine/Python-Application/New-Hotel-Id-Collection-Function/id_separation_function/supplier/paximumhotel/db_present_but_server_json_not_present.txt (5 records)

Done.

Done.
Summary table updated.
History saved: /var/www/ScriptEngine/Python-Application/New-Hotel-Id-Collection-Function/id_separation_function/history/paximumhotel/2026-07-20.json
Finished: paximumhotel
End Time: Mon Jul 20 21:03:00 UTC 2026

===========================================
Running supplier: rakuten
Start Time: Mon Jul 20 21:03:00 UTC 2026
===========================================
Loading .env environment variables...
Supplier: rakuten
JSON Path: /var/www/Storage-Contents/Hotel-Supplier-Raw-Contents/rakuten
Output Path: /var/www/ScriptEngine/Python-Application/New-Hotel-Id-Collection-Function/id_separation_function/supplier/rakuten
Server JSON Count: 37864
Database Hotel Count: 37587
Database New Today Count: 0
ITTID Done: 14079
Pending ITTID: 23508
Saved: /var/www/ScriptEngine/Python-Application/New-Hotel-Id-Collection-Function/id_separation_function/supplier/rakuten/server_file_list.txt (37864 records)
Saved: /var/www/ScriptEngine/Python-Application/New-Hotel-Id-Collection-Function/id_separation_function/supplier/rakuten/db_hotel_id_list.txt (37587 records)
Saved: /var/www/ScriptEngine/Python-Application/New-Hotel-Id-Collection-Function/id_separation_function/supplier/rakuten/server_present_but_db_id_not_present_list.txt (277 records)
Saved: /var/www/ScriptEngine/Python-Application/New-Hotel-Id-Collection-Function/id_separation_function/supplier/rakuten/db_present_but_server_json_not_present.txt (0 records)

Done.

Done.
Summary table updated.
History saved: /var/www/ScriptEngine/Python-Application/New-Hotel-Id-Collection-Function/id_separation_function/history/rakuten/2026-07-20.json
Finished: rakuten
End Time: Mon Jul 20 21:03:02 UTC 2026

===========================================
Running supplier: ratehawkhotel
Start Time: Mon Jul 20 21:03:02 UTC 2026
===========================================
Loading .env environment variables...
Supplier: ratehawkhotel
JSON Path: /var/www/Storage-Contents/Hotel-Supplier-Raw-Contents/ratehawkhotel
Output Path: /var/www/ScriptEngine/Python-Application/New-Hotel-Id-Collection-Function/id_separation_function/supplier/ratehawkhotel
Server JSON Count: 2771497
Database Hotel Count: 2767558
Database New Today Count: 0
ITTID Done: 1372051
Pending ITTID: 1395507
Saved: /var/www/ScriptEngine/Python-Application/New-Hotel-Id-Collection-Function/id_separation_function/supplier/ratehawkhotel/server_file_list.txt (2771497 records)
Saved: /var/www/ScriptEngine/Python-Application/New-Hotel-Id-Collection-Function/id_separation_function/supplier/ratehawkhotel/db_hotel_id_list.txt (2767558 records)
Saved: /var/www/ScriptEngine/Python-Application/New-Hotel-Id-Collection-Function/id_separation_function/supplier/ratehawkhotel/server_present_but_db_id_not_present_list.txt (4902 records)
Saved: /var/www/ScriptEngine/Python-Application/New-Hotel-Id-Collection-Function/id_separation_function/supplier/ratehawkhotel/db_present_but_server_json_not_present.txt (963 records)

Done.

Done.
Summary table updated.
History saved: /var/www/ScriptEngine/Python-Application/New-Hotel-Id-Collection-Function/id_separation_function/history/ratehawkhotel/2026-07-20.json
Finished: ratehawkhotel
End Time: Mon Jul 20 21:05:19 UTC 2026

===========================================
Running supplier: restel
Start Time: Mon Jul 20 21:05:19 UTC 2026
===========================================
Loading .env environment variables...
Supplier: restel
JSON Path: /var/www/Storage-Contents/Hotel-Supplier-Raw-Contents/restel
Output Path: /var/www/ScriptEngine/Python-Application/New-Hotel-Id-Collection-Function/id_separation_function/supplier/restel
Server JSON Count: 144454
Database Hotel Count: 144447
Database New Today Count: 2
ITTID Done: 87229
Pending ITTID: 57218
Saved: /var/www/ScriptEngine/Python-Application/New-Hotel-Id-Collection-Function/id_separation_function/supplier/restel/server_file_list.txt (144454 records)
Saved: /var/www/ScriptEngine/Python-Application/New-Hotel-Id-Collection-Function/id_separation_function/supplier/restel/db_hotel_id_list.txt (144447 records)
Saved: /var/www/ScriptEngine/Python-Application/New-Hotel-Id-Collection-Function/id_separation_function/supplier/restel/server_present_but_db_id_not_present_list.txt (7 records)
Saved: /var/www/ScriptEngine/Python-Application/New-Hotel-Id-Collection-Function/id_separation_function/supplier/restel/db_present_but_server_json_not_present.txt (0 records)

Done.

Done.
Summary table updated.
History saved: /var/www/ScriptEngine/Python-Application/New-Hotel-Id-Collection-Function/id_separation_function/history/restel/2026-07-20.json
Finished: restel
End Time: Mon Jul 20 21:05:22 UTC 2026

===========================================
Running supplier: rnrhotel
Start Time: Mon Jul 20 21:05:22 UTC 2026
===========================================
Loading .env environment variables...
Supplier: rnrhotel
JSON Path: /var/www/Storage-Contents/Hotel-Supplier-Raw-Contents/rnrhotel
Output Path: /var/www/ScriptEngine/Python-Application/New-Hotel-Id-Collection-Function/id_separation_function/supplier/rnrhotel
Server JSON Count: 112
Database Hotel Count: 112
Database New Today Count: 0
ITTID Done: 106
Pending ITTID: 6
Saved: /var/www/ScriptEngine/Python-Application/New-Hotel-Id-Collection-Function/id_separation_function/supplier/rnrhotel/server_file_list.txt (112 records)
Saved: /var/www/ScriptEngine/Python-Application/New-Hotel-Id-Collection-Function/id_separation_function/supplier/rnrhotel/db_hotel_id_list.txt (112 records)
Saved: /var/www/ScriptEngine/Python-Application/New-Hotel-Id-Collection-Function/id_separation_function/supplier/rnrhotel/server_present_but_db_id_not_present_list.txt (0 records)
Saved: /var/www/ScriptEngine/Python-Application/New-Hotel-Id-Collection-Function/id_separation_function/supplier/rnrhotel/db_present_but_server_json_not_present.txt (0 records)

Done.

Done.
Summary table updated.
History saved: /var/www/ScriptEngine/Python-Application/New-Hotel-Id-Collection-Function/id_separation_function/history/rnrhotel/2026-07-20.json
Finished: rnrhotel
End Time: Mon Jul 20 21:05:22 UTC 2026

===========================================
Running supplier: roomerang
Start Time: Mon Jul 20 21:05:22 UTC 2026
===========================================
Loading .env environment variables...
Supplier: roomerang
JSON Path: /var/www/Storage-Contents/Hotel-Supplier-Raw-Contents/roomerang
Output Path: /var/www/ScriptEngine/Python-Application/New-Hotel-Id-Collection-Function/id_separation_function/supplier/roomerang
Server JSON Count: 708546
Database Hotel Count: 708527
Database New Today Count: 0
ITTID Done: 181282
Pending ITTID: 527245
Saved: /var/www/ScriptEngine/Python-Application/New-Hotel-Id-Collection-Function/id_separation_function/supplier/roomerang/server_file_list.txt (708546 records)
Saved: /var/www/ScriptEngine/Python-Application/New-Hotel-Id-Collection-Function/id_separation_function/supplier/roomerang/db_hotel_id_list.txt (708527 records)
Saved: /var/www/ScriptEngine/Python-Application/New-Hotel-Id-Collection-Function/id_separation_function/supplier/roomerang/server_present_but_db_id_not_present_list.txt (19 records)
Saved: /var/www/ScriptEngine/Python-Application/New-Hotel-Id-Collection-Function/id_separation_function/supplier/roomerang/db_present_but_server_json_not_present.txt (0 records)

Done.

Done.
Summary table updated.
History saved: /var/www/ScriptEngine/Python-Application/New-Hotel-Id-Collection-Function/id_separation_function/history/roomerang/2026-07-20.json
Finished: roomerang
End Time: Mon Jul 20 21:05:33 UTC 2026

===========================================
Running supplier: stuba
Start Time: Mon Jul 20 21:05:33 UTC 2026
===========================================
Loading .env environment variables...
Supplier: stuba
JSON Path: /var/www/Storage-Contents/Hotel-Supplier-Raw-Contents/stuba
Output Path: /var/www/ScriptEngine/Python-Application/New-Hotel-Id-Collection-Function/id_separation_function/supplier/stuba
Server JSON Count: 128611
Database Hotel Count: 128611
Database New Today Count: 0
ITTID Done: 115926
Pending ITTID: 12685
Saved: /var/www/ScriptEngine/Python-Application/New-Hotel-Id-Collection-Function/id_separation_function/supplier/stuba/server_file_list.txt (128611 records)
Saved: /var/www/ScriptEngine/Python-Application/New-Hotel-Id-Collection-Function/id_separation_function/supplier/stuba/db_hotel_id_list.txt (128611 records)
Saved: /var/www/ScriptEngine/Python-Application/New-Hotel-Id-Collection-Function/id_separation_function/supplier/stuba/server_present_but_db_id_not_present_list.txt (0 records)
Saved: /var/www/ScriptEngine/Python-Application/New-Hotel-Id-Collection-Function/id_separation_function/supplier/stuba/db_present_but_server_json_not_present.txt (0 records)

Done.

Done.
Summary table updated.
History saved: /var/www/ScriptEngine/Python-Application/New-Hotel-Id-Collection-Function/id_separation_function/history/stuba/2026-07-20.json
Finished: stuba
End Time: Mon Jul 20 21:05:35 UTC 2026

===========================================
Running supplier: tbohotel
Start Time: Mon Jul 20 21:05:35 UTC 2026
===========================================
Loading .env environment variables...
Supplier: tbohotel
JSON Path: /var/www/Storage-Contents/Hotel-Supplier-Raw-Contents/tbohotel
Output Path: /var/www/ScriptEngine/Python-Application/New-Hotel-Id-Collection-Function/id_separation_function/supplier/tbohotel
Server JSON Count: 1048319
Database Hotel Count: 1048319
Database New Today Count: 4
ITTID Done: 1035336
Pending ITTID: 12983
Saved: /var/www/ScriptEngine/Python-Application/New-Hotel-Id-Collection-Function/id_separation_function/supplier/tbohotel/server_file_list.txt (1048319 records)
Saved: /var/www/ScriptEngine/Python-Application/New-Hotel-Id-Collection-Function/id_separation_function/supplier/tbohotel/db_hotel_id_list.txt (1048319 records)
Saved: /var/www/ScriptEngine/Python-Application/New-Hotel-Id-Collection-Function/id_separation_function/supplier/tbohotel/server_present_but_db_id_not_present_list.txt (0 records)
Saved: /var/www/ScriptEngine/Python-Application/New-Hotel-Id-Collection-Function/id_separation_function/supplier/tbohotel/db_present_but_server_json_not_present.txt (0 records)

Done.

Done.
Summary table updated.
History saved: /var/www/ScriptEngine/Python-Application/New-Hotel-Id-Collection-Function/id_separation_function/history/tbohotel/2026-07-20.json
Finished: tbohotel
End Time: Mon Jul 20 21:05:59 UTC 2026

===========================================
Running supplier: travelrobothotel
Start Time: Mon Jul 20 21:05:59 UTC 2026
===========================================
Loading .env environment variables...
Supplier: travelrobothotel
JSON Path: /var/www/Storage-Contents/Hotel-Supplier-Raw-Contents/travelrobothotel
Output Path: /var/www/ScriptEngine/Python-Application/New-Hotel-Id-Collection-Function/id_separation_function/supplier/travelrobothotel
Server JSON Count: 1461694
Database Hotel Count: 1461693
Database New Today Count: 0
ITTID Done: 0
Pending ITTID: 1461693
Saved: /var/www/ScriptEngine/Python-Application/New-Hotel-Id-Collection-Function/id_separation_function/supplier/travelrobothotel/server_file_list.txt (1461694 records)
Saved: /var/www/ScriptEngine/Python-Application/New-Hotel-Id-Collection-Function/id_separation_function/supplier/travelrobothotel/db_hotel_id_list.txt (1461693 records)
Saved: /var/www/ScriptEngine/Python-Application/New-Hotel-Id-Collection-Function/id_separation_function/supplier/travelrobothotel/server_present_but_db_id_not_present_list.txt (1 records)
Saved: /var/www/ScriptEngine/Python-Application/New-Hotel-Id-Collection-Function/id_separation_function/supplier/travelrobothotel/db_present_but_server_json_not_present.txt (0 records)

Done.

Done.
Summary table updated.
History saved: /var/www/ScriptEngine/Python-Application/New-Hotel-Id-Collection-Function/id_separation_function/history/travelrobothotel/2026-07-20.json
Finished: travelrobothotel
End Time: Mon Jul 20 21:06:31 UTC 2026

===========================================
All suppliers completed.
Finished at: Mon Jul 20 21:06:31 UTC 2026
===========================================
===========================================
Started at: Tue Jul 21 21:00:01 UTC 2026
===========================================

===========================================
Running supplier: agoda
Start Time: Tue Jul 21 21:00:01 UTC 2026
===========================================
Loading .env environment variables...
Supplier: agoda
JSON Path: /var/www/Storage-Contents/Hotel-Supplier-Raw-Contents/agoda
Output Path: /var/www/ScriptEngine/Python-Application/New-Hotel-Id-Collection-Function/id_separation_function/supplier/agoda
Server JSON Count: 1027252
Database Hotel Count: 1027252
Database New Today Count: 1524
ITTID Done: 1025728
Pending ITTID: 1524
Saved: /var/www/ScriptEngine/Python-Application/New-Hotel-Id-Collection-Function/id_separation_function/supplier/agoda/server_file_list.txt (1027252 records)
Saved: /var/www/ScriptEngine/Python-Application/New-Hotel-Id-Collection-Function/id_separation_function/supplier/agoda/db_hotel_id_list.txt (1027252 records)
Saved: /var/www/ScriptEngine/Python-Application/New-Hotel-Id-Collection-Function/id_separation_function/supplier/agoda/server_present_but_db_id_not_present_list.txt (0 records)
Saved: /var/www/ScriptEngine/Python-Application/New-Hotel-Id-Collection-Function/id_separation_function/supplier/agoda/db_present_but_server_json_not_present.txt (0 records)

Done.

Done.
Summary table updated.
History saved: /var/www/ScriptEngine/Python-Application/New-Hotel-Id-Collection-Function/id_separation_function/history/agoda/2026-07-21.json
Finished: agoda
End Time: Tue Jul 21 21:00:39 UTC 2026

===========================================
Running supplier: amadeushotel
Start Time: Tue Jul 21 21:00:39 UTC 2026
===========================================
Loading .env environment variables...
Supplier: amadeushotel
JSON Path: /var/www/Storage-Contents/Hotel-Supplier-Raw-Contents/amadeushotel
Output Path: /var/www/ScriptEngine/Python-Application/New-Hotel-Id-Collection-Function/id_separation_function/supplier/amadeushotel
Server JSON Count: 94196
Database Hotel Count: 94196
Database New Today Count: 0
ITTID Done: 0
Pending ITTID: 94196
Saved: /var/www/ScriptEngine/Python-Application/New-Hotel-Id-Collection-Function/id_separation_function/supplier/amadeushotel/server_file_list.txt (94196 records)
Saved: /var/www/ScriptEngine/Python-Application/New-Hotel-Id-Collection-Function/id_separation_function/supplier/amadeushotel/db_hotel_id_list.txt (94196 records)
Saved: /var/www/ScriptEngine/Python-Application/New-Hotel-Id-Collection-Function/id_separation_function/supplier/amadeushotel/server_present_but_db_id_not_present_list.txt (0 records)
Saved: /var/www/ScriptEngine/Python-Application/New-Hotel-Id-Collection-Function/id_separation_function/supplier/amadeushotel/db_present_but_server_json_not_present.txt (0 records)

Done.

Done.
Summary table updated.
History saved: /var/www/ScriptEngine/Python-Application/New-Hotel-Id-Collection-Function/id_separation_function/history/amadeushotel/2026-07-21.json
Finished: amadeushotel
End Time: Tue Jul 21 21:00:42 UTC 2026

===========================================
Running supplier: didahotel
Start Time: Tue Jul 21 21:00:42 UTC 2026
===========================================
Loading .env environment variables...
Supplier: didahotel
JSON Path: /var/www/Storage-Contents/Hotel-Supplier-Raw-Contents/didahotel
Output Path: /var/www/ScriptEngine/Python-Application/New-Hotel-Id-Collection-Function/id_separation_function/supplier/didahotel
Server JSON Count: 209784
Database Hotel Count: 209784
Database New Today Count: 0
ITTID Done: 180322
Pending ITTID: 29462
Saved: /var/www/ScriptEngine/Python-Application/New-Hotel-Id-Collection-Function/id_separation_function/supplier/didahotel/server_file_list.txt (209784 records)
Saved: /var/www/ScriptEngine/Python-Application/New-Hotel-Id-Collection-Function/id_separation_function/supplier/didahotel/db_hotel_id_list.txt (209784 records)
Saved: /var/www/ScriptEngine/Python-Application/New-Hotel-Id-Collection-Function/id_separation_function/supplier/didahotel/server_present_but_db_id_not_present_list.txt (0 records)
Saved: /var/www/ScriptEngine/Python-Application/New-Hotel-Id-Collection-Function/id_separation_function/supplier/didahotel/db_present_but_server_json_not_present.txt (0 records)

Done.

Done.
Summary table updated.
History saved: /var/www/ScriptEngine/Python-Application/New-Hotel-Id-Collection-Function/id_separation_function/history/didahotel/2026-07-21.json
Finished: didahotel
End Time: Tue Jul 21 21:00:47 UTC 2026

===========================================
Running supplier: dotw
Start Time: Tue Jul 21 21:00:47 UTC 2026
===========================================
Loading .env environment variables...
Supplier: dotw
JSON Path: /var/www/Storage-Contents/Hotel-Supplier-Raw-Contents/dotw
Output Path: /var/www/ScriptEngine/Python-Application/New-Hotel-Id-Collection-Function/id_separation_function/supplier/dotw
Server JSON Count: 227144
Database Hotel Count: 227143
Database New Today Count: 0
ITTID Done: 215632
Pending ITTID: 11511
Saved: /var/www/ScriptEngine/Python-Application/New-Hotel-Id-Collection-Function/id_separation_function/supplier/dotw/server_file_list.txt (227144 records)
Saved: /var/www/ScriptEngine/Python-Application/New-Hotel-Id-Collection-Function/id_separation_function/supplier/dotw/db_hotel_id_list.txt (227143 records)
Saved: /var/www/ScriptEngine/Python-Application/New-Hotel-Id-Collection-Function/id_separation_function/supplier/dotw/server_present_but_db_id_not_present_list.txt (1 records)
Saved: /var/www/ScriptEngine/Python-Application/New-Hotel-Id-Collection-Function/id_separation_function/supplier/dotw/db_present_but_server_json_not_present.txt (0 records)

Done.

Done.
Summary table updated.
History saved: /var/www/ScriptEngine/Python-Application/New-Hotel-Id-Collection-Function/id_separation_function/history/dotw/2026-07-21.json
Finished: dotw
End Time: Tue Jul 21 21:00:52 UTC 2026

===========================================
Running supplier: ean
Start Time: Tue Jul 21 21:00:52 UTC 2026
===========================================
Loading .env environment variables...
Supplier: ean
JSON Path: /var/www/Storage-Contents/Hotel-Supplier-Raw-Contents/ean
Output Path: /var/www/ScriptEngine/Python-Application/New-Hotel-Id-Collection-Function/id_separation_function/supplier/ean
Server JSON Count: 616245
Database Hotel Count: 616245
Database New Today Count: 285
ITTID Done: 508940
Pending ITTID: 107305
Saved: /var/www/ScriptEngine/Python-Application/New-Hotel-Id-Collection-Function/id_separation_function/supplier/ean/server_file_list.txt (616245 records)
Saved: /var/www/ScriptEngine/Python-Application/New-Hotel-Id-Collection-Function/id_separation_function/supplier/ean/db_hotel_id_list.txt (616245 records)
Saved: /var/www/ScriptEngine/Python-Application/New-Hotel-Id-Collection-Function/id_separation_function/supplier/ean/server_present_but_db_id_not_present_list.txt (0 records)
Saved: /var/www/ScriptEngine/Python-Application/New-Hotel-Id-Collection-Function/id_separation_function/supplier/ean/db_present_but_server_json_not_present.txt (0 records)

Done.

Done.
Summary table updated.
History saved: /var/www/ScriptEngine/Python-Application/New-Hotel-Id-Collection-Function/id_separation_function/history/ean/2026-07-21.json
Finished: ean
End Time: Tue Jul 21 21:01:04 UTC 2026

===========================================
Running supplier: ebookinghotel
Start Time: Tue Jul 21 21:01:04 UTC 2026
===========================================
Loading .env environment variables...
Supplier: ebookinghotel
JSON Path: /var/www/Storage-Contents/Hotel-Supplier-Raw-Contents/ebookinghotel
Output Path: /var/www/ScriptEngine/Python-Application/New-Hotel-Id-Collection-Function/id_separation_function/supplier/ebookinghotel
Server JSON Count: 878990
Database Hotel Count: 878990
Database New Today Count: 0
ITTID Done: 0
Pending ITTID: 878990
Saved: /var/www/ScriptEngine/Python-Application/New-Hotel-Id-Collection-Function/id_separation_function/supplier/ebookinghotel/server_file_list.txt (878990 records)
Saved: /var/www/ScriptEngine/Python-Application/New-Hotel-Id-Collection-Function/id_separation_function/supplier/ebookinghotel/db_hotel_id_list.txt (878990 records)
Saved: /var/www/ScriptEngine/Python-Application/New-Hotel-Id-Collection-Function/id_separation_function/supplier/ebookinghotel/server_present_but_db_id_not_present_list.txt (0 records)
Saved: /var/www/ScriptEngine/Python-Application/New-Hotel-Id-Collection-Function/id_separation_function/supplier/ebookinghotel/db_present_but_server_json_not_present.txt (0 records)

Done.

Done.
Summary table updated.
History saved: /var/www/ScriptEngine/Python-Application/New-Hotel-Id-Collection-Function/id_separation_function/history/ebookinghotel/2026-07-21.json
Finished: ebookinghotel
End Time: Tue Jul 21 21:01:22 UTC 2026

===========================================
Running supplier: goglobal
Start Time: Tue Jul 21 21:01:22 UTC 2026
===========================================
Loading .env environment variables...
Supplier: goglobal
JSON Path: /var/www/Storage-Contents/Hotel-Supplier-Raw-Contents/goglobal
Output Path: /var/www/ScriptEngine/Python-Application/New-Hotel-Id-Collection-Function/id_separation_function/supplier/goglobal
Server JSON Count: 221411
Database Hotel Count: 221393
Database New Today Count: 0
ITTID Done: 215415
Pending ITTID: 5978
Saved: /var/www/ScriptEngine/Python-Application/New-Hotel-Id-Collection-Function/id_separation_function/supplier/goglobal/server_file_list.txt (221411 records)
Saved: /var/www/ScriptEngine/Python-Application/New-Hotel-Id-Collection-Function/id_separation_function/supplier/goglobal/db_hotel_id_list.txt (221393 records)
Saved: /var/www/ScriptEngine/Python-Application/New-Hotel-Id-Collection-Function/id_separation_function/supplier/goglobal/server_present_but_db_id_not_present_list.txt (18 records)
Saved: /var/www/ScriptEngine/Python-Application/New-Hotel-Id-Collection-Function/id_separation_function/supplier/goglobal/db_present_but_server_json_not_present.txt (0 records)

Done.

Done.
Summary table updated.
History saved: /var/www/ScriptEngine/Python-Application/New-Hotel-Id-Collection-Function/id_separation_function/history/goglobal/2026-07-21.json
Finished: goglobal
End Time: Tue Jul 21 21:01:27 UTC 2026

===========================================
Running supplier: grnconnect
Start Time: Tue Jul 21 21:01:27 UTC 2026
===========================================
Loading .env environment variables...
Supplier: grnconnect
JSON Path: /var/www/Storage-Contents/Hotel-Supplier-Raw-Contents/grnconnect
Output Path: /var/www/ScriptEngine/Python-Application/New-Hotel-Id-Collection-Function/id_separation_function/supplier/grnconnect
Server JSON Count: 214625
Database Hotel Count: 214625
Database New Today Count: 0
ITTID Done: 185747
Pending ITTID: 28878
Saved: /var/www/ScriptEngine/Python-Application/New-Hotel-Id-Collection-Function/id_separation_function/supplier/grnconnect/server_file_list.txt (214625 records)
Saved: /var/www/ScriptEngine/Python-Application/New-Hotel-Id-Collection-Function/id_separation_function/supplier/grnconnect/db_hotel_id_list.txt (214625 records)
Saved: /var/www/ScriptEngine/Python-Application/New-Hotel-Id-Collection-Function/id_separation_function/supplier/grnconnect/server_present_but_db_id_not_present_list.txt (0 records)
Saved: /var/www/ScriptEngine/Python-Application/New-Hotel-Id-Collection-Function/id_separation_function/supplier/grnconnect/db_present_but_server_json_not_present.txt (0 records)

Done.

Done.
Summary table updated.
History saved: /var/www/ScriptEngine/Python-Application/New-Hotel-Id-Collection-Function/id_separation_function/history/grnconnect/2026-07-21.json
Finished: grnconnect
End Time: Tue Jul 21 21:01:32 UTC 2026

===========================================
Running supplier: hotelbeds
Start Time: Tue Jul 21 21:01:32 UTC 2026
===========================================
Loading .env environment variables...
Supplier: hotelbeds
JSON Path: /var/www/Storage-Contents/Hotel-Supplier-Raw-Contents/hotelbeds
Output Path: /var/www/ScriptEngine/Python-Application/New-Hotel-Id-Collection-Function/id_separation_function/supplier/hotelbeds
Server JSON Count: 474500
Database Hotel Count: 474500
Database New Today Count: 1
ITTID Done: 458712
Pending ITTID: 15788
Saved: /var/www/ScriptEngine/Python-Application/New-Hotel-Id-Collection-Function/id_separation_function/supplier/hotelbeds/server_file_list.txt (474500 records)
Saved: /var/www/ScriptEngine/Python-Application/New-Hotel-Id-Collection-Function/id_separation_function/supplier/hotelbeds/db_hotel_id_list.txt (474500 records)
Saved: /var/www/ScriptEngine/Python-Application/New-Hotel-Id-Collection-Function/id_separation_function/supplier/hotelbeds/server_present_but_db_id_not_present_list.txt (0 records)
Saved: /var/www/ScriptEngine/Python-Application/New-Hotel-Id-Collection-Function/id_separation_function/supplier/hotelbeds/db_present_but_server_json_not_present.txt (0 records)

Done.

Done.
Summary table updated.
History saved: /var/www/ScriptEngine/Python-Application/New-Hotel-Id-Collection-Function/id_separation_function/history/hotelbeds/2026-07-21.json
Finished: hotelbeds
End Time: Tue Jul 21 21:01:46 UTC 2026

===========================================
Running supplier: hotelston
Start Time: Tue Jul 21 21:01:46 UTC 2026
===========================================
Loading .env environment variables...
Supplier: hotelston
JSON Path: /var/www/Storage-Contents/Hotel-Supplier-Raw-Contents/hotelston
Output Path: /var/www/ScriptEngine/Python-Application/New-Hotel-Id-Collection-Function/id_separation_function/supplier/hotelston
Server JSON Count: 3693299
Database Hotel Count: 3693299
Database New Today Count: 0
ITTID Done: 603685
Pending ITTID: 3089614
Saved: /var/www/ScriptEngine/Python-Application/New-Hotel-Id-Collection-Function/id_separation_function/supplier/hotelston/server_file_list.txt (3693299 records)
Saved: /var/www/ScriptEngine/Python-Application/New-Hotel-Id-Collection-Function/id_separation_function/supplier/hotelston/db_hotel_id_list.txt (3693299 records)
Saved: /var/www/ScriptEngine/Python-Application/New-Hotel-Id-Collection-Function/id_separation_function/supplier/hotelston/server_present_but_db_id_not_present_list.txt (0 records)
Saved: /var/www/ScriptEngine/Python-Application/New-Hotel-Id-Collection-Function/id_separation_function/supplier/hotelston/db_present_but_server_json_not_present.txt (0 records)

Done.

Done.
Summary table updated.
History saved: /var/www/ScriptEngine/Python-Application/New-Hotel-Id-Collection-Function/id_separation_function/history/hotelston/2026-07-21.json
Finished: hotelston
End Time: Tue Jul 21 21:03:12 UTC 2026

===========================================
Running supplier: hyperguestdirect
Start Time: Tue Jul 21 21:03:12 UTC 2026
===========================================
Loading .env environment variables...
Supplier: hyperguestdirect
JSON Path: /var/www/Storage-Contents/Hotel-Supplier-Raw-Contents/hyperguestdirect
Output Path: /var/www/ScriptEngine/Python-Application/New-Hotel-Id-Collection-Function/id_separation_function/supplier/hyperguestdirect
Server JSON Count: 66516
Database Hotel Count: 66516
Database New Today Count: 17
ITTID Done: 49276
Pending ITTID: 17240
Saved: /var/www/ScriptEngine/Python-Application/New-Hotel-Id-Collection-Function/id_separation_function/supplier/hyperguestdirect/server_file_list.txt (66516 records)
Saved: /var/www/ScriptEngine/Python-Application/New-Hotel-Id-Collection-Function/id_separation_function/supplier/hyperguestdirect/db_hotel_id_list.txt (66516 records)
Saved: /var/www/ScriptEngine/Python-Application/New-Hotel-Id-Collection-Function/id_separation_function/supplier/hyperguestdirect/server_present_but_db_id_not_present_list.txt (0 records)
Saved: /var/www/ScriptEngine/Python-Application/New-Hotel-Id-Collection-Function/id_separation_function/supplier/hyperguestdirect/db_present_but_server_json_not_present.txt (0 records)

Done.

Done.
Summary table updated.
History saved: /var/www/ScriptEngine/Python-Application/New-Hotel-Id-Collection-Function/id_separation_function/history/hyperguestdirect/2026-07-21.json
Finished: hyperguestdirect
End Time: Tue Jul 21 21:03:14 UTC 2026

===========================================
Running supplier: illusionshotel
Start Time: Tue Jul 21 21:03:14 UTC 2026
===========================================
Loading .env environment variables...
Supplier: illusionshotel
JSON Path: /var/www/Storage-Contents/Hotel-Supplier-Raw-Contents/illusionshotel
Output Path: /var/www/ScriptEngine/Python-Application/New-Hotel-Id-Collection-Function/id_separation_function/supplier/illusionshotel
Server JSON Count: 395727
Database Hotel Count: 395727
Database New Today Count: 0
ITTID Done: 42240
Pending ITTID: 353487
Saved: /var/www/ScriptEngine/Python-Application/New-Hotel-Id-Collection-Function/id_separation_function/supplier/illusionshotel/server_file_list.txt (395727 records)
Saved: /var/www/ScriptEngine/Python-Application/New-Hotel-Id-Collection-Function/id_separation_function/supplier/illusionshotel/db_hotel_id_list.txt (395727 records)
Saved: /var/www/ScriptEngine/Python-Application/New-Hotel-Id-Collection-Function/id_separation_function/supplier/illusionshotel/server_present_but_db_id_not_present_list.txt (0 records)
Saved: /var/www/ScriptEngine/Python-Application/New-Hotel-Id-Collection-Function/id_separation_function/supplier/illusionshotel/db_present_but_server_json_not_present.txt (0 records)

Done.

Done.
Summary table updated.
History saved: /var/www/ScriptEngine/Python-Application/New-Hotel-Id-Collection-Function/id_separation_function/history/illusionshotel/2026-07-21.json
Finished: illusionshotel
End Time: Tue Jul 21 21:03:21 UTC 2026

===========================================
Running supplier: innstant
Start Time: Tue Jul 21 21:03:21 UTC 2026
===========================================
Loading .env environment variables...
Supplier: innstant
JSON Path: /var/www/Storage-Contents/Hotel-Supplier-Raw-Contents/innstant
Output Path: /var/www/ScriptEngine/Python-Application/New-Hotel-Id-Collection-Function/id_separation_function/supplier/innstant
Server JSON Count: 649448
Database Hotel Count: 649436
Database New Today Count: 0
ITTID Done: 472508
Pending ITTID: 176928
Saved: /var/www/ScriptEngine/Python-Application/New-Hotel-Id-Collection-Function/id_separation_function/supplier/innstant/server_file_list.txt (649448 records)
Saved: /var/www/ScriptEngine/Python-Application/New-Hotel-Id-Collection-Function/id_separation_function/supplier/innstant/db_hotel_id_list.txt (649436 records)
Saved: /var/www/ScriptEngine/Python-Application/New-Hotel-Id-Collection-Function/id_separation_function/supplier/innstant/server_present_but_db_id_not_present_list.txt (12 records)
Saved: /var/www/ScriptEngine/Python-Application/New-Hotel-Id-Collection-Function/id_separation_function/supplier/innstant/db_present_but_server_json_not_present.txt (0 records)

Done.

Done.
Summary table updated.
History saved: /var/www/ScriptEngine/Python-Application/New-Hotel-Id-Collection-Function/id_separation_function/history/innstant/2026-07-21.json
Finished: innstant
End Time: Tue Jul 21 21:03:30 UTC 2026

===========================================
Running supplier: juniperhotel
Start Time: Tue Jul 21 21:03:30 UTC 2026
===========================================
Loading .env environment variables...
Supplier: juniperhotel
JSON Path: /var/www/Storage-Contents/Hotel-Supplier-Raw-Contents/juniperhotel
Output Path: /var/www/ScriptEngine/Python-Application/New-Hotel-Id-Collection-Function/id_separation_function/supplier/juniperhotel
Server JSON Count: 428859
Database Hotel Count: 429113
Database New Today Count: 0
ITTID Done: 427080
Pending ITTID: 2033
Saved: /var/www/ScriptEngine/Python-Application/New-Hotel-Id-Collection-Function/id_separation_function/supplier/juniperhotel/server_file_list.txt (428859 records)
Saved: /var/www/ScriptEngine/Python-Application/New-Hotel-Id-Collection-Function/id_separation_function/supplier/juniperhotel/db_hotel_id_list.txt (429113 records)
Saved: /var/www/ScriptEngine/Python-Application/New-Hotel-Id-Collection-Function/id_separation_function/supplier/juniperhotel/server_present_but_db_id_not_present_list.txt (0 records)
Saved: /var/www/ScriptEngine/Python-Application/New-Hotel-Id-Collection-Function/id_separation_function/supplier/juniperhotel/db_present_but_server_json_not_present.txt (254 records)

Done.

Done.
Summary table updated.
History saved: /var/www/ScriptEngine/Python-Application/New-Hotel-Id-Collection-Function/id_separation_function/history/juniperhotel/2026-07-21.json
Finished: juniperhotel
End Time: Tue Jul 21 21:03:42 UTC 2026

===========================================
Running supplier: kiwihotel
Start Time: Tue Jul 21 21:03:42 UTC 2026
===========================================
Loading .env environment variables...
Supplier: kiwihotel
JSON Path: /var/www/Storage-Contents/Hotel-Supplier-Raw-Contents/kiwihotel
Output Path: /var/www/ScriptEngine/Python-Application/New-Hotel-Id-Collection-Function/id_separation_function/supplier/kiwihotel
Server JSON Count: 1943
Database Hotel Count: 1943
Database New Today Count: 0
ITTID Done: 0
Pending ITTID: 1943
Saved: /var/www/ScriptEngine/Python-Application/New-Hotel-Id-Collection-Function/id_separation_function/supplier/kiwihotel/server_file_list.txt (1943 records)
Saved: /var/www/ScriptEngine/Python-Application/New-Hotel-Id-Collection-Function/id_separation_function/supplier/kiwihotel/db_hotel_id_list.txt (1943 records)
Saved: /var/www/ScriptEngine/Python-Application/New-Hotel-Id-Collection-Function/id_separation_function/supplier/kiwihotel/server_present_but_db_id_not_present_list.txt (0 records)
Saved: /var/www/ScriptEngine/Python-Application/New-Hotel-Id-Collection-Function/id_separation_function/supplier/kiwihotel/db_present_but_server_json_not_present.txt (0 records)

Done.

Done.
Summary table updated.
History saved: /var/www/ScriptEngine/Python-Application/New-Hotel-Id-Collection-Function/id_separation_function/history/kiwihotel/2026-07-21.json
Finished: kiwihotel
End Time: Tue Jul 21 21:03:43 UTC 2026

===========================================
Running supplier: mgholiday
Start Time: Tue Jul 21 21:03:43 UTC 2026
===========================================
Loading .env environment variables...
Supplier: mgholiday
JSON Path: /var/www/Storage-Contents/Hotel-Supplier-Raw-Contents/mgholiday
Output Path: /var/www/ScriptEngine/Python-Application/New-Hotel-Id-Collection-Function/id_separation_function/supplier/mgholiday
Server JSON Count: 235066
Database Hotel Count: 235065
Database New Today Count: 0
ITTID Done: 196323
Pending ITTID: 38742
Saved: /var/www/ScriptEngine/Python-Application/New-Hotel-Id-Collection-Function/id_separation_function/supplier/mgholiday/server_file_list.txt (235066 records)
Saved: /var/www/ScriptEngine/Python-Application/New-Hotel-Id-Collection-Function/id_separation_function/supplier/mgholiday/db_hotel_id_list.txt (235065 records)
Saved: /var/www/ScriptEngine/Python-Application/New-Hotel-Id-Collection-Function/id_separation_function/supplier/mgholiday/server_present_but_db_id_not_present_list.txt (2 records)
Saved: /var/www/ScriptEngine/Python-Application/New-Hotel-Id-Collection-Function/id_separation_function/supplier/mgholiday/db_present_but_server_json_not_present.txt (1 records)

Done.

Done.
Summary table updated.
History saved: /var/www/ScriptEngine/Python-Application/New-Hotel-Id-Collection-Function/id_separation_function/history/mgholiday/2026-07-21.json
Finished: mgholiday
End Time: Tue Jul 21 21:03:48 UTC 2026

===========================================
Running supplier: paximumhotel
Start Time: Tue Jul 21 21:03:48 UTC 2026
===========================================
Loading .env environment variables...
Supplier: paximumhotel
JSON Path: /var/www/Storage-Contents/Hotel-Supplier-Raw-Contents/paximumhotel
Output Path: /var/www/ScriptEngine/Python-Application/New-Hotel-Id-Collection-Function/id_separation_function/supplier/paximumhotel
Server JSON Count: 1385584
Database Hotel Count: 1385589
Database New Today Count: 0
ITTID Done: 109901
Pending ITTID: 1275688
Saved: /var/www/ScriptEngine/Python-Application/New-Hotel-Id-Collection-Function/id_separation_function/supplier/paximumhotel/server_file_list.txt (1385584 records)
Saved: /var/www/ScriptEngine/Python-Application/New-Hotel-Id-Collection-Function/id_separation_function/supplier/paximumhotel/db_hotel_id_list.txt (1385589 records)
Saved: /var/www/ScriptEngine/Python-Application/New-Hotel-Id-Collection-Function/id_separation_function/supplier/paximumhotel/server_present_but_db_id_not_present_list.txt (0 records)
Saved: /var/www/ScriptEngine/Python-Application/New-Hotel-Id-Collection-Function/id_separation_function/supplier/paximumhotel/db_present_but_server_json_not_present.txt (5 records)

Done.

Done.
Summary table updated.
History saved: /var/www/ScriptEngine/Python-Application/New-Hotel-Id-Collection-Function/id_separation_function/history/paximumhotel/2026-07-21.json
Finished: paximumhotel
End Time: Tue Jul 21 21:04:08 UTC 2026

===========================================
Running supplier: rakuten
Start Time: Tue Jul 21 21:04:08 UTC 2026
===========================================
Loading .env environment variables...
Supplier: rakuten
JSON Path: /var/www/Storage-Contents/Hotel-Supplier-Raw-Contents/rakuten
Output Path: /var/www/ScriptEngine/Python-Application/New-Hotel-Id-Collection-Function/id_separation_function/supplier/rakuten
Server JSON Count: 37864
Database Hotel Count: 37587
Database New Today Count: 0
ITTID Done: 14079
Pending ITTID: 23508
Saved: /var/www/ScriptEngine/Python-Application/New-Hotel-Id-Collection-Function/id_separation_function/supplier/rakuten/server_file_list.txt (37864 records)
Saved: /var/www/ScriptEngine/Python-Application/New-Hotel-Id-Collection-Function/id_separation_function/supplier/rakuten/db_hotel_id_list.txt (37587 records)
Saved: /var/www/ScriptEngine/Python-Application/New-Hotel-Id-Collection-Function/id_separation_function/supplier/rakuten/server_present_but_db_id_not_present_list.txt (277 records)
Saved: /var/www/ScriptEngine/Python-Application/New-Hotel-Id-Collection-Function/id_separation_function/supplier/rakuten/db_present_but_server_json_not_present.txt (0 records)

Done.

Done.
Summary table updated.
History saved: /var/www/ScriptEngine/Python-Application/New-Hotel-Id-Collection-Function/id_separation_function/history/rakuten/2026-07-21.json
Finished: rakuten
End Time: Tue Jul 21 21:04:09 UTC 2026

===========================================
Running supplier: ratehawkhotel
Start Time: Tue Jul 21 21:04:09 UTC 2026
===========================================
Loading .env environment variables...
Supplier: ratehawkhotel
JSON Path: /var/www/Storage-Contents/Hotel-Supplier-Raw-Contents/ratehawkhotel
Output Path: /var/www/ScriptEngine/Python-Application/New-Hotel-Id-Collection-Function/id_separation_function/supplier/ratehawkhotel
Server JSON Count: 2771497
Database Hotel Count: 2767558
Database New Today Count: 0
ITTID Done: 1372051
Pending ITTID: 1395507
Saved: /var/www/ScriptEngine/Python-Application/New-Hotel-Id-Collection-Function/id_separation_function/supplier/ratehawkhotel/server_file_list.txt (2771497 records)
Saved: /var/www/ScriptEngine/Python-Application/New-Hotel-Id-Collection-Function/id_separation_function/supplier/ratehawkhotel/db_hotel_id_list.txt (2767558 records)
Saved: /var/www/ScriptEngine/Python-Application/New-Hotel-Id-Collection-Function/id_separation_function/supplier/ratehawkhotel/server_present_but_db_id_not_present_list.txt (4902 records)
Saved: /var/www/ScriptEngine/Python-Application/New-Hotel-Id-Collection-Function/id_separation_function/supplier/ratehawkhotel/db_present_but_server_json_not_present.txt (963 records)

Done.

Done.
Summary table updated.
History saved: /var/www/ScriptEngine/Python-Application/New-Hotel-Id-Collection-Function/id_separation_function/history/ratehawkhotel/2026-07-21.json
Finished: ratehawkhotel
End Time: Tue Jul 21 21:04:54 UTC 2026

===========================================
Running supplier: restel
Start Time: Tue Jul 21 21:04:54 UTC 2026
===========================================
Loading .env environment variables...
Supplier: restel
JSON Path: /var/www/Storage-Contents/Hotel-Supplier-Raw-Contents/restel
Output Path: /var/www/ScriptEngine/Python-Application/New-Hotel-Id-Collection-Function/id_separation_function/supplier/restel
Server JSON Count: 144454
Database Hotel Count: 144447
Database New Today Count: 0
ITTID Done: 87229
Pending ITTID: 57218
Saved: /var/www/ScriptEngine/Python-Application/New-Hotel-Id-Collection-Function/id_separation_function/supplier/restel/server_file_list.txt (144454 records)
Saved: /var/www/ScriptEngine/Python-Application/New-Hotel-Id-Collection-Function/id_separation_function/supplier/restel/db_hotel_id_list.txt (144447 records)
Saved: /var/www/ScriptEngine/Python-Application/New-Hotel-Id-Collection-Function/id_separation_function/supplier/restel/server_present_but_db_id_not_present_list.txt (7 records)
Saved: /var/www/ScriptEngine/Python-Application/New-Hotel-Id-Collection-Function/id_separation_function/supplier/restel/db_present_but_server_json_not_present.txt (0 records)

Done.

Done.
Summary table updated.
History saved: /var/www/ScriptEngine/Python-Application/New-Hotel-Id-Collection-Function/id_separation_function/history/restel/2026-07-21.json
Finished: restel
End Time: Tue Jul 21 21:04:58 UTC 2026

===========================================
Running supplier: rnrhotel
Start Time: Tue Jul 21 21:04:58 UTC 2026
===========================================
Loading .env environment variables...
Supplier: rnrhotel
JSON Path: /var/www/Storage-Contents/Hotel-Supplier-Raw-Contents/rnrhotel
Output Path: /var/www/ScriptEngine/Python-Application/New-Hotel-Id-Collection-Function/id_separation_function/supplier/rnrhotel
Server JSON Count: 112
Database Hotel Count: 112
Database New Today Count: 0
ITTID Done: 106
Pending ITTID: 6
Saved: /var/www/ScriptEngine/Python-Application/New-Hotel-Id-Collection-Function/id_separation_function/supplier/rnrhotel/server_file_list.txt (112 records)
Saved: /var/www/ScriptEngine/Python-Application/New-Hotel-Id-Collection-Function/id_separation_function/supplier/rnrhotel/db_hotel_id_list.txt (112 records)
Saved: /var/www/ScriptEngine/Python-Application/New-Hotel-Id-Collection-Function/id_separation_function/supplier/rnrhotel/server_present_but_db_id_not_present_list.txt (0 records)
Saved: /var/www/ScriptEngine/Python-Application/New-Hotel-Id-Collection-Function/id_separation_function/supplier/rnrhotel/db_present_but_server_json_not_present.txt (0 records)

Done.

Done.
Summary table updated.
History saved: /var/www/ScriptEngine/Python-Application/New-Hotel-Id-Collection-Function/id_separation_function/history/rnrhotel/2026-07-21.json
Finished: rnrhotel
End Time: Tue Jul 21 21:04:58 UTC 2026

===========================================
Running supplier: roomerang
Start Time: Tue Jul 21 21:04:58 UTC 2026
===========================================
Loading .env environment variables...
Supplier: roomerang
JSON Path: /var/www/Storage-Contents/Hotel-Supplier-Raw-Contents/roomerang
Output Path: /var/www/ScriptEngine/Python-Application/New-Hotel-Id-Collection-Function/id_separation_function/supplier/roomerang
Server JSON Count: 708546
Database Hotel Count: 708527
Database New Today Count: 0
ITTID Done: 181282
Pending ITTID: 527245
Saved: /var/www/ScriptEngine/Python-Application/New-Hotel-Id-Collection-Function/id_separation_function/supplier/roomerang/server_file_list.txt (708546 records)
Saved: /var/www/ScriptEngine/Python-Application/New-Hotel-Id-Collection-Function/id_separation_function/supplier/roomerang/db_hotel_id_list.txt (708527 records)
Saved: /var/www/ScriptEngine/Python-Application/New-Hotel-Id-Collection-Function/id_separation_function/supplier/roomerang/server_present_but_db_id_not_present_list.txt (19 records)
Saved: /var/www/ScriptEngine/Python-Application/New-Hotel-Id-Collection-Function/id_separation_function/supplier/roomerang/db_present_but_server_json_not_present.txt (0 records)

Done.

Done.
Summary table updated.
History saved: /var/www/ScriptEngine/Python-Application/New-Hotel-Id-Collection-Function/id_separation_function/history/roomerang/2026-07-21.json
Finished: roomerang
End Time: Tue Jul 21 21:05:09 UTC 2026

===========================================
Running supplier: stuba
Start Time: Tue Jul 21 21:05:09 UTC 2026
===========================================
Loading .env environment variables...
Supplier: stuba
JSON Path: /var/www/Storage-Contents/Hotel-Supplier-Raw-Contents/stuba
Output Path: /var/www/ScriptEngine/Python-Application/New-Hotel-Id-Collection-Function/id_separation_function/supplier/stuba
Server JSON Count: 128611
Database Hotel Count: 128611
Database New Today Count: 0
ITTID Done: 115926
Pending ITTID: 12685
Saved: /var/www/ScriptEngine/Python-Application/New-Hotel-Id-Collection-Function/id_separation_function/supplier/stuba/server_file_list.txt (128611 records)
Saved: /var/www/ScriptEngine/Python-Application/New-Hotel-Id-Collection-Function/id_separation_function/supplier/stuba/db_hotel_id_list.txt (128611 records)
Saved: /var/www/ScriptEngine/Python-Application/New-Hotel-Id-Collection-Function/id_separation_function/supplier/stuba/server_present_but_db_id_not_present_list.txt (0 records)
Saved: /var/www/ScriptEngine/Python-Application/New-Hotel-Id-Collection-Function/id_separation_function/supplier/stuba/db_present_but_server_json_not_present.txt (0 records)

Done.

Done.
Summary table updated.
History saved: /var/www/ScriptEngine/Python-Application/New-Hotel-Id-Collection-Function/id_separation_function/history/stuba/2026-07-21.json
Finished: stuba
End Time: Tue Jul 21 21:05:11 UTC 2026

===========================================
Running supplier: tbohotel
Start Time: Tue Jul 21 21:05:11 UTC 2026
===========================================
Loading .env environment variables...
Supplier: tbohotel
JSON Path: /var/www/Storage-Contents/Hotel-Supplier-Raw-Contents/tbohotel
Output Path: /var/www/ScriptEngine/Python-Application/New-Hotel-Id-Collection-Function/id_separation_function/supplier/tbohotel
Server JSON Count: 1048319
Database Hotel Count: 1048319
Database New Today Count: 0
ITTID Done: 1035336
Pending ITTID: 12983
Saved: /var/www/ScriptEngine/Python-Application/New-Hotel-Id-Collection-Function/id_separation_function/supplier/tbohotel/server_file_list.txt (1048319 records)
Saved: /var/www/ScriptEngine/Python-Application/New-Hotel-Id-Collection-Function/id_separation_function/supplier/tbohotel/db_hotel_id_list.txt (1048319 records)
Saved: /var/www/ScriptEngine/Python-Application/New-Hotel-Id-Collection-Function/id_separation_function/supplier/tbohotel/server_present_but_db_id_not_present_list.txt (0 records)
Saved: /var/www/ScriptEngine/Python-Application/New-Hotel-Id-Collection-Function/id_separation_function/supplier/tbohotel/db_present_but_server_json_not_present.txt (0 records)

Done.

Done.
Summary table updated.
History saved: /var/www/ScriptEngine/Python-Application/New-Hotel-Id-Collection-Function/id_separation_function/history/tbohotel/2026-07-21.json
Finished: tbohotel
End Time: Tue Jul 21 21:05:33 UTC 2026

===========================================
Running supplier: travelrobothotel
Start Time: Tue Jul 21 21:05:33 UTC 2026
===========================================
Loading .env environment variables...
Supplier: travelrobothotel
JSON Path: /var/www/Storage-Contents/Hotel-Supplier-Raw-Contents/travelrobothotel
Output Path: /var/www/ScriptEngine/Python-Application/New-Hotel-Id-Collection-Function/id_separation_function/supplier/travelrobothotel
Server JSON Count: 1461694
Database Hotel Count: 1461693
Database New Today Count: 0
ITTID Done: 0
Pending ITTID: 1461693
Saved: /var/www/ScriptEngine/Python-Application/New-Hotel-Id-Collection-Function/id_separation_function/supplier/travelrobothotel/server_file_list.txt (1461694 records)
Saved: /var/www/ScriptEngine/Python-Application/New-Hotel-Id-Collection-Function/id_separation_function/supplier/travelrobothotel/db_hotel_id_list.txt (1461693 records)
Saved: /var/www/ScriptEngine/Python-Application/New-Hotel-Id-Collection-Function/id_separation_function/supplier/travelrobothotel/server_present_but_db_id_not_present_list.txt (1 records)
Saved: /var/www/ScriptEngine/Python-Application/New-Hotel-Id-Collection-Function/id_separation_function/supplier/travelrobothotel/db_present_but_server_json_not_present.txt (0 records)

Done.

Done.
Summary table updated.
History saved: /var/www/ScriptEngine/Python-Application/New-Hotel-Id-Collection-Function/id_separation_function/history/travelrobothotel/2026-07-21.json
Finished: travelrobothotel
End Time: Tue Jul 21 21:05:55 UTC 2026

===========================================
All suppliers completed.
Finished at: Tue Jul 21 21:05:55 UTC 2026
===========================================
===========================================
Started at: Wed Jul 22 21:00:01 UTC 2026
===========================================

===========================================
Running supplier: agoda
Start Time: Wed Jul 22 21:00:01 UTC 2026
===========================================
Loading .env environment variables...
Supplier: agoda
JSON Path: /var/www/Storage-Contents/Hotel-Supplier-Raw-Contents/agoda
Output Path: /var/www/ScriptEngine/Python-Application/New-Hotel-Id-Collection-Function/id_separation_function/supplier/agoda
Server JSON Count: 1029536
Database Hotel Count: 1029536
Database New Today Count: 2284
ITTID Done: 1025728
Pending ITTID: 3808
Saved: /var/www/ScriptEngine/Python-Application/New-Hotel-Id-Collection-Function/id_separation_function/supplier/agoda/server_file_list.txt (1029536 records)
Saved: /var/www/ScriptEngine/Python-Application/New-Hotel-Id-Collection-Function/id_separation_function/supplier/agoda/db_hotel_id_list.txt (1029536 records)
Saved: /var/www/ScriptEngine/Python-Application/New-Hotel-Id-Collection-Function/id_separation_function/supplier/agoda/server_present_but_db_id_not_present_list.txt (0 records)
Saved: /var/www/ScriptEngine/Python-Application/New-Hotel-Id-Collection-Function/id_separation_function/supplier/agoda/db_present_but_server_json_not_present.txt (0 records)

Done.

Done.
Summary table updated.
History saved: /var/www/ScriptEngine/Python-Application/New-Hotel-Id-Collection-Function/id_separation_function/history/agoda/2026-07-22.json
Finished: agoda
End Time: Wed Jul 22 21:00:42 UTC 2026

===========================================
Running supplier: amadeushotel
Start Time: Wed Jul 22 21:00:42 UTC 2026
===========================================
Loading .env environment variables...
Supplier: amadeushotel
JSON Path: /var/www/Storage-Contents/Hotel-Supplier-Raw-Contents/amadeushotel
Output Path: /var/www/ScriptEngine/Python-Application/New-Hotel-Id-Collection-Function/id_separation_function/supplier/amadeushotel
Server JSON Count: 94196
Database Hotel Count: 94196
Database New Today Count: 0
ITTID Done: 0
Pending ITTID: 94196
Saved: /var/www/ScriptEngine/Python-Application/New-Hotel-Id-Collection-Function/id_separation_function/supplier/amadeushotel/server_file_list.txt (94196 records)
Saved: /var/www/ScriptEngine/Python-Application/New-Hotel-Id-Collection-Function/id_separation_function/supplier/amadeushotel/db_hotel_id_list.txt (94196 records)
Saved: /var/www/ScriptEngine/Python-Application/New-Hotel-Id-Collection-Function/id_separation_function/supplier/amadeushotel/server_present_but_db_id_not_present_list.txt (0 records)
Saved: /var/www/ScriptEngine/Python-Application/New-Hotel-Id-Collection-Function/id_separation_function/supplier/amadeushotel/db_present_but_server_json_not_present.txt (0 records)

Done.

Done.
Summary table updated.
History saved: /var/www/ScriptEngine/Python-Application/New-Hotel-Id-Collection-Function/id_separation_function/history/amadeushotel/2026-07-22.json
Finished: amadeushotel
End Time: Wed Jul 22 21:00:45 UTC 2026

===========================================
Running supplier: didahotel
Start Time: Wed Jul 22 21:00:45 UTC 2026
===========================================
Loading .env environment variables...
Supplier: didahotel
JSON Path: /var/www/Storage-Contents/Hotel-Supplier-Raw-Contents/didahotel
Output Path: /var/www/ScriptEngine/Python-Application/New-Hotel-Id-Collection-Function/id_separation_function/supplier/didahotel
Server JSON Count: 209784
Database Hotel Count: 209784
Database New Today Count: 0
ITTID Done: 180322
Pending ITTID: 29462
Saved: /var/www/ScriptEngine/Python-Application/New-Hotel-Id-Collection-Function/id_separation_function/supplier/didahotel/server_file_list.txt (209784 records)
Saved: /var/www/ScriptEngine/Python-Application/New-Hotel-Id-Collection-Function/id_separation_function/supplier/didahotel/db_hotel_id_list.txt (209784 records)
Saved: /var/www/ScriptEngine/Python-Application/New-Hotel-Id-Collection-Function/id_separation_function/supplier/didahotel/server_present_but_db_id_not_present_list.txt (0 records)
Saved: /var/www/ScriptEngine/Python-Application/New-Hotel-Id-Collection-Function/id_separation_function/supplier/didahotel/db_present_but_server_json_not_present.txt (0 records)

Done.

Done.
Summary table updated.
History saved: /var/www/ScriptEngine/Python-Application/New-Hotel-Id-Collection-Function/id_separation_function/history/didahotel/2026-07-22.json
Finished: didahotel
End Time: Wed Jul 22 21:00:49 UTC 2026

===========================================
Running supplier: dotw
Start Time: Wed Jul 22 21:00:49 UTC 2026
===========================================
Loading .env environment variables...
Supplier: dotw
JSON Path: /var/www/Storage-Contents/Hotel-Supplier-Raw-Contents/dotw
Output Path: /var/www/ScriptEngine/Python-Application/New-Hotel-Id-Collection-Function/id_separation_function/supplier/dotw
Server JSON Count: 227144
Database Hotel Count: 227143
Database New Today Count: 0
ITTID Done: 215632
Pending ITTID: 11511
Saved: /var/www/ScriptEngine/Python-Application/New-Hotel-Id-Collection-Function/id_separation_function/supplier/dotw/server_file_list.txt (227144 records)
Saved: /var/www/ScriptEngine/Python-Application/New-Hotel-Id-Collection-Function/id_separation_function/supplier/dotw/db_hotel_id_list.txt (227143 records)
Saved: /var/www/ScriptEngine/Python-Application/New-Hotel-Id-Collection-Function/id_separation_function/supplier/dotw/server_present_but_db_id_not_present_list.txt (1 records)
Saved: /var/www/ScriptEngine/Python-Application/New-Hotel-Id-Collection-Function/id_separation_function/supplier/dotw/db_present_but_server_json_not_present.txt (0 records)

Done.

Done.
Summary table updated.
History saved: /var/www/ScriptEngine/Python-Application/New-Hotel-Id-Collection-Function/id_separation_function/history/dotw/2026-07-22.json
Finished: dotw
End Time: Wed Jul 22 21:00:54 UTC 2026

===========================================
Running supplier: ean
Start Time: Wed Jul 22 21:00:54 UTC 2026
===========================================
Loading .env environment variables...
Supplier: ean
JSON Path: /var/www/Storage-Contents/Hotel-Supplier-Raw-Contents/ean
Output Path: /var/www/ScriptEngine/Python-Application/New-Hotel-Id-Collection-Function/id_separation_function/supplier/ean
Server JSON Count: 616435
Database Hotel Count: 616435
Database New Today Count: 190
ITTID Done: 508942
Pending ITTID: 107493
Saved: /var/www/ScriptEngine/Python-Application/New-Hotel-Id-Collection-Function/id_separation_function/supplier/ean/server_file_list.txt (616435 records)
Saved: /var/www/ScriptEngine/Python-Application/New-Hotel-Id-Collection-Function/id_separation_function/supplier/ean/db_hotel_id_list.txt (616435 records)
Saved: /var/www/ScriptEngine/Python-Application/New-Hotel-Id-Collection-Function/id_separation_function/supplier/ean/server_present_but_db_id_not_present_list.txt (0 records)
Saved: /var/www/ScriptEngine/Python-Application/New-Hotel-Id-Collection-Function/id_separation_function/supplier/ean/db_present_but_server_json_not_present.txt (0 records)

Done.

Done.
Summary table updated.
History saved: /var/www/ScriptEngine/Python-Application/New-Hotel-Id-Collection-Function/id_separation_function/history/ean/2026-07-22.json
Finished: ean
End Time: Wed Jul 22 21:01:05 UTC 2026

===========================================
Running supplier: ebookinghotel
Start Time: Wed Jul 22 21:01:05 UTC 2026
===========================================
Loading .env environment variables...
Supplier: ebookinghotel
JSON Path: /var/www/Storage-Contents/Hotel-Supplier-Raw-Contents/ebookinghotel
Output Path: /var/www/ScriptEngine/Python-Application/New-Hotel-Id-Collection-Function/id_separation_function/supplier/ebookinghotel
Server JSON Count: 878990
Database Hotel Count: 878990
Database New Today Count: 0
ITTID Done: 0
Pending ITTID: 878990
Saved: /var/www/ScriptEngine/Python-Application/New-Hotel-Id-Collection-Function/id_separation_function/supplier/ebookinghotel/server_file_list.txt (878990 records)
Saved: /var/www/ScriptEngine/Python-Application/New-Hotel-Id-Collection-Function/id_separation_function/supplier/ebookinghotel/db_hotel_id_list.txt (878990 records)
Saved: /var/www/ScriptEngine/Python-Application/New-Hotel-Id-Collection-Function/id_separation_function/supplier/ebookinghotel/server_present_but_db_id_not_present_list.txt (0 records)
Saved: /var/www/ScriptEngine/Python-Application/New-Hotel-Id-Collection-Function/id_separation_function/supplier/ebookinghotel/db_present_but_server_json_not_present.txt (0 records)

Done.

Done.
Summary table updated.
History saved: /var/www/ScriptEngine/Python-Application/New-Hotel-Id-Collection-Function/id_separation_function/history/ebookinghotel/2026-07-22.json
Finished: ebookinghotel
End Time: Wed Jul 22 21:01:21 UTC 2026

===========================================
Running supplier: goglobal
Start Time: Wed Jul 22 21:01:21 UTC 2026
===========================================
Loading .env environment variables...
Supplier: goglobal
JSON Path: /var/www/Storage-Contents/Hotel-Supplier-Raw-Contents/goglobal
Output Path: /var/www/ScriptEngine/Python-Application/New-Hotel-Id-Collection-Function/id_separation_function/supplier/goglobal
Server JSON Count: 221411
Database Hotel Count: 221393
Database New Today Count: 0
ITTID Done: 215415
Pending ITTID: 5978
Saved: /var/www/ScriptEngine/Python-Application/New-Hotel-Id-Collection-Function/id_separation_function/supplier/goglobal/server_file_list.txt (221411 records)
Saved: /var/www/ScriptEngine/Python-Application/New-Hotel-Id-Collection-Function/id_separation_function/supplier/goglobal/db_hotel_id_list.txt (221393 records)
Saved: /var/www/ScriptEngine/Python-Application/New-Hotel-Id-Collection-Function/id_separation_function/supplier/goglobal/server_present_but_db_id_not_present_list.txt (18 records)
Saved: /var/www/ScriptEngine/Python-Application/New-Hotel-Id-Collection-Function/id_separation_function/supplier/goglobal/db_present_but_server_json_not_present.txt (0 records)

Done.

Done.
Summary table updated.
History saved: /var/www/ScriptEngine/Python-Application/New-Hotel-Id-Collection-Function/id_separation_function/history/goglobal/2026-07-22.json
Finished: goglobal
End Time: Wed Jul 22 21:01:25 UTC 2026

===========================================
Running supplier: grnconnect
Start Time: Wed Jul 22 21:01:25 UTC 2026
===========================================
Loading .env environment variables...
Supplier: grnconnect
JSON Path: /var/www/Storage-Contents/Hotel-Supplier-Raw-Contents/grnconnect
Output Path: /var/www/ScriptEngine/Python-Application/New-Hotel-Id-Collection-Function/id_separation_function/supplier/grnconnect
Server JSON Count: 214625
Database Hotel Count: 214625
Database New Today Count: 0
ITTID Done: 185747
Pending ITTID: 28878
Saved: /var/www/ScriptEngine/Python-Application/New-Hotel-Id-Collection-Function/id_separation_function/supplier/grnconnect/server_file_list.txt (214625 records)
Saved: /var/www/ScriptEngine/Python-Application/New-Hotel-Id-Collection-Function/id_separation_function/supplier/grnconnect/db_hotel_id_list.txt (214625 records)
Saved: /var/www/ScriptEngine/Python-Application/New-Hotel-Id-Collection-Function/id_separation_function/supplier/grnconnect/server_present_but_db_id_not_present_list.txt (0 records)
Saved: /var/www/ScriptEngine/Python-Application/New-Hotel-Id-Collection-Function/id_separation_function/supplier/grnconnect/db_present_but_server_json_not_present.txt (0 records)

Done.

Done.
Summary table updated.
History saved: /var/www/ScriptEngine/Python-Application/New-Hotel-Id-Collection-Function/id_separation_function/history/grnconnect/2026-07-22.json
Finished: grnconnect
End Time: Wed Jul 22 21:01:30 UTC 2026

===========================================
Running supplier: hotelbeds
Start Time: Wed Jul 22 21:01:30 UTC 2026
===========================================
Loading .env environment variables...
Supplier: hotelbeds
JSON Path: /var/www/Storage-Contents/Hotel-Supplier-Raw-Contents/hotelbeds
Output Path: /var/www/ScriptEngine/Python-Application/New-Hotel-Id-Collection-Function/id_separation_function/supplier/hotelbeds
Server JSON Count: 474563
Database Hotel Count: 474563
Database New Today Count: 63
ITTID Done: 460805
Pending ITTID: 13758
Saved: /var/www/ScriptEngine/Python-Application/New-Hotel-Id-Collection-Function/id_separation_function/supplier/hotelbeds/server_file_list.txt (474563 records)
Saved: /var/www/ScriptEngine/Python-Application/New-Hotel-Id-Collection-Function/id_separation_function/supplier/hotelbeds/db_hotel_id_list.txt (474563 records)
Saved: /var/www/ScriptEngine/Python-Application/New-Hotel-Id-Collection-Function/id_separation_function/supplier/hotelbeds/server_present_but_db_id_not_present_list.txt (0 records)
Saved: /var/www/ScriptEngine/Python-Application/New-Hotel-Id-Collection-Function/id_separation_function/supplier/hotelbeds/db_present_but_server_json_not_present.txt (0 records)

Done.

Done.
Summary table updated.
History saved: /var/www/ScriptEngine/Python-Application/New-Hotel-Id-Collection-Function/id_separation_function/history/hotelbeds/2026-07-22.json
Finished: hotelbeds
End Time: Wed Jul 22 21:01:45 UTC 2026

===========================================
Running supplier: hotelston
Start Time: Wed Jul 22 21:01:45 UTC 2026
===========================================
Loading .env environment variables...
Supplier: hotelston
JSON Path: /var/www/Storage-Contents/Hotel-Supplier-Raw-Contents/hotelston
Output Path: /var/www/ScriptEngine/Python-Application/New-Hotel-Id-Collection-Function/id_separation_function/supplier/hotelston
Server JSON Count: 3693299
Database Hotel Count: 3693299
Database New Today Count: 0
ITTID Done: 603685
Pending ITTID: 3089614
Saved: /var/www/ScriptEngine/Python-Application/New-Hotel-Id-Collection-Function/id_separation_function/supplier/hotelston/server_file_list.txt (3693299 records)
Saved: /var/www/ScriptEngine/Python-Application/New-Hotel-Id-Collection-Function/id_separation_function/supplier/hotelston/db_hotel_id_list.txt (3693299 records)
Saved: /var/www/ScriptEngine/Python-Application/New-Hotel-Id-Collection-Function/id_separation_function/supplier/hotelston/server_present_but_db_id_not_present_list.txt (0 records)
Saved: /var/www/ScriptEngine/Python-Application/New-Hotel-Id-Collection-Function/id_separation_function/supplier/hotelston/db_present_but_server_json_not_present.txt (0 records)

Done.

Done.
Summary table updated.
History saved: /var/www/ScriptEngine/Python-Application/New-Hotel-Id-Collection-Function/id_separation_function/history/hotelston/2026-07-22.json
Finished: hotelston
End Time: Wed Jul 22 21:02:38 UTC 2026

===========================================
Running supplier: hyperguestdirect
Start Time: Wed Jul 22 21:02:38 UTC 2026
===========================================
Loading .env environment variables...
Supplier: hyperguestdirect
JSON Path: /var/www/Storage-Contents/Hotel-Supplier-Raw-Contents/hyperguestdirect
Output Path: /var/www/ScriptEngine/Python-Application/New-Hotel-Id-Collection-Function/id_separation_function/supplier/hyperguestdirect
Server JSON Count: 66549
Database Hotel Count: 66549
Database New Today Count: 33
ITTID Done: 49276
Pending ITTID: 17273
Saved: /var/www/ScriptEngine/Python-Application/New-Hotel-Id-Collection-Function/id_separation_function/supplier/hyperguestdirect/server_file_list.txt (66549 records)
Saved: /var/www/ScriptEngine/Python-Application/New-Hotel-Id-Collection-Function/id_separation_function/supplier/hyperguestdirect/db_hotel_id_list.txt (66549 records)
Saved: /var/www/ScriptEngine/Python-Application/New-Hotel-Id-Collection-Function/id_separation_function/supplier/hyperguestdirect/server_present_but_db_id_not_present_list.txt (0 records)
Saved: /var/www/ScriptEngine/Python-Application/New-Hotel-Id-Collection-Function/id_separation_function/supplier/hyperguestdirect/db_present_but_server_json_not_present.txt (0 records)

Done.

Done.
Summary table updated.
History saved: /var/www/ScriptEngine/Python-Application/New-Hotel-Id-Collection-Function/id_separation_function/history/hyperguestdirect/2026-07-22.json
Finished: hyperguestdirect
End Time: Wed Jul 22 21:02:40 UTC 2026

===========================================
Running supplier: illusionshotel
Start Time: Wed Jul 22 21:02:40 UTC 2026
===========================================
Loading .env environment variables...
Supplier: illusionshotel
JSON Path: /var/www/Storage-Contents/Hotel-Supplier-Raw-Contents/illusionshotel
Output Path: /var/www/ScriptEngine/Python-Application/New-Hotel-Id-Collection-Function/id_separation_function/supplier/illusionshotel
Server JSON Count: 395727
Database Hotel Count: 395727
Database New Today Count: 0
ITTID Done: 42240
Pending ITTID: 353487
Saved: /var/www/ScriptEngine/Python-Application/New-Hotel-Id-Collection-Function/id_separation_function/supplier/illusionshotel/server_file_list.txt (395727 records)
Saved: /var/www/ScriptEngine/Python-Application/New-Hotel-Id-Collection-Function/id_separation_function/supplier/illusionshotel/db_hotel_id_list.txt (395727 records)
Saved: /var/www/ScriptEngine/Python-Application/New-Hotel-Id-Collection-Function/id_separation_function/supplier/illusionshotel/server_present_but_db_id_not_present_list.txt (0 records)
Saved: /var/www/ScriptEngine/Python-Application/New-Hotel-Id-Collection-Function/id_separation_function/supplier/illusionshotel/db_present_but_server_json_not_present.txt (0 records)

Done.

Done.
Summary table updated.
History saved: /var/www/ScriptEngine/Python-Application/New-Hotel-Id-Collection-Function/id_separation_function/history/illusionshotel/2026-07-22.json
Finished: illusionshotel
End Time: Wed Jul 22 21:02:48 UTC 2026

===========================================
Running supplier: innstant
Start Time: Wed Jul 22 21:02:48 UTC 2026
===========================================
Loading .env environment variables...
Supplier: innstant
JSON Path: /var/www/Storage-Contents/Hotel-Supplier-Raw-Contents/innstant
Output Path: /var/www/ScriptEngine/Python-Application/New-Hotel-Id-Collection-Function/id_separation_function/supplier/innstant
Server JSON Count: 649448
Database Hotel Count: 649436
Database New Today Count: 569000
ITTID Done: 50343
Pending ITTID: 599093
Saved: /var/www/ScriptEngine/Python-Application/New-Hotel-Id-Collection-Function/id_separation_function/supplier/innstant/server_file_list.txt (649448 records)
Saved: /var/www/ScriptEngine/Python-Application/New-Hotel-Id-Collection-Function/id_separation_function/supplier/innstant/db_hotel_id_list.txt (649436 records)
Saved: /var/www/ScriptEngine/Python-Application/New-Hotel-Id-Collection-Function/id_separation_function/supplier/innstant/server_present_but_db_id_not_present_list.txt (12 records)
Saved: /var/www/ScriptEngine/Python-Application/New-Hotel-Id-Collection-Function/id_separation_function/supplier/innstant/db_present_but_server_json_not_present.txt (0 records)

Done.

Done.
Summary table updated.
History saved: /var/www/ScriptEngine/Python-Application/New-Hotel-Id-Collection-Function/id_separation_function/history/innstant/2026-07-22.json
Finished: innstant
End Time: Wed Jul 22 21:03:03 UTC 2026

===========================================
Running supplier: juniperhotel
Start Time: Wed Jul 22 21:03:03 UTC 2026
===========================================
Loading .env environment variables...
Supplier: juniperhotel
JSON Path: /var/www/Storage-Contents/Hotel-Supplier-Raw-Contents/juniperhotel
Output Path: /var/www/ScriptEngine/Python-Application/New-Hotel-Id-Collection-Function/id_separation_function/supplier/juniperhotel
Server JSON Count: 428859
Database Hotel Count: 429113
Database New Today Count: 0
ITTID Done: 427080
Pending ITTID: 2033
Saved: /var/www/ScriptEngine/Python-Application/New-Hotel-Id-Collection-Function/id_separation_function/supplier/juniperhotel/server_file_list.txt (428859 records)
Saved: /var/www/ScriptEngine/Python-Application/New-Hotel-Id-Collection-Function/id_separation_function/supplier/juniperhotel/db_hotel_id_list.txt (429113 records)
Saved: /var/www/ScriptEngine/Python-Application/New-Hotel-Id-Collection-Function/id_separation_function/supplier/juniperhotel/server_present_but_db_id_not_present_list.txt (0 records)
Saved: /var/www/ScriptEngine/Python-Application/New-Hotel-Id-Collection-Function/id_separation_function/supplier/juniperhotel/db_present_but_server_json_not_present.txt (254 records)

Done.

Done.
Summary table updated.
History saved: /var/www/ScriptEngine/Python-Application/New-Hotel-Id-Collection-Function/id_separation_function/history/juniperhotel/2026-07-22.json
Finished: juniperhotel
End Time: Wed Jul 22 21:03:18 UTC 2026

===========================================
Running supplier: kiwihotel
Start Time: Wed Jul 22 21:03:18 UTC 2026
===========================================
Loading .env environment variables...
Supplier: kiwihotel
JSON Path: /var/www/Storage-Contents/Hotel-Supplier-Raw-Contents/kiwihotel
Output Path: /var/www/ScriptEngine/Python-Application/New-Hotel-Id-Collection-Function/id_separation_function/supplier/kiwihotel
Server JSON Count: 1943
Database Hotel Count: 1943
Database New Today Count: 0
ITTID Done: 0
Pending ITTID: 1943
Saved: /var/www/ScriptEngine/Python-Application/New-Hotel-Id-Collection-Function/id_separation_function/supplier/kiwihotel/server_file_list.txt (1943 records)
Saved: /var/www/ScriptEngine/Python-Application/New-Hotel-Id-Collection-Function/id_separation_function/supplier/kiwihotel/db_hotel_id_list.txt (1943 records)
Saved: /var/www/ScriptEngine/Python-Application/New-Hotel-Id-Collection-Function/id_separation_function/supplier/kiwihotel/server_present_but_db_id_not_present_list.txt (0 records)
Saved: /var/www/ScriptEngine/Python-Application/New-Hotel-Id-Collection-Function/id_separation_function/supplier/kiwihotel/db_present_but_server_json_not_present.txt (0 records)

Done.

Done.
Summary table updated.
History saved: /var/www/ScriptEngine/Python-Application/New-Hotel-Id-Collection-Function/id_separation_function/history/kiwihotel/2026-07-22.json
Finished: kiwihotel
End Time: Wed Jul 22 21:03:19 UTC 2026

===========================================
Running supplier: mgholiday
Start Time: Wed Jul 22 21:03:19 UTC 2026
===========================================
Loading .env environment variables...
Supplier: mgholiday
JSON Path: /var/www/Storage-Contents/Hotel-Supplier-Raw-Contents/mgholiday
Output Path: /var/www/ScriptEngine/Python-Application/New-Hotel-Id-Collection-Function/id_separation_function/supplier/mgholiday
Server JSON Count: 235066
Database Hotel Count: 235065
Database New Today Count: 0
ITTID Done: 196323
Pending ITTID: 38742
Saved: /var/www/ScriptEngine/Python-Application/New-Hotel-Id-Collection-Function/id_separation_function/supplier/mgholiday/server_file_list.txt (235066 records)
Saved: /var/www/ScriptEngine/Python-Application/New-Hotel-Id-Collection-Function/id_separation_function/supplier/mgholiday/db_hotel_id_list.txt (235065 records)
Saved: /var/www/ScriptEngine/Python-Application/New-Hotel-Id-Collection-Function/id_separation_function/supplier/mgholiday/server_present_but_db_id_not_present_list.txt (2 records)
Saved: /var/www/ScriptEngine/Python-Application/New-Hotel-Id-Collection-Function/id_separation_function/supplier/mgholiday/db_present_but_server_json_not_present.txt (1 records)

Done.

Done.
Summary table updated.
History saved: /var/www/ScriptEngine/Python-Application/New-Hotel-Id-Collection-Function/id_separation_function/history/mgholiday/2026-07-22.json
Finished: mgholiday
End Time: Wed Jul 22 21:03:26 UTC 2026

===========================================
Running supplier: paximumhotel
Start Time: Wed Jul 22 21:03:26 UTC 2026
===========================================
Loading .env environment variables...
Supplier: paximumhotel
JSON Path: /var/www/Storage-Contents/Hotel-Supplier-Raw-Contents/paximumhotel
Output Path: /var/www/ScriptEngine/Python-Application/New-Hotel-Id-Collection-Function/id_separation_function/supplier/paximumhotel
Server JSON Count: 1385584
Database Hotel Count: 1385589
Database New Today Count: 0
ITTID Done: 109901
Pending ITTID: 1275688
Saved: /var/www/ScriptEngine/Python-Application/New-Hotel-Id-Collection-Function/id_separation_function/supplier/paximumhotel/server_file_list.txt (1385584 records)
Saved: /var/www/ScriptEngine/Python-Application/New-Hotel-Id-Collection-Function/id_separation_function/supplier/paximumhotel/db_hotel_id_list.txt (1385589 records)
Saved: /var/www/ScriptEngine/Python-Application/New-Hotel-Id-Collection-Function/id_separation_function/supplier/paximumhotel/server_present_but_db_id_not_present_list.txt (0 records)
Saved: /var/www/ScriptEngine/Python-Application/New-Hotel-Id-Collection-Function/id_separation_function/supplier/paximumhotel/db_present_but_server_json_not_present.txt (5 records)

Done.

Done.
Summary table updated.
History saved: /var/www/ScriptEngine/Python-Application/New-Hotel-Id-Collection-Function/id_separation_function/history/paximumhotel/2026-07-22.json
Finished: paximumhotel
End Time: Wed Jul 22 21:04:01 UTC 2026

===========================================
Running supplier: rakuten
Start Time: Wed Jul 22 21:04:01 UTC 2026
===========================================
Loading .env environment variables...
Supplier: rakuten
JSON Path: /var/www/Storage-Contents/Hotel-Supplier-Raw-Contents/rakuten
Output Path: /var/www/ScriptEngine/Python-Application/New-Hotel-Id-Collection-Function/id_separation_function/supplier/rakuten
Server JSON Count: 37864
Database Hotel Count: 37587
Database New Today Count: 0
ITTID Done: 14079
Pending ITTID: 23508
Saved: /var/www/ScriptEngine/Python-Application/New-Hotel-Id-Collection-Function/id_separation_function/supplier/rakuten/server_file_list.txt (37864 records)
Saved: /var/www/ScriptEngine/Python-Application/New-Hotel-Id-Collection-Function/id_separation_function/supplier/rakuten/db_hotel_id_list.txt (37587 records)
Saved: /var/www/ScriptEngine/Python-Application/New-Hotel-Id-Collection-Function/id_separation_function/supplier/rakuten/server_present_but_db_id_not_present_list.txt (277 records)
Saved: /var/www/ScriptEngine/Python-Application/New-Hotel-Id-Collection-Function/id_separation_function/supplier/rakuten/db_present_but_server_json_not_present.txt (0 records)

Done.

Done.
Summary table updated.
History saved: /var/www/ScriptEngine/Python-Application/New-Hotel-Id-Collection-Function/id_separation_function/history/rakuten/2026-07-22.json
Finished: rakuten
End Time: Wed Jul 22 21:04:02 UTC 2026

===========================================
Running supplier: ratehawkhotel
Start Time: Wed Jul 22 21:04:02 UTC 2026
===========================================
Loading .env environment variables...
Supplier: ratehawkhotel
JSON Path: /var/www/Storage-Contents/Hotel-Supplier-Raw-Contents/ratehawkhotel
Output Path: /var/www/ScriptEngine/Python-Application/New-Hotel-Id-Collection-Function/id_separation_function/supplier/ratehawkhotel
Server JSON Count: 2771498
Database Hotel Count: 2767559
Database New Today Count: 1
ITTID Done: 1372051
Pending ITTID: 1395508
Saved: /var/www/ScriptEngine/Python-Application/New-Hotel-Id-Collection-Function/id_separation_function/supplier/ratehawkhotel/server_file_list.txt (2771498 records)
Saved: /var/www/ScriptEngine/Python-Application/New-Hotel-Id-Collection-Function/id_separation_function/supplier/ratehawkhotel/db_hotel_id_list.txt (2767559 records)
Saved: /var/www/ScriptEngine/Python-Application/New-Hotel-Id-Collection-Function/id_separation_function/supplier/ratehawkhotel/server_present_but_db_id_not_present_list.txt (4902 records)
Saved: /var/www/ScriptEngine/Python-Application/New-Hotel-Id-Collection-Function/id_separation_function/supplier/ratehawkhotel/db_present_but_server_json_not_present.txt (963 records)

Done.

Done.
Summary table updated.
History saved: /var/www/ScriptEngine/Python-Application/New-Hotel-Id-Collection-Function/id_separation_function/history/ratehawkhotel/2026-07-22.json
Finished: ratehawkhotel
End Time: Wed Jul 22 21:05:23 UTC 2026

===========================================
Running supplier: restel
Start Time: Wed Jul 22 21:05:23 UTC 2026
===========================================
Loading .env environment variables...
Supplier: restel
JSON Path: /var/www/Storage-Contents/Hotel-Supplier-Raw-Contents/restel
Output Path: /var/www/ScriptEngine/Python-Application/New-Hotel-Id-Collection-Function/id_separation_function/supplier/restel
Server JSON Count: 144463
Database Hotel Count: 144456
Database New Today Count: 9
ITTID Done: 87229
Pending ITTID: 57227
Saved: /var/www/ScriptEngine/Python-Application/New-Hotel-Id-Collection-Function/id_separation_function/supplier/restel/server_file_list.txt (144463 records)
Saved: /var/www/ScriptEngine/Python-Application/New-Hotel-Id-Collection-Function/id_separation_function/supplier/restel/db_hotel_id_list.txt (144456 records)
Saved: /var/www/ScriptEngine/Python-Application/New-Hotel-Id-Collection-Function/id_separation_function/supplier/restel/server_present_but_db_id_not_present_list.txt (7 records)
Saved: /var/www/ScriptEngine/Python-Application/New-Hotel-Id-Collection-Function/id_separation_function/supplier/restel/db_present_but_server_json_not_present.txt (0 records)

Done.

Done.
Summary table updated.
History saved: /var/www/ScriptEngine/Python-Application/New-Hotel-Id-Collection-Function/id_separation_function/history/restel/2026-07-22.json
Finished: restel
End Time: Wed Jul 22 21:05:26 UTC 2026

===========================================
Running supplier: rnrhotel
Start Time: Wed Jul 22 21:05:26 UTC 2026
===========================================
Loading .env environment variables...
Supplier: rnrhotel
JSON Path: /var/www/Storage-Contents/Hotel-Supplier-Raw-Contents/rnrhotel
Output Path: /var/www/ScriptEngine/Python-Application/New-Hotel-Id-Collection-Function/id_separation_function/supplier/rnrhotel
Server JSON Count: 112
Database Hotel Count: 112
Database New Today Count: 0
ITTID Done: 106
Pending ITTID: 6
Saved: /var/www/ScriptEngine/Python-Application/New-Hotel-Id-Collection-Function/id_separation_function/supplier/rnrhotel/server_file_list.txt (112 records)
Saved: /var/www/ScriptEngine/Python-Application/New-Hotel-Id-Collection-Function/id_separation_function/supplier/rnrhotel/db_hotel_id_list.txt (112 records)
Saved: /var/www/ScriptEngine/Python-Application/New-Hotel-Id-Collection-Function/id_separation_function/supplier/rnrhotel/server_present_but_db_id_not_present_list.txt (0 records)
Saved: /var/www/ScriptEngine/Python-Application/New-Hotel-Id-Collection-Function/id_separation_function/supplier/rnrhotel/db_present_but_server_json_not_present.txt (0 records)

Done.

Done.
Summary table updated.
History saved: /var/www/ScriptEngine/Python-Application/New-Hotel-Id-Collection-Function/id_separation_function/history/rnrhotel/2026-07-22.json
Finished: rnrhotel
End Time: Wed Jul 22 21:05:27 UTC 2026

===========================================
Running supplier: roomerang
Start Time: Wed Jul 22 21:05:27 UTC 2026
===========================================
Loading .env environment variables...
Supplier: roomerang
JSON Path: /var/www/Storage-Contents/Hotel-Supplier-Raw-Contents/roomerang
Output Path: /var/www/ScriptEngine/Python-Application/New-Hotel-Id-Collection-Function/id_separation_function/supplier/roomerang
Server JSON Count: 708546
Database Hotel Count: 708527
Database New Today Count: 0
ITTID Done: 181282
Pending ITTID: 527245
Saved: /var/www/ScriptEngine/Python-Application/New-Hotel-Id-Collection-Function/id_separation_function/supplier/roomerang/server_file_list.txt (708546 records)
Saved: /var/www/ScriptEngine/Python-Application/New-Hotel-Id-Collection-Function/id_separation_function/supplier/roomerang/db_hotel_id_list.txt (708527 records)
Saved: /var/www/ScriptEngine/Python-Application/New-Hotel-Id-Collection-Function/id_separation_function/supplier/roomerang/server_present_but_db_id_not_present_list.txt (19 records)
Saved: /var/www/ScriptEngine/Python-Application/New-Hotel-Id-Collection-Function/id_separation_function/supplier/roomerang/db_present_but_server_json_not_present.txt (0 records)

Done.

Done.
Summary table updated.
History saved: /var/www/ScriptEngine/Python-Application/New-Hotel-Id-Collection-Function/id_separation_function/history/roomerang/2026-07-22.json
Finished: roomerang
End Time: Wed Jul 22 21:05:37 UTC 2026

===========================================
Running supplier: stuba
Start Time: Wed Jul 22 21:05:37 UTC 2026
===========================================
Loading .env environment variables...
Supplier: stuba
JSON Path: /var/www/Storage-Contents/Hotel-Supplier-Raw-Contents/stuba
Output Path: /var/www/ScriptEngine/Python-Application/New-Hotel-Id-Collection-Function/id_separation_function/supplier/stuba
Server JSON Count: 128611
Database Hotel Count: 128611
Database New Today Count: 0
ITTID Done: 115926
Pending ITTID: 12685
Saved: /var/www/ScriptEngine/Python-Application/New-Hotel-Id-Collection-Function/id_separation_function/supplier/stuba/server_file_list.txt (128611 records)
Saved: /var/www/ScriptEngine/Python-Application/New-Hotel-Id-Collection-Function/id_separation_function/supplier/stuba/db_hotel_id_list.txt (128611 records)
Saved: /var/www/ScriptEngine/Python-Application/New-Hotel-Id-Collection-Function/id_separation_function/supplier/stuba/server_present_but_db_id_not_present_list.txt (0 records)
Saved: /var/www/ScriptEngine/Python-Application/New-Hotel-Id-Collection-Function/id_separation_function/supplier/stuba/db_present_but_server_json_not_present.txt (0 records)

Done.

Done.
Summary table updated.
History saved: /var/www/ScriptEngine/Python-Application/New-Hotel-Id-Collection-Function/id_separation_function/history/stuba/2026-07-22.json
Finished: stuba
End Time: Wed Jul 22 21:05:39 UTC 2026

===========================================
Running supplier: tbohotel
Start Time: Wed Jul 22 21:05:39 UTC 2026
===========================================
Loading .env environment variables...
Supplier: tbohotel
JSON Path: /var/www/Storage-Contents/Hotel-Supplier-Raw-Contents/tbohotel
Output Path: /var/www/ScriptEngine/Python-Application/New-Hotel-Id-Collection-Function/id_separation_function/supplier/tbohotel
Server JSON Count: 1048321
Database Hotel Count: 1048321
Database New Today Count: 2
ITTID Done: 1035336
Pending ITTID: 12985
Saved: /var/www/ScriptEngine/Python-Application/New-Hotel-Id-Collection-Function/id_separation_function/supplier/tbohotel/server_file_list.txt (1048321 records)
Saved: /var/www/ScriptEngine/Python-Application/New-Hotel-Id-Collection-Function/id_separation_function/supplier/tbohotel/db_hotel_id_list.txt (1048321 records)
Saved: /var/www/ScriptEngine/Python-Application/New-Hotel-Id-Collection-Function/id_separation_function/supplier/tbohotel/server_present_but_db_id_not_present_list.txt (0 records)
Saved: /var/www/ScriptEngine/Python-Application/New-Hotel-Id-Collection-Function/id_separation_function/supplier/tbohotel/db_present_but_server_json_not_present.txt (0 records)

Done.

Done.
Summary table updated.
History saved: /var/www/ScriptEngine/Python-Application/New-Hotel-Id-Collection-Function/id_separation_function/history/tbohotel/2026-07-22.json
Finished: tbohotel
End Time: Wed Jul 22 21:05:58 UTC 2026

===========================================
Running supplier: travelrobothotel
Start Time: Wed Jul 22 21:05:58 UTC 2026
===========================================
Loading .env environment variables...
Supplier: travelrobothotel
JSON Path: /var/www/Storage-Contents/Hotel-Supplier-Raw-Contents/travelrobothotel
Output Path: /var/www/ScriptEngine/Python-Application/New-Hotel-Id-Collection-Function/id_separation_function/supplier/travelrobothotel
Server JSON Count: 1461694
Database Hotel Count: 1461693
Database New Today Count: 0
ITTID Done: 0
Pending ITTID: 1461693
Saved: /var/www/ScriptEngine/Python-Application/New-Hotel-Id-Collection-Function/id_separation_function/supplier/travelrobothotel/server_file_list.txt (1461694 records)
Saved: /var/www/ScriptEngine/Python-Application/New-Hotel-Id-Collection-Function/id_separation_function/supplier/travelrobothotel/db_hotel_id_list.txt (1461693 records)
Saved: /var/www/ScriptEngine/Python-Application/New-Hotel-Id-Collection-Function/id_separation_function/supplier/travelrobothotel/server_present_but_db_id_not_present_list.txt (1 records)
Saved: /var/www/ScriptEngine/Python-Application/New-Hotel-Id-Collection-Function/id_separation_function/supplier/travelrobothotel/db_present_but_server_json_not_present.txt (0 records)

Done.

Done.
Summary table updated.
History saved: /var/www/ScriptEngine/Python-Application/New-Hotel-Id-Collection-Function/id_separation_function/history/travelrobothotel/2026-07-22.json
Finished: travelrobothotel
End Time: Wed Jul 22 21:06:20 UTC 2026

===========================================
All suppliers completed.
Finished at: Wed Jul 22 21:06:20 UTC 2026
===========================================
===========================================
Started at: Thu Jul 23 21:00:01 UTC 2026
===========================================

===========================================
Running supplier: agoda
Start Time: Thu Jul 23 21:00:01 UTC 2026
===========================================
Loading .env environment variables...
Supplier: agoda
JSON Path: /var/www/Storage-Contents/Hotel-Supplier-Raw-Contents/agoda
Output Path: /var/www/ScriptEngine/Python-Application/New-Hotel-Id-Collection-Function/id_separation_function/supplier/agoda
Server JSON Count: 1031695
Database Hotel Count: 1031695
Database New Today Count: 2159
ITTID Done: 1025728
Pending ITTID: 5967
Saved: /var/www/ScriptEngine/Python-Application/New-Hotel-Id-Collection-Function/id_separation_function/supplier/agoda/server_file_list.txt (1031695 records)
Saved: /var/www/ScriptEngine/Python-Application/New-Hotel-Id-Collection-Function/id_separation_function/supplier/agoda/db_hotel_id_list.txt (1031695 records)
Saved: /var/www/ScriptEngine/Python-Application/New-Hotel-Id-Collection-Function/id_separation_function/supplier/agoda/server_present_but_db_id_not_present_list.txt (0 records)
Saved: /var/www/ScriptEngine/Python-Application/New-Hotel-Id-Collection-Function/id_separation_function/supplier/agoda/db_present_but_server_json_not_present.txt (0 records)

Done.

Done.
Summary table updated.
History saved: /var/www/ScriptEngine/Python-Application/New-Hotel-Id-Collection-Function/id_separation_function/history/agoda/2026-07-23.json
Finished: agoda
End Time: Thu Jul 23 21:00:29 UTC 2026

===========================================
Running supplier: amadeushotel
Start Time: Thu Jul 23 21:00:29 UTC 2026
===========================================
Loading .env environment variables...
Supplier: amadeushotel
JSON Path: /var/www/Storage-Contents/Hotel-Supplier-Raw-Contents/amadeushotel
Output Path: /var/www/ScriptEngine/Python-Application/New-Hotel-Id-Collection-Function/id_separation_function/supplier/amadeushotel
Server JSON Count: 94196
Database Hotel Count: 94196
Database New Today Count: 0
ITTID Done: 0
Pending ITTID: 94196
Saved: /var/www/ScriptEngine/Python-Application/New-Hotel-Id-Collection-Function/id_separation_function/supplier/amadeushotel/server_file_list.txt (94196 records)
Saved: /var/www/ScriptEngine/Python-Application/New-Hotel-Id-Collection-Function/id_separation_function/supplier/amadeushotel/db_hotel_id_list.txt (94196 records)
Saved: /var/www/ScriptEngine/Python-Application/New-Hotel-Id-Collection-Function/id_separation_function/supplier/amadeushotel/server_present_but_db_id_not_present_list.txt (0 records)
Saved: /var/www/ScriptEngine/Python-Application/New-Hotel-Id-Collection-Function/id_separation_function/supplier/amadeushotel/db_present_but_server_json_not_present.txt (0 records)

Done.

Done.
Summary table updated.
History saved: /var/www/ScriptEngine/Python-Application/New-Hotel-Id-Collection-Function/id_separation_function/history/amadeushotel/2026-07-23.json
Finished: amadeushotel
End Time: Thu Jul 23 21:00:31 UTC 2026

===========================================
Running supplier: didahotel
Start Time: Thu Jul 23 21:00:31 UTC 2026
===========================================
Loading .env environment variables...
Supplier: didahotel
JSON Path: /var/www/Storage-Contents/Hotel-Supplier-Raw-Contents/didahotel
Output Path: /var/www/ScriptEngine/Python-Application/New-Hotel-Id-Collection-Function/id_separation_function/supplier/didahotel
Server JSON Count: 209784
Database Hotel Count: 209784
Database New Today Count: 0
ITTID Done: 180325
Pending ITTID: 29459
Saved: /var/www/ScriptEngine/Python-Application/New-Hotel-Id-Collection-Function/id_separation_function/supplier/didahotel/server_file_list.txt (209784 records)
Saved: /var/www/ScriptEngine/Python-Application/New-Hotel-Id-Collection-Function/id_separation_function/supplier/didahotel/db_hotel_id_list.txt (209784 records)
Saved: /var/www/ScriptEngine/Python-Application/New-Hotel-Id-Collection-Function/id_separation_function/supplier/didahotel/server_present_but_db_id_not_present_list.txt (0 records)
Saved: /var/www/ScriptEngine/Python-Application/New-Hotel-Id-Collection-Function/id_separation_function/supplier/didahotel/db_present_but_server_json_not_present.txt (0 records)

Done.

Done.
Summary table updated.
History saved: /var/www/ScriptEngine/Python-Application/New-Hotel-Id-Collection-Function/id_separation_function/history/didahotel/2026-07-23.json
Finished: didahotel
End Time: Thu Jul 23 21:00:36 UTC 2026

===========================================
Running supplier: dotw
Start Time: Thu Jul 23 21:00:36 UTC 2026
===========================================
Loading .env environment variables...
Supplier: dotw
JSON Path: /var/www/Storage-Contents/Hotel-Supplier-Raw-Contents/dotw
Output Path: /var/www/ScriptEngine/Python-Application/New-Hotel-Id-Collection-Function/id_separation_function/supplier/dotw
Server JSON Count: 227144
Database Hotel Count: 227143
Database New Today Count: 0
ITTID Done: 215632
Pending ITTID: 11511
Saved: /var/www/ScriptEngine/Python-Application/New-Hotel-Id-Collection-Function/id_separation_function/supplier/dotw/server_file_list.txt (227144 records)
Saved: /var/www/ScriptEngine/Python-Application/New-Hotel-Id-Collection-Function/id_separation_function/supplier/dotw/db_hotel_id_list.txt (227143 records)
Saved: /var/www/ScriptEngine/Python-Application/New-Hotel-Id-Collection-Function/id_separation_function/supplier/dotw/server_present_but_db_id_not_present_list.txt (1 records)
Saved: /var/www/ScriptEngine/Python-Application/New-Hotel-Id-Collection-Function/id_separation_function/supplier/dotw/db_present_but_server_json_not_present.txt (0 records)

Done.

Done.
Summary table updated.
History saved: /var/www/ScriptEngine/Python-Application/New-Hotel-Id-Collection-Function/id_separation_function/history/dotw/2026-07-23.json
Finished: dotw
End Time: Thu Jul 23 21:00:40 UTC 2026

===========================================
Running supplier: ean
Start Time: Thu Jul 23 21:00:40 UTC 2026
===========================================
Loading .env environment variables...
Supplier: ean
JSON Path: /var/www/Storage-Contents/Hotel-Supplier-Raw-Contents/ean
Output Path: /var/www/ScriptEngine/Python-Application/New-Hotel-Id-Collection-Function/id_separation_function/supplier/ean
Server JSON Count: 616635
Database Hotel Count: 616635
Database New Today Count: 200
ITTID Done: 508942
Pending ITTID: 107693
Saved: /var/www/ScriptEngine/Python-Application/New-Hotel-Id-Collection-Function/id_separation_function/supplier/ean/server_file_list.txt (616635 records)
Saved: /var/www/ScriptEngine/Python-Application/New-Hotel-Id-Collection-Function/id_separation_function/supplier/ean/db_hotel_id_list.txt (616635 records)
Saved: /var/www/ScriptEngine/Python-Application/New-Hotel-Id-Collection-Function/id_separation_function/supplier/ean/server_present_but_db_id_not_present_list.txt (0 records)
Saved: /var/www/ScriptEngine/Python-Application/New-Hotel-Id-Collection-Function/id_separation_function/supplier/ean/db_present_but_server_json_not_present.txt (0 records)

Done.

Done.
Summary table updated.
History saved: /var/www/ScriptEngine/Python-Application/New-Hotel-Id-Collection-Function/id_separation_function/history/ean/2026-07-23.json
Finished: ean
End Time: Thu Jul 23 21:00:51 UTC 2026

===========================================
Running supplier: ebookinghotel
Start Time: Thu Jul 23 21:00:51 UTC 2026
===========================================
Loading .env environment variables...
Supplier: ebookinghotel
JSON Path: /var/www/Storage-Contents/Hotel-Supplier-Raw-Contents/ebookinghotel
Output Path: /var/www/ScriptEngine/Python-Application/New-Hotel-Id-Collection-Function/id_separation_function/supplier/ebookinghotel
Server JSON Count: 878990
Database Hotel Count: 878990
Database New Today Count: 0
ITTID Done: 0
Pending ITTID: 878990
Saved: /var/www/ScriptEngine/Python-Application/New-Hotel-Id-Collection-Function/id_separation_function/supplier/ebookinghotel/server_file_list.txt (878990 records)
Saved: /var/www/ScriptEngine/Python-Application/New-Hotel-Id-Collection-Function/id_separation_function/supplier/ebookinghotel/db_hotel_id_list.txt (878990 records)
Saved: /var/www/ScriptEngine/Python-Application/New-Hotel-Id-Collection-Function/id_separation_function/supplier/ebookinghotel/server_present_but_db_id_not_present_list.txt (0 records)
Saved: /var/www/ScriptEngine/Python-Application/New-Hotel-Id-Collection-Function/id_separation_function/supplier/ebookinghotel/db_present_but_server_json_not_present.txt (0 records)

Done.

Done.
Summary table updated.
History saved: /var/www/ScriptEngine/Python-Application/New-Hotel-Id-Collection-Function/id_separation_function/history/ebookinghotel/2026-07-23.json
Finished: ebookinghotel
End Time: Thu Jul 23 21:01:05 UTC 2026

===========================================
Running supplier: goglobal
Start Time: Thu Jul 23 21:01:05 UTC 2026
===========================================
Loading .env environment variables...
Supplier: goglobal
JSON Path: /var/www/Storage-Contents/Hotel-Supplier-Raw-Contents/goglobal
Output Path: /var/www/ScriptEngine/Python-Application/New-Hotel-Id-Collection-Function/id_separation_function/supplier/goglobal
Server JSON Count: 221411
Database Hotel Count: 221393
Database New Today Count: 0
ITTID Done: 215415
Pending ITTID: 5978
Saved: /var/www/ScriptEngine/Python-Application/New-Hotel-Id-Collection-Function/id_separation_function/supplier/goglobal/server_file_list.txt (221411 records)
Saved: /var/www/ScriptEngine/Python-Application/New-Hotel-Id-Collection-Function/id_separation_function/supplier/goglobal/db_hotel_id_list.txt (221393 records)
Saved: /var/www/ScriptEngine/Python-Application/New-Hotel-Id-Collection-Function/id_separation_function/supplier/goglobal/server_present_but_db_id_not_present_list.txt (18 records)
Saved: /var/www/ScriptEngine/Python-Application/New-Hotel-Id-Collection-Function/id_separation_function/supplier/goglobal/db_present_but_server_json_not_present.txt (0 records)

Done.

Done.
Summary table updated.
History saved: /var/www/ScriptEngine/Python-Application/New-Hotel-Id-Collection-Function/id_separation_function/history/goglobal/2026-07-23.json
Finished: goglobal
End Time: Thu Jul 23 21:01:09 UTC 2026

===========================================
Running supplier: grnconnect
Start Time: Thu Jul 23 21:01:09 UTC 2026
===========================================
Loading .env environment variables...
Supplier: grnconnect
JSON Path: /var/www/Storage-Contents/Hotel-Supplier-Raw-Contents/grnconnect
Output Path: /var/www/ScriptEngine/Python-Application/New-Hotel-Id-Collection-Function/id_separation_function/supplier/grnconnect
Server JSON Count: 214625
Database Hotel Count: 214625
Database New Today Count: 0
ITTID Done: 185747
Pending ITTID: 28878
Saved: /var/www/ScriptEngine/Python-Application/New-Hotel-Id-Collection-Function/id_separation_function/supplier/grnconnect/server_file_list.txt (214625 records)
Saved: /var/www/ScriptEngine/Python-Application/New-Hotel-Id-Collection-Function/id_separation_function/supplier/grnconnect/db_hotel_id_list.txt (214625 records)
Saved: /var/www/ScriptEngine/Python-Application/New-Hotel-Id-Collection-Function/id_separation_function/supplier/grnconnect/server_present_but_db_id_not_present_list.txt (0 records)
Saved: /var/www/ScriptEngine/Python-Application/New-Hotel-Id-Collection-Function/id_separation_function/supplier/grnconnect/db_present_but_server_json_not_present.txt (0 records)

Done.

Done.
Summary table updated.
History saved: /var/www/ScriptEngine/Python-Application/New-Hotel-Id-Collection-Function/id_separation_function/history/grnconnect/2026-07-23.json
Finished: grnconnect
End Time: Thu Jul 23 21:01:13 UTC 2026

===========================================
Running supplier: hotelbeds
Start Time: Thu Jul 23 21:01:13 UTC 2026
===========================================
Loading .env environment variables...
Supplier: hotelbeds
JSON Path: /var/www/Storage-Contents/Hotel-Supplier-Raw-Contents/hotelbeds
Output Path: /var/www/ScriptEngine/Python-Application/New-Hotel-Id-Collection-Function/id_separation_function/supplier/hotelbeds
Server JSON Count: 474576
Database Hotel Count: 474576
Database New Today Count: 13
ITTID Done: 462272
Pending ITTID: 12304
Saved: /var/www/ScriptEngine/Python-Application/New-Hotel-Id-Collection-Function/id_separation_function/supplier/hotelbeds/server_file_list.txt (474576 records)
Saved: /var/www/ScriptEngine/Python-Application/New-Hotel-Id-Collection-Function/id_separation_function/supplier/hotelbeds/db_hotel_id_list.txt (474576 records)
Saved: /var/www/ScriptEngine/Python-Application/New-Hotel-Id-Collection-Function/id_separation_function/supplier/hotelbeds/server_present_but_db_id_not_present_list.txt (0 records)
Saved: /var/www/ScriptEngine/Python-Application/New-Hotel-Id-Collection-Function/id_separation_function/supplier/hotelbeds/db_present_but_server_json_not_present.txt (0 records)

Done.

Done.
Summary table updated.
History saved: /var/www/ScriptEngine/Python-Application/New-Hotel-Id-Collection-Function/id_separation_function/history/hotelbeds/2026-07-23.json
Finished: hotelbeds
End Time: Thu Jul 23 21:01:26 UTC 2026

===========================================
Running supplier: hotelston
Start Time: Thu Jul 23 21:01:26 UTC 2026
===========================================
Loading .env environment variables...
Supplier: hotelston
JSON Path: /var/www/Storage-Contents/Hotel-Supplier-Raw-Contents/hotelston
Output Path: /var/www/ScriptEngine/Python-Application/New-Hotel-Id-Collection-Function/id_separation_function/supplier/hotelston
Server JSON Count: 3693299
Database Hotel Count: 3693299
Database New Today Count: 0
ITTID Done: 603685
Pending ITTID: 3089614
Saved: /var/www/ScriptEngine/Python-Application/New-Hotel-Id-Collection-Function/id_separation_function/supplier/hotelston/server_file_list.txt (3693299 records)
Saved: /var/www/ScriptEngine/Python-Application/New-Hotel-Id-Collection-Function/id_separation_function/supplier/hotelston/db_hotel_id_list.txt (3693299 records)
Saved: /var/www/ScriptEngine/Python-Application/New-Hotel-Id-Collection-Function/id_separation_function/supplier/hotelston/server_present_but_db_id_not_present_list.txt (0 records)
Saved: /var/www/ScriptEngine/Python-Application/New-Hotel-Id-Collection-Function/id_separation_function/supplier/hotelston/db_present_but_server_json_not_present.txt (0 records)

Done.

Done.
Summary table updated.
History saved: /var/www/ScriptEngine/Python-Application/New-Hotel-Id-Collection-Function/id_separation_function/history/hotelston/2026-07-23.json
Finished: hotelston
End Time: Thu Jul 23 21:02:08 UTC 2026

===========================================
Running supplier: hyperguestdirect
Start Time: Thu Jul 23 21:02:08 UTC 2026
===========================================
Loading .env environment variables...
Supplier: hyperguestdirect
JSON Path: /var/www/Storage-Contents/Hotel-Supplier-Raw-Contents/hyperguestdirect
Output Path: /var/www/ScriptEngine/Python-Application/New-Hotel-Id-Collection-Function/id_separation_function/supplier/hyperguestdirect
Server JSON Count: 66588
Database Hotel Count: 66588
Database New Today Count: 39
ITTID Done: 49276
Pending ITTID: 17312
Saved: /var/www/ScriptEngine/Python-Application/New-Hotel-Id-Collection-Function/id_separation_function/supplier/hyperguestdirect/server_file_list.txt (66588 records)
Saved: /var/www/ScriptEngine/Python-Application/New-Hotel-Id-Collection-Function/id_separation_function/supplier/hyperguestdirect/db_hotel_id_list.txt (66588 records)
Saved: /var/www/ScriptEngine/Python-Application/New-Hotel-Id-Collection-Function/id_separation_function/supplier/hyperguestdirect/server_present_but_db_id_not_present_list.txt (0 records)
Saved: /var/www/ScriptEngine/Python-Application/New-Hotel-Id-Collection-Function/id_separation_function/supplier/hyperguestdirect/db_present_but_server_json_not_present.txt (0 records)

Done.

Done.
Summary table updated.
History saved: /var/www/ScriptEngine/Python-Application/New-Hotel-Id-Collection-Function/id_separation_function/history/hyperguestdirect/2026-07-23.json
Finished: hyperguestdirect
End Time: Thu Jul 23 21:02:10 UTC 2026

===========================================
Running supplier: illusionshotel
Start Time: Thu Jul 23 21:02:10 UTC 2026
===========================================
Loading .env environment variables...
Supplier: illusionshotel
JSON Path: /var/www/Storage-Contents/Hotel-Supplier-Raw-Contents/illusionshotel
Output Path: /var/www/ScriptEngine/Python-Application/New-Hotel-Id-Collection-Function/id_separation_function/supplier/illusionshotel
Server JSON Count: 395727
Database Hotel Count: 395727
Database New Today Count: 0
ITTID Done: 42240
Pending ITTID: 353487
Saved: /var/www/ScriptEngine/Python-Application/New-Hotel-Id-Collection-Function/id_separation_function/supplier/illusionshotel/server_file_list.txt (395727 records)
Saved: /var/www/ScriptEngine/Python-Application/New-Hotel-Id-Collection-Function/id_separation_function/supplier/illusionshotel/db_hotel_id_list.txt (395727 records)
Saved: /var/www/ScriptEngine/Python-Application/New-Hotel-Id-Collection-Function/id_separation_function/supplier/illusionshotel/server_present_but_db_id_not_present_list.txt (0 records)
Saved: /var/www/ScriptEngine/Python-Application/New-Hotel-Id-Collection-Function/id_separation_function/supplier/illusionshotel/db_present_but_server_json_not_present.txt (0 records)

Done.

Done.
Summary table updated.
History saved: /var/www/ScriptEngine/Python-Application/New-Hotel-Id-Collection-Function/id_separation_function/history/illusionshotel/2026-07-23.json
Finished: illusionshotel
End Time: Thu Jul 23 21:02:16 UTC 2026

===========================================
Running supplier: innstant
Start Time: Thu Jul 23 21:02:16 UTC 2026
===========================================
Loading .env environment variables...
Supplier: innstant
JSON Path: /var/www/Storage-Contents/Hotel-Supplier-Raw-Contents/innstant
Output Path: /var/www/ScriptEngine/Python-Application/New-Hotel-Id-Collection-Function/id_separation_function/supplier/innstant
Server JSON Count: 649448
Database Hotel Count: 649436
Database New Today Count: 0
ITTID Done: 555240
Pending ITTID: 94196
Saved: /var/www/ScriptEngine/Python-Application/New-Hotel-Id-Collection-Function/id_separation_function/supplier/innstant/server_file_list.txt (649448 records)
Saved: /var/www/ScriptEngine/Python-Application/New-Hotel-Id-Collection-Function/id_separation_function/supplier/innstant/db_hotel_id_list.txt (649436 records)
Saved: /var/www/ScriptEngine/Python-Application/New-Hotel-Id-Collection-Function/id_separation_function/supplier/innstant/server_present_but_db_id_not_present_list.txt (12 records)
Saved: /var/www/ScriptEngine/Python-Application/New-Hotel-Id-Collection-Function/id_separation_function/supplier/innstant/db_present_but_server_json_not_present.txt (0 records)

Done.

Done.
Summary table updated.
History saved: /var/www/ScriptEngine/Python-Application/New-Hotel-Id-Collection-Function/id_separation_function/history/innstant/2026-07-23.json
Finished: innstant
End Time: Thu Jul 23 21:02:36 UTC 2026

===========================================
Running supplier: juniperhotel
Start Time: Thu Jul 23 21:02:36 UTC 2026
===========================================
Loading .env environment variables...
Supplier: juniperhotel
JSON Path: /var/www/Storage-Contents/Hotel-Supplier-Raw-Contents/juniperhotel
Output Path: /var/www/ScriptEngine/Python-Application/New-Hotel-Id-Collection-Function/id_separation_function/supplier/juniperhotel
Server JSON Count: 428859
Database Hotel Count: 429113
Database New Today Count: 0
ITTID Done: 427080
Pending ITTID: 2033
Saved: /var/www/ScriptEngine/Python-Application/New-Hotel-Id-Collection-Function/id_separation_function/supplier/juniperhotel/server_file_list.txt (428859 records)
Saved: /var/www/ScriptEngine/Python-Application/New-Hotel-Id-Collection-Function/id_separation_function/supplier/juniperhotel/db_hotel_id_list.txt (429113 records)
Saved: /var/www/ScriptEngine/Python-Application/New-Hotel-Id-Collection-Function/id_separation_function/supplier/juniperhotel/server_present_but_db_id_not_present_list.txt (0 records)
Saved: /var/www/ScriptEngine/Python-Application/New-Hotel-Id-Collection-Function/id_separation_function/supplier/juniperhotel/db_present_but_server_json_not_present.txt (254 records)

Done.

Done.
Summary table updated.
History saved: /var/www/ScriptEngine/Python-Application/New-Hotel-Id-Collection-Function/id_separation_function/history/juniperhotel/2026-07-23.json
Finished: juniperhotel
End Time: Thu Jul 23 21:02:47 UTC 2026

===========================================
Running supplier: kiwihotel
Start Time: Thu Jul 23 21:02:47 UTC 2026
===========================================
Loading .env environment variables...
Supplier: kiwihotel
JSON Path: /var/www/Storage-Contents/Hotel-Supplier-Raw-Contents/kiwihotel
Output Path: /var/www/ScriptEngine/Python-Application/New-Hotel-Id-Collection-Function/id_separation_function/supplier/kiwihotel
Server JSON Count: 1943
Database Hotel Count: 1943
Database New Today Count: 0
ITTID Done: 0
Pending ITTID: 1943
Saved: /var/www/ScriptEngine/Python-Application/New-Hotel-Id-Collection-Function/id_separation_function/supplier/kiwihotel/server_file_list.txt (1943 records)
Saved: /var/www/ScriptEngine/Python-Application/New-Hotel-Id-Collection-Function/id_separation_function/supplier/kiwihotel/db_hotel_id_list.txt (1943 records)
Saved: /var/www/ScriptEngine/Python-Application/New-Hotel-Id-Collection-Function/id_separation_function/supplier/kiwihotel/server_present_but_db_id_not_present_list.txt (0 records)
Saved: /var/www/ScriptEngine/Python-Application/New-Hotel-Id-Collection-Function/id_separation_function/supplier/kiwihotel/db_present_but_server_json_not_present.txt (0 records)

Done.

Done.
Summary table updated.
History saved: /var/www/ScriptEngine/Python-Application/New-Hotel-Id-Collection-Function/id_separation_function/history/kiwihotel/2026-07-23.json
Finished: kiwihotel
End Time: Thu Jul 23 21:02:48 UTC 2026

===========================================
Running supplier: mgholiday
Start Time: Thu Jul 23 21:02:48 UTC 2026
===========================================
Loading .env environment variables...
Supplier: mgholiday
JSON Path: /var/www/Storage-Contents/Hotel-Supplier-Raw-Contents/mgholiday
Output Path: /var/www/ScriptEngine/Python-Application/New-Hotel-Id-Collection-Function/id_separation_function/supplier/mgholiday
Server JSON Count: 235066
Database Hotel Count: 235065
Database New Today Count: 0
ITTID Done: 196323
Pending ITTID: 38742
Saved: /var/www/ScriptEngine/Python-Application/New-Hotel-Id-Collection-Function/id_separation_function/supplier/mgholiday/server_file_list.txt (235066 records)
Saved: /var/www/ScriptEngine/Python-Application/New-Hotel-Id-Collection-Function/id_separation_function/supplier/mgholiday/db_hotel_id_list.txt (235065 records)
Saved: /var/www/ScriptEngine/Python-Application/New-Hotel-Id-Collection-Function/id_separation_function/supplier/mgholiday/server_present_but_db_id_not_present_list.txt (2 records)
Saved: /var/www/ScriptEngine/Python-Application/New-Hotel-Id-Collection-Function/id_separation_function/supplier/mgholiday/db_present_but_server_json_not_present.txt (1 records)

Done.

Done.
Summary table updated.
History saved: /var/www/ScriptEngine/Python-Application/New-Hotel-Id-Collection-Function/id_separation_function/history/mgholiday/2026-07-23.json
Finished: mgholiday
End Time: Thu Jul 23 21:02:53 UTC 2026

===========================================
Running supplier: paximumhotel
Start Time: Thu Jul 23 21:02:53 UTC 2026
===========================================
Loading .env environment variables...
Supplier: paximumhotel
JSON Path: /var/www/Storage-Contents/Hotel-Supplier-Raw-Contents/paximumhotel
Output Path: /var/www/ScriptEngine/Python-Application/New-Hotel-Id-Collection-Function/id_separation_function/supplier/paximumhotel
Server JSON Count: 1385584
Database Hotel Count: 1385589
Database New Today Count: 0
ITTID Done: 109901
Pending ITTID: 1275688
Saved: /var/www/ScriptEngine/Python-Application/New-Hotel-Id-Collection-Function/id_separation_function/supplier/paximumhotel/server_file_list.txt (1385584 records)
Saved: /var/www/ScriptEngine/Python-Application/New-Hotel-Id-Collection-Function/id_separation_function/supplier/paximumhotel/db_hotel_id_list.txt (1385589 records)
Saved: /var/www/ScriptEngine/Python-Application/New-Hotel-Id-Collection-Function/id_separation_function/supplier/paximumhotel/server_present_but_db_id_not_present_list.txt (0 records)
Saved: /var/www/ScriptEngine/Python-Application/New-Hotel-Id-Collection-Function/id_separation_function/supplier/paximumhotel/db_present_but_server_json_not_present.txt (5 records)

Done.

Done.
Summary table updated.
History saved: /var/www/ScriptEngine/Python-Application/New-Hotel-Id-Collection-Function/id_separation_function/history/paximumhotel/2026-07-23.json
Finished: paximumhotel
End Time: Thu Jul 23 21:03:13 UTC 2026

===========================================
Running supplier: rakuten
Start Time: Thu Jul 23 21:03:13 UTC 2026
===========================================
Loading .env environment variables...
Supplier: rakuten
JSON Path: /var/www/Storage-Contents/Hotel-Supplier-Raw-Contents/rakuten
Output Path: /var/www/ScriptEngine/Python-Application/New-Hotel-Id-Collection-Function/id_separation_function/supplier/rakuten
Server JSON Count: 37864
Database Hotel Count: 37587
Database New Today Count: 0
ITTID Done: 14079
Pending ITTID: 23508
Saved: /var/www/ScriptEngine/Python-Application/New-Hotel-Id-Collection-Function/id_separation_function/supplier/rakuten/server_file_list.txt (37864 records)
Saved: /var/www/ScriptEngine/Python-Application/New-Hotel-Id-Collection-Function/id_separation_function/supplier/rakuten/db_hotel_id_list.txt (37587 records)
Saved: /var/www/ScriptEngine/Python-Application/New-Hotel-Id-Collection-Function/id_separation_function/supplier/rakuten/server_present_but_db_id_not_present_list.txt (277 records)
Saved: /var/www/ScriptEngine/Python-Application/New-Hotel-Id-Collection-Function/id_separation_function/supplier/rakuten/db_present_but_server_json_not_present.txt (0 records)

Done.

Done.
Summary table updated.
History saved: /var/www/ScriptEngine/Python-Application/New-Hotel-Id-Collection-Function/id_separation_function/history/rakuten/2026-07-23.json
Finished: rakuten
End Time: Thu Jul 23 21:03:14 UTC 2026

===========================================
Running supplier: ratehawkhotel
Start Time: Thu Jul 23 21:03:14 UTC 2026
===========================================
Loading .env environment variables...
Supplier: ratehawkhotel
JSON Path: /var/www/Storage-Contents/Hotel-Supplier-Raw-Contents/ratehawkhotel
Output Path: /var/www/ScriptEngine/Python-Application/New-Hotel-Id-Collection-Function/id_separation_function/supplier/ratehawkhotel
Server JSON Count: 2771498
Database Hotel Count: 2767559
Database New Today Count: 0
ITTID Done: 1372051
Pending ITTID: 1395508
Saved: /var/www/ScriptEngine/Python-Application/New-Hotel-Id-Collection-Function/id_separation_function/supplier/ratehawkhotel/server_file_list.txt (2771498 records)
Saved: /var/www/ScriptEngine/Python-Application/New-Hotel-Id-Collection-Function/id_separation_function/supplier/ratehawkhotel/db_hotel_id_list.txt (2767559 records)
Saved: /var/www/ScriptEngine/Python-Application/New-Hotel-Id-Collection-Function/id_separation_function/supplier/ratehawkhotel/server_present_but_db_id_not_present_list.txt (4902 records)
Saved: /var/www/ScriptEngine/Python-Application/New-Hotel-Id-Collection-Function/id_separation_function/supplier/ratehawkhotel/db_present_but_server_json_not_present.txt (963 records)

Done.

Done.
Summary table updated.
History saved: /var/www/ScriptEngine/Python-Application/New-Hotel-Id-Collection-Function/id_separation_function/history/ratehawkhotel/2026-07-23.json
Finished: ratehawkhotel
End Time: Thu Jul 23 21:03:59 UTC 2026

===========================================
Running supplier: restel
Start Time: Thu Jul 23 21:03:59 UTC 2026
===========================================
Loading .env environment variables...
Supplier: restel
JSON Path: /var/www/Storage-Contents/Hotel-Supplier-Raw-Contents/restel
Output Path: /var/www/ScriptEngine/Python-Application/New-Hotel-Id-Collection-Function/id_separation_function/supplier/restel
Server JSON Count: 144464
Database Hotel Count: 144457
Database New Today Count: 1
ITTID Done: 87229
Pending ITTID: 57228
Saved: /var/www/ScriptEngine/Python-Application/New-Hotel-Id-Collection-Function/id_separation_function/supplier/restel/server_file_list.txt (144464 records)
Saved: /var/www/ScriptEngine/Python-Application/New-Hotel-Id-Collection-Function/id_separation_function/supplier/restel/db_hotel_id_list.txt (144457 records)
Saved: /var/www/ScriptEngine/Python-Application/New-Hotel-Id-Collection-Function/id_separation_function/supplier/restel/server_present_but_db_id_not_present_list.txt (7 records)
Saved: /var/www/ScriptEngine/Python-Application/New-Hotel-Id-Collection-Function/id_separation_function/supplier/restel/db_present_but_server_json_not_present.txt (0 records)

Done.

Done.
Summary table updated.
History saved: /var/www/ScriptEngine/Python-Application/New-Hotel-Id-Collection-Function/id_separation_function/history/restel/2026-07-23.json
Finished: restel
End Time: Thu Jul 23 21:04:02 UTC 2026

===========================================
Running supplier: rnrhotel
Start Time: Thu Jul 23 21:04:02 UTC 2026
===========================================
Loading .env environment variables...
Supplier: rnrhotel
JSON Path: /var/www/Storage-Contents/Hotel-Supplier-Raw-Contents/rnrhotel
Output Path: /var/www/ScriptEngine/Python-Application/New-Hotel-Id-Collection-Function/id_separation_function/supplier/rnrhotel
Server JSON Count: 112
Database Hotel Count: 112
Database New Today Count: 0
ITTID Done: 106
Pending ITTID: 6
Saved: /var/www/ScriptEngine/Python-Application/New-Hotel-Id-Collection-Function/id_separation_function/supplier/rnrhotel/server_file_list.txt (112 records)
Saved: /var/www/ScriptEngine/Python-Application/New-Hotel-Id-Collection-Function/id_separation_function/supplier/rnrhotel/db_hotel_id_list.txt (112 records)
Saved: /var/www/ScriptEngine/Python-Application/New-Hotel-Id-Collection-Function/id_separation_function/supplier/rnrhotel/server_present_but_db_id_not_present_list.txt (0 records)
Saved: /var/www/ScriptEngine/Python-Application/New-Hotel-Id-Collection-Function/id_separation_function/supplier/rnrhotel/db_present_but_server_json_not_present.txt (0 records)

Done.

Done.
Summary table updated.
History saved: /var/www/ScriptEngine/Python-Application/New-Hotel-Id-Collection-Function/id_separation_function/history/rnrhotel/2026-07-23.json
Finished: rnrhotel
End Time: Thu Jul 23 21:04:02 UTC 2026

===========================================
Running supplier: roomerang
Start Time: Thu Jul 23 21:04:02 UTC 2026
===========================================
Loading .env environment variables...
Supplier: roomerang
JSON Path: /var/www/Storage-Contents/Hotel-Supplier-Raw-Contents/roomerang
Output Path: /var/www/ScriptEngine/Python-Application/New-Hotel-Id-Collection-Function/id_separation_function/supplier/roomerang
Server JSON Count: 708546
Database Hotel Count: 708527
Database New Today Count: 0
ITTID Done: 181282
Pending ITTID: 527245
Saved: /var/www/ScriptEngine/Python-Application/New-Hotel-Id-Collection-Function/id_separation_function/supplier/roomerang/server_file_list.txt (708546 records)
Saved: /var/www/ScriptEngine/Python-Application/New-Hotel-Id-Collection-Function/id_separation_function/supplier/roomerang/db_hotel_id_list.txt (708527 records)
Saved: /var/www/ScriptEngine/Python-Application/New-Hotel-Id-Collection-Function/id_separation_function/supplier/roomerang/server_present_but_db_id_not_present_list.txt (19 records)
Saved: /var/www/ScriptEngine/Python-Application/New-Hotel-Id-Collection-Function/id_separation_function/supplier/roomerang/db_present_but_server_json_not_present.txt (0 records)

Done.

Done.
Summary table updated.
History saved: /var/www/ScriptEngine/Python-Application/New-Hotel-Id-Collection-Function/id_separation_function/history/roomerang/2026-07-23.json
Finished: roomerang
End Time: Thu Jul 23 21:04:13 UTC 2026

===========================================
Running supplier: stuba
Start Time: Thu Jul 23 21:04:13 UTC 2026
===========================================
Loading .env environment variables...
Supplier: stuba
JSON Path: /var/www/Storage-Contents/Hotel-Supplier-Raw-Contents/stuba
Output Path: /var/www/ScriptEngine/Python-Application/New-Hotel-Id-Collection-Function/id_separation_function/supplier/stuba
Server JSON Count: 128611
Database Hotel Count: 128611
Database New Today Count: 0
ITTID Done: 115926
Pending ITTID: 12685
Saved: /var/www/ScriptEngine/Python-Application/New-Hotel-Id-Collection-Function/id_separation_function/supplier/stuba/server_file_list.txt (128611 records)
Saved: /var/www/ScriptEngine/Python-Application/New-Hotel-Id-Collection-Function/id_separation_function/supplier/stuba/db_hotel_id_list.txt (128611 records)
Saved: /var/www/ScriptEngine/Python-Application/New-Hotel-Id-Collection-Function/id_separation_function/supplier/stuba/server_present_but_db_id_not_present_list.txt (0 records)
Saved: /var/www/ScriptEngine/Python-Application/New-Hotel-Id-Collection-Function/id_separation_function/supplier/stuba/db_present_but_server_json_not_present.txt (0 records)

Done.

Done.
Summary table updated.
History saved: /var/www/ScriptEngine/Python-Application/New-Hotel-Id-Collection-Function/id_separation_function/history/stuba/2026-07-23.json
Finished: stuba
End Time: Thu Jul 23 21:04:15 UTC 2026

===========================================
Running supplier: tbohotel
Start Time: Thu Jul 23 21:04:15 UTC 2026
===========================================
Loading .env environment variables...
Supplier: tbohotel
JSON Path: /var/www/Storage-Contents/Hotel-Supplier-Raw-Contents/tbohotel
Output Path: /var/www/ScriptEngine/Python-Application/New-Hotel-Id-Collection-Function/id_separation_function/supplier/tbohotel
Server JSON Count: 1048321
Database Hotel Count: 1048321
Database New Today Count: 0
ITTID Done: 1035336
Pending ITTID: 12985
Saved: /var/www/ScriptEngine/Python-Application/New-Hotel-Id-Collection-Function/id_separation_function/supplier/tbohotel/server_file_list.txt (1048321 records)
Saved: /var/www/ScriptEngine/Python-Application/New-Hotel-Id-Collection-Function/id_separation_function/supplier/tbohotel/db_hotel_id_list.txt (1048321 records)
Saved: /var/www/ScriptEngine/Python-Application/New-Hotel-Id-Collection-Function/id_separation_function/supplier/tbohotel/server_present_but_db_id_not_present_list.txt (0 records)
Saved: /var/www/ScriptEngine/Python-Application/New-Hotel-Id-Collection-Function/id_separation_function/supplier/tbohotel/db_present_but_server_json_not_present.txt (0 records)

Done.

Done.
Summary table updated.
History saved: /var/www/ScriptEngine/Python-Application/New-Hotel-Id-Collection-Function/id_separation_function/history/tbohotel/2026-07-23.json
Finished: tbohotel
End Time: Thu Jul 23 21:04:39 UTC 2026

===========================================
Running supplier: travelrobothotel
Start Time: Thu Jul 23 21:04:39 UTC 2026
===========================================
Loading .env environment variables...
Supplier: travelrobothotel
JSON Path: /var/www/Storage-Contents/Hotel-Supplier-Raw-Contents/travelrobothotel
Output Path: /var/www/ScriptEngine/Python-Application/New-Hotel-Id-Collection-Function/id_separation_function/supplier/travelrobothotel
Server JSON Count: 1461694
Database Hotel Count: 1461693
Database New Today Count: 1461693
ITTID Done: 0
Pending ITTID: 1461693
Saved: /var/www/ScriptEngine/Python-Application/New-Hotel-Id-Collection-Function/id_separation_function/supplier/travelrobothotel/server_file_list.txt (1461694 records)
Saved: /var/www/ScriptEngine/Python-Application/New-Hotel-Id-Collection-Function/id_separation_function/supplier/travelrobothotel/db_hotel_id_list.txt (1461693 records)
Saved: /var/www/ScriptEngine/Python-Application/New-Hotel-Id-Collection-Function/id_separation_function/supplier/travelrobothotel/server_present_but_db_id_not_present_list.txt (1 records)
Saved: /var/www/ScriptEngine/Python-Application/New-Hotel-Id-Collection-Function/id_separation_function/supplier/travelrobothotel/db_present_but_server_json_not_present.txt (0 records)

Done.

Done.
Summary table updated.
History saved: /var/www/ScriptEngine/Python-Application/New-Hotel-Id-Collection-Function/id_separation_function/history/travelrobothotel/2026-07-23.json
Finished: travelrobothotel
End Time: Thu Jul 23 21:05:04 UTC 2026

===========================================
All suppliers completed.
Finished at: Thu Jul 23 21:05:04 UTC 2026
===========================================
===========================================
Started at: Fri Jul 24 21:00:01 UTC 2026
===========================================

===========================================
Running supplier: agoda
Start Time: Fri Jul 24 21:00:01 UTC 2026
===========================================
Loading .env environment variables...
Supplier: agoda
JSON Path: /var/www/Storage-Contents/Hotel-Supplier-Raw-Contents/agoda
Output Path: /var/www/ScriptEngine/Python-Application/New-Hotel-Id-Collection-Function/id_separation_function/supplier/agoda
Server JSON Count: 1034970
Database Hotel Count: 1034970
Database New Today Count: 3275
ITTID Done: 1025728
Pending ITTID: 9242
Saved: /var/www/ScriptEngine/Python-Application/New-Hotel-Id-Collection-Function/id_separation_function/supplier/agoda/server_file_list.txt (1034970 records)
Saved: /var/www/ScriptEngine/Python-Application/New-Hotel-Id-Collection-Function/id_separation_function/supplier/agoda/db_hotel_id_list.txt (1034970 records)
Saved: /var/www/ScriptEngine/Python-Application/New-Hotel-Id-Collection-Function/id_separation_function/supplier/agoda/server_present_but_db_id_not_present_list.txt (0 records)
Saved: /var/www/ScriptEngine/Python-Application/New-Hotel-Id-Collection-Function/id_separation_function/supplier/agoda/db_present_but_server_json_not_present.txt (0 records)

Done.

Done.
Summary table updated.
History saved: /var/www/ScriptEngine/Python-Application/New-Hotel-Id-Collection-Function/id_separation_function/history/agoda/2026-07-24.json
Finished: agoda
End Time: Fri Jul 24 21:00:46 UTC 2026

===========================================
Running supplier: amadeushotel
Start Time: Fri Jul 24 21:00:46 UTC 2026
===========================================
Loading .env environment variables...
Supplier: amadeushotel
JSON Path: /var/www/Storage-Contents/Hotel-Supplier-Raw-Contents/amadeushotel
Output Path: /var/www/ScriptEngine/Python-Application/New-Hotel-Id-Collection-Function/id_separation_function/supplier/amadeushotel
Server JSON Count: 94196
Database Hotel Count: 94196
Database New Today Count: 0
ITTID Done: 0
Pending ITTID: 94196
Saved: /var/www/ScriptEngine/Python-Application/New-Hotel-Id-Collection-Function/id_separation_function/supplier/amadeushotel/server_file_list.txt (94196 records)
Saved: /var/www/ScriptEngine/Python-Application/New-Hotel-Id-Collection-Function/id_separation_function/supplier/amadeushotel/db_hotel_id_list.txt (94196 records)
Saved: /var/www/ScriptEngine/Python-Application/New-Hotel-Id-Collection-Function/id_separation_function/supplier/amadeushotel/server_present_but_db_id_not_present_list.txt (0 records)
Saved: /var/www/ScriptEngine/Python-Application/New-Hotel-Id-Collection-Function/id_separation_function/supplier/amadeushotel/db_present_but_server_json_not_present.txt (0 records)

Done.

Done.
Summary table updated.
History saved: /var/www/ScriptEngine/Python-Application/New-Hotel-Id-Collection-Function/id_separation_function/history/amadeushotel/2026-07-24.json
Finished: amadeushotel
End Time: Fri Jul 24 21:00:48 UTC 2026

===========================================
Running supplier: didahotel
Start Time: Fri Jul 24 21:00:48 UTC 2026
===========================================
Loading .env environment variables...
Supplier: didahotel
JSON Path: /var/www/Storage-Contents/Hotel-Supplier-Raw-Contents/didahotel
Output Path: /var/www/ScriptEngine/Python-Application/New-Hotel-Id-Collection-Function/id_separation_function/supplier/didahotel
Server JSON Count: 209784
Database Hotel Count: 209784
Database New Today Count: 0
ITTID Done: 180325
Pending ITTID: 29459
Saved: /var/www/ScriptEngine/Python-Application/New-Hotel-Id-Collection-Function/id_separation_function/supplier/didahotel/server_file_list.txt (209784 records)
Saved: /var/www/ScriptEngine/Python-Application/New-Hotel-Id-Collection-Function/id_separation_function/supplier/didahotel/db_hotel_id_list.txt (209784 records)
Saved: /var/www/ScriptEngine/Python-Application/New-Hotel-Id-Collection-Function/id_separation_function/supplier/didahotel/server_present_but_db_id_not_present_list.txt (0 records)
Saved: /var/www/ScriptEngine/Python-Application/New-Hotel-Id-Collection-Function/id_separation_function/supplier/didahotel/db_present_but_server_json_not_present.txt (0 records)

Done.

Done.
Summary table updated.
History saved: /var/www/ScriptEngine/Python-Application/New-Hotel-Id-Collection-Function/id_separation_function/history/didahotel/2026-07-24.json
Finished: didahotel
End Time: Fri Jul 24 21:00:53 UTC 2026

===========================================
Running supplier: dotw
Start Time: Fri Jul 24 21:00:53 UTC 2026
===========================================
Loading .env environment variables...
Supplier: dotw
JSON Path: /var/www/Storage-Contents/Hotel-Supplier-Raw-Contents/dotw
Output Path: /var/www/ScriptEngine/Python-Application/New-Hotel-Id-Collection-Function/id_separation_function/supplier/dotw
Server JSON Count: 227144
Database Hotel Count: 227143
Database New Today Count: 0
ITTID Done: 215632
Pending ITTID: 11511
Saved: /var/www/ScriptEngine/Python-Application/New-Hotel-Id-Collection-Function/id_separation_function/supplier/dotw/server_file_list.txt (227144 records)
Saved: /var/www/ScriptEngine/Python-Application/New-Hotel-Id-Collection-Function/id_separation_function/supplier/dotw/db_hotel_id_list.txt (227143 records)
Saved: /var/www/ScriptEngine/Python-Application/New-Hotel-Id-Collection-Function/id_separation_function/supplier/dotw/server_present_but_db_id_not_present_list.txt (1 records)
Saved: /var/www/ScriptEngine/Python-Application/New-Hotel-Id-Collection-Function/id_separation_function/supplier/dotw/db_present_but_server_json_not_present.txt (0 records)

Done.

Done.
Summary table updated.
History saved: /var/www/ScriptEngine/Python-Application/New-Hotel-Id-Collection-Function/id_separation_function/history/dotw/2026-07-24.json
Finished: dotw
End Time: Fri Jul 24 21:00:58 UTC 2026

===========================================
Running supplier: ean
Start Time: Fri Jul 24 21:00:58 UTC 2026
===========================================
Loading .env environment variables...
Supplier: ean
JSON Path: /var/www/Storage-Contents/Hotel-Supplier-Raw-Contents/ean
Output Path: /var/www/ScriptEngine/Python-Application/New-Hotel-Id-Collection-Function/id_separation_function/supplier/ean
Server JSON Count: 616895
Database Hotel Count: 616895
Database New Today Count: 260
ITTID Done: 508942
Pending ITTID: 107953
Saved: /var/www/ScriptEngine/Python-Application/New-Hotel-Id-Collection-Function/id_separation_function/supplier/ean/server_file_list.txt (616895 records)
Saved: /var/www/ScriptEngine/Python-Application/New-Hotel-Id-Collection-Function/id_separation_function/supplier/ean/db_hotel_id_list.txt (616895 records)
Saved: /var/www/ScriptEngine/Python-Application/New-Hotel-Id-Collection-Function/id_separation_function/supplier/ean/server_present_but_db_id_not_present_list.txt (0 records)
Saved: /var/www/ScriptEngine/Python-Application/New-Hotel-Id-Collection-Function/id_separation_function/supplier/ean/db_present_but_server_json_not_present.txt (0 records)

Done.

Done.
Summary table updated.
History saved: /var/www/ScriptEngine/Python-Application/New-Hotel-Id-Collection-Function/id_separation_function/history/ean/2026-07-24.json
Finished: ean
End Time: Fri Jul 24 21:01:11 UTC 2026

===========================================
Running supplier: ebookinghotel
Start Time: Fri Jul 24 21:01:11 UTC 2026
===========================================
Loading .env environment variables...
Supplier: ebookinghotel
JSON Path: /var/www/Storage-Contents/Hotel-Supplier-Raw-Contents/ebookinghotel
Output Path: /var/www/ScriptEngine/Python-Application/New-Hotel-Id-Collection-Function/id_separation_function/supplier/ebookinghotel
Server JSON Count: 878990
Database Hotel Count: 878990
Database New Today Count: 0
ITTID Done: 0
Pending ITTID: 878990
Saved: /var/www/ScriptEngine/Python-Application/New-Hotel-Id-Collection-Function/id_separation_function/supplier/ebookinghotel/server_file_list.txt (878990 records)
Saved: /var/www/ScriptEngine/Python-Application/New-Hotel-Id-Collection-Function/id_separation_function/supplier/ebookinghotel/db_hotel_id_list.txt (878990 records)
Saved: /var/www/ScriptEngine/Python-Application/New-Hotel-Id-Collection-Function/id_separation_function/supplier/ebookinghotel/server_present_but_db_id_not_present_list.txt (0 records)
Saved: /var/www/ScriptEngine/Python-Application/New-Hotel-Id-Collection-Function/id_separation_function/supplier/ebookinghotel/db_present_but_server_json_not_present.txt (0 records)

Done.

Done.
Summary table updated.
History saved: /var/www/ScriptEngine/Python-Application/New-Hotel-Id-Collection-Function/id_separation_function/history/ebookinghotel/2026-07-24.json
Finished: ebookinghotel
End Time: Fri Jul 24 21:01:27 UTC 2026

===========================================
Running supplier: goglobal
Start Time: Fri Jul 24 21:01:27 UTC 2026
===========================================
Loading .env environment variables...
Supplier: goglobal
JSON Path: /var/www/Storage-Contents/Hotel-Supplier-Raw-Contents/goglobal
Output Path: /var/www/ScriptEngine/Python-Application/New-Hotel-Id-Collection-Function/id_separation_function/supplier/goglobal
Server JSON Count: 221411
Database Hotel Count: 221393
Database New Today Count: 0
ITTID Done: 215415
Pending ITTID: 5978
Saved: /var/www/ScriptEngine/Python-Application/New-Hotel-Id-Collection-Function/id_separation_function/supplier/goglobal/server_file_list.txt (221411 records)
Saved: /var/www/ScriptEngine/Python-Application/New-Hotel-Id-Collection-Function/id_separation_function/supplier/goglobal/db_hotel_id_list.txt (221393 records)
Saved: /var/www/ScriptEngine/Python-Application/New-Hotel-Id-Collection-Function/id_separation_function/supplier/goglobal/server_present_but_db_id_not_present_list.txt (18 records)
Saved: /var/www/ScriptEngine/Python-Application/New-Hotel-Id-Collection-Function/id_separation_function/supplier/goglobal/db_present_but_server_json_not_present.txt (0 records)

Done.

Done.
Summary table updated.
History saved: /var/www/ScriptEngine/Python-Application/New-Hotel-Id-Collection-Function/id_separation_function/history/goglobal/2026-07-24.json
Finished: goglobal
End Time: Fri Jul 24 21:01:33 UTC 2026

===========================================
Running supplier: grnconnect
Start Time: Fri Jul 24 21:01:33 UTC 2026
===========================================
Loading .env environment variables...
Supplier: grnconnect
JSON Path: /var/www/Storage-Contents/Hotel-Supplier-Raw-Contents/grnconnect
Output Path: /var/www/ScriptEngine/Python-Application/New-Hotel-Id-Collection-Function/id_separation_function/supplier/grnconnect
Server JSON Count: 214625
Database Hotel Count: 214625
Database New Today Count: 0
ITTID Done: 185747
Pending ITTID: 28878
Saved: /var/www/ScriptEngine/Python-Application/New-Hotel-Id-Collection-Function/id_separation_function/supplier/grnconnect/server_file_list.txt (214625 records)
Saved: /var/www/ScriptEngine/Python-Application/New-Hotel-Id-Collection-Function/id_separation_function/supplier/grnconnect/db_hotel_id_list.txt (214625 records)
Saved: /var/www/ScriptEngine/Python-Application/New-Hotel-Id-Collection-Function/id_separation_function/supplier/grnconnect/server_present_but_db_id_not_present_list.txt (0 records)
Saved: /var/www/ScriptEngine/Python-Application/New-Hotel-Id-Collection-Function/id_separation_function/supplier/grnconnect/db_present_but_server_json_not_present.txt (0 records)

Done.

Done.
Summary table updated.
History saved: /var/www/ScriptEngine/Python-Application/New-Hotel-Id-Collection-Function/id_separation_function/history/grnconnect/2026-07-24.json
Finished: grnconnect
End Time: Fri Jul 24 21:01:37 UTC 2026

===========================================
Running supplier: hotelbeds
Start Time: Fri Jul 24 21:01:37 UTC 2026
===========================================
Loading .env environment variables...
Supplier: hotelbeds
JSON Path: /var/www/Storage-Contents/Hotel-Supplier-Raw-Contents/hotelbeds
Output Path: /var/www/ScriptEngine/Python-Application/New-Hotel-Id-Collection-Function/id_separation_function/supplier/hotelbeds
Server JSON Count: 474576
Database Hotel Count: 474576
Database New Today Count: 0
ITTID Done: 463610
Pending ITTID: 10966
Saved: /var/www/ScriptEngine/Python-Application/New-Hotel-Id-Collection-Function/id_separation_function/supplier/hotelbeds/server_file_list.txt (474576 records)
Saved: /var/www/ScriptEngine/Python-Application/New-Hotel-Id-Collection-Function/id_separation_function/supplier/hotelbeds/db_hotel_id_list.txt (474576 records)
Saved: /var/www/ScriptEngine/Python-Application/New-Hotel-Id-Collection-Function/id_separation_function/supplier/hotelbeds/server_present_but_db_id_not_present_list.txt (0 records)
Saved: /var/www/ScriptEngine/Python-Application/New-Hotel-Id-Collection-Function/id_separation_function/supplier/hotelbeds/db_present_but_server_json_not_present.txt (0 records)

Done.

Done.
Summary table updated.
History saved: /var/www/ScriptEngine/Python-Application/New-Hotel-Id-Collection-Function/id_separation_function/history/hotelbeds/2026-07-24.json
Finished: hotelbeds
End Time: Fri Jul 24 21:01:52 UTC 2026

===========================================
Running supplier: hotelston
Start Time: Fri Jul 24 21:01:52 UTC 2026
===========================================
Loading .env environment variables...
Supplier: hotelston
JSON Path: /var/www/Storage-Contents/Hotel-Supplier-Raw-Contents/hotelston
Output Path: /var/www/ScriptEngine/Python-Application/New-Hotel-Id-Collection-Function/id_separation_function/supplier/hotelston
Server JSON Count: 3693299
Database Hotel Count: 3693299
Database New Today Count: 0
ITTID Done: 603685
Pending ITTID: 3089614
Saved: /var/www/ScriptEngine/Python-Application/New-Hotel-Id-Collection-Function/id_separation_function/supplier/hotelston/server_file_list.txt (3693299 records)
Saved: /var/www/ScriptEngine/Python-Application/New-Hotel-Id-Collection-Function/id_separation_function/supplier/hotelston/db_hotel_id_list.txt (3693299 records)
Saved: /var/www/ScriptEngine/Python-Application/New-Hotel-Id-Collection-Function/id_separation_function/supplier/hotelston/server_present_but_db_id_not_present_list.txt (0 records)
Saved: /var/www/ScriptEngine/Python-Application/New-Hotel-Id-Collection-Function/id_separation_function/supplier/hotelston/db_present_but_server_json_not_present.txt (0 records)

Done.

Done.
Summary table updated.
History saved: /var/www/ScriptEngine/Python-Application/New-Hotel-Id-Collection-Function/id_separation_function/history/hotelston/2026-07-24.json
Finished: hotelston
End Time: Fri Jul 24 21:05:17 UTC 2026

===========================================
Running supplier: hyperguestdirect
Start Time: Fri Jul 24 21:05:17 UTC 2026
===========================================
Loading .env environment variables...
Supplier: hyperguestdirect
JSON Path: /var/www/Storage-Contents/Hotel-Supplier-Raw-Contents/hyperguestdirect
Output Path: /var/www/ScriptEngine/Python-Application/New-Hotel-Id-Collection-Function/id_separation_function/supplier/hyperguestdirect
Server JSON Count: 66611
Database Hotel Count: 66611
Database New Today Count: 23
ITTID Done: 49276
Pending ITTID: 17335
Saved: /var/www/ScriptEngine/Python-Application/New-Hotel-Id-Collection-Function/id_separation_function/supplier/hyperguestdirect/server_file_list.txt (66611 records)
Saved: /var/www/ScriptEngine/Python-Application/New-Hotel-Id-Collection-Function/id_separation_function/supplier/hyperguestdirect/db_hotel_id_list.txt (66611 records)
Saved: /var/www/ScriptEngine/Python-Application/New-Hotel-Id-Collection-Function/id_separation_function/supplier/hyperguestdirect/server_present_but_db_id_not_present_list.txt (0 records)
Saved: /var/www/ScriptEngine/Python-Application/New-Hotel-Id-Collection-Function/id_separation_function/supplier/hyperguestdirect/db_present_but_server_json_not_present.txt (0 records)

Done.

Done.
Summary table updated.
History saved: /var/www/ScriptEngine/Python-Application/New-Hotel-Id-Collection-Function/id_separation_function/history/hyperguestdirect/2026-07-24.json
Finished: hyperguestdirect
End Time: Fri Jul 24 21:05:18 UTC 2026

===========================================
Running supplier: illusionshotel
Start Time: Fri Jul 24 21:05:18 UTC 2026
===========================================
Loading .env environment variables...
Supplier: illusionshotel
JSON Path: /var/www/Storage-Contents/Hotel-Supplier-Raw-Contents/illusionshotel
Output Path: /var/www/ScriptEngine/Python-Application/New-Hotel-Id-Collection-Function/id_separation_function/supplier/illusionshotel
Server JSON Count: 395727
Database Hotel Count: 395727
Database New Today Count: 0
ITTID Done: 42240
Pending ITTID: 353487
Saved: /var/www/ScriptEngine/Python-Application/New-Hotel-Id-Collection-Function/id_separation_function/supplier/illusionshotel/server_file_list.txt (395727 records)
Saved: /var/www/ScriptEngine/Python-Application/New-Hotel-Id-Collection-Function/id_separation_function/supplier/illusionshotel/db_hotel_id_list.txt (395727 records)
Saved: /var/www/ScriptEngine/Python-Application/New-Hotel-Id-Collection-Function/id_separation_function/supplier/illusionshotel/server_present_but_db_id_not_present_list.txt (0 records)
Saved: /var/www/ScriptEngine/Python-Application/New-Hotel-Id-Collection-Function/id_separation_function/supplier/illusionshotel/db_present_but_server_json_not_present.txt (0 records)

Done.

Done.
Summary table updated.
History saved: /var/www/ScriptEngine/Python-Application/New-Hotel-Id-Collection-Function/id_separation_function/history/illusionshotel/2026-07-24.json
Finished: illusionshotel
End Time: Fri Jul 24 21:05:28 UTC 2026

===========================================
Running supplier: innstant
Start Time: Fri Jul 24 21:05:28 UTC 2026
===========================================
Loading .env environment variables...
Supplier: innstant
JSON Path: /var/www/Storage-Contents/Hotel-Supplier-Raw-Contents/innstant
Output Path: /var/www/ScriptEngine/Python-Application/New-Hotel-Id-Collection-Function/id_separation_function/supplier/innstant
Server JSON Count: 649448
Database Hotel Count: 649436
Database New Today Count: 0
ITTID Done: 555240
Pending ITTID: 94196
Saved: /var/www/ScriptEngine/Python-Application/New-Hotel-Id-Collection-Function/id_separation_function/supplier/innstant/server_file_list.txt (649448 records)
Saved: /var/www/ScriptEngine/Python-Application/New-Hotel-Id-Collection-Function/id_separation_function/supplier/innstant/db_hotel_id_list.txt (649436 records)
Saved: /var/www/ScriptEngine/Python-Application/New-Hotel-Id-Collection-Function/id_separation_function/supplier/innstant/server_present_but_db_id_not_present_list.txt (12 records)
Saved: /var/www/ScriptEngine/Python-Application/New-Hotel-Id-Collection-Function/id_separation_function/supplier/innstant/db_present_but_server_json_not_present.txt (0 records)

Done.

Done.
Summary table updated.
History saved: /var/www/ScriptEngine/Python-Application/New-Hotel-Id-Collection-Function/id_separation_function/history/innstant/2026-07-24.json
Finished: innstant
End Time: Fri Jul 24 21:05:49 UTC 2026

===========================================
Running supplier: juniperhotel
Start Time: Fri Jul 24 21:05:49 UTC 2026
===========================================
Loading .env environment variables...
Supplier: juniperhotel
JSON Path: /var/www/Storage-Contents/Hotel-Supplier-Raw-Contents/juniperhotel
Output Path: /var/www/ScriptEngine/Python-Application/New-Hotel-Id-Collection-Function/id_separation_function/supplier/juniperhotel
Server JSON Count: 428859
Database Hotel Count: 429113
Database New Today Count: 0
ITTID Done: 427080
Pending ITTID: 2033
Saved: /var/www/ScriptEngine/Python-Application/New-Hotel-Id-Collection-Function/id_separation_function/supplier/juniperhotel/server_file_list.txt (428859 records)
Saved: /var/www/ScriptEngine/Python-Application/New-Hotel-Id-Collection-Function/id_separation_function/supplier/juniperhotel/db_hotel_id_list.txt (429113 records)
Saved: /var/www/ScriptEngine/Python-Application/New-Hotel-Id-Collection-Function/id_separation_function/supplier/juniperhotel/server_present_but_db_id_not_present_list.txt (0 records)
Saved: /var/www/ScriptEngine/Python-Application/New-Hotel-Id-Collection-Function/id_separation_function/supplier/juniperhotel/db_present_but_server_json_not_present.txt (254 records)

Done.

Done.
Summary table updated.
History saved: /var/www/ScriptEngine/Python-Application/New-Hotel-Id-Collection-Function/id_separation_function/history/juniperhotel/2026-07-24.json
Finished: juniperhotel
End Time: Fri Jul 24 21:06:03 UTC 2026

===========================================
Running supplier: kiwihotel
Start Time: Fri Jul 24 21:06:03 UTC 2026
===========================================
Loading .env environment variables...
Supplier: kiwihotel
JSON Path: /var/www/Storage-Contents/Hotel-Supplier-Raw-Contents/kiwihotel
Output Path: /var/www/ScriptEngine/Python-Application/New-Hotel-Id-Collection-Function/id_separation_function/supplier/kiwihotel
Server JSON Count: 1943
Database Hotel Count: 1943
Database New Today Count: 0
ITTID Done: 0
Pending ITTID: 1943
Saved: /var/www/ScriptEngine/Python-Application/New-Hotel-Id-Collection-Function/id_separation_function/supplier/kiwihotel/server_file_list.txt (1943 records)
Saved: /var/www/ScriptEngine/Python-Application/New-Hotel-Id-Collection-Function/id_separation_function/supplier/kiwihotel/db_hotel_id_list.txt (1943 records)
Saved: /var/www/ScriptEngine/Python-Application/New-Hotel-Id-Collection-Function/id_separation_function/supplier/kiwihotel/server_present_but_db_id_not_present_list.txt (0 records)
Saved: /var/www/ScriptEngine/Python-Application/New-Hotel-Id-Collection-Function/id_separation_function/supplier/kiwihotel/db_present_but_server_json_not_present.txt (0 records)

Done.

Done.
Summary table updated.
History saved: /var/www/ScriptEngine/Python-Application/New-Hotel-Id-Collection-Function/id_separation_function/history/kiwihotel/2026-07-24.json
Finished: kiwihotel
End Time: Fri Jul 24 21:06:03 UTC 2026

===========================================
Running supplier: mgholiday
Start Time: Fri Jul 24 21:06:03 UTC 2026
===========================================
Loading .env environment variables...
Supplier: mgholiday
JSON Path: /var/www/Storage-Contents/Hotel-Supplier-Raw-Contents/mgholiday
Output Path: /var/www/ScriptEngine/Python-Application/New-Hotel-Id-Collection-Function/id_separation_function/supplier/mgholiday
Server JSON Count: 235066
Database Hotel Count: 235065
Database New Today Count: 0
ITTID Done: 196323
Pending ITTID: 38742
Saved: /var/www/ScriptEngine/Python-Application/New-Hotel-Id-Collection-Function/id_separation_function/supplier/mgholiday/server_file_list.txt (235066 records)
Saved: /var/www/ScriptEngine/Python-Application/New-Hotel-Id-Collection-Function/id_separation_function/supplier/mgholiday/db_hotel_id_list.txt (235065 records)
Saved: /var/www/ScriptEngine/Python-Application/New-Hotel-Id-Collection-Function/id_separation_function/supplier/mgholiday/server_present_but_db_id_not_present_list.txt (2 records)
Saved: /var/www/ScriptEngine/Python-Application/New-Hotel-Id-Collection-Function/id_separation_function/supplier/mgholiday/db_present_but_server_json_not_present.txt (1 records)

Done.

Done.
Summary table updated.
History saved: /var/www/ScriptEngine/Python-Application/New-Hotel-Id-Collection-Function/id_separation_function/history/mgholiday/2026-07-24.json
Finished: mgholiday
End Time: Fri Jul 24 21:06:09 UTC 2026

===========================================
Running supplier: paximumhotel
Start Time: Fri Jul 24 21:06:09 UTC 2026
===========================================
Loading .env environment variables...
Supplier: paximumhotel
JSON Path: /var/www/Storage-Contents/Hotel-Supplier-Raw-Contents/paximumhotel
Output Path: /var/www/ScriptEngine/Python-Application/New-Hotel-Id-Collection-Function/id_separation_function/supplier/paximumhotel
Server JSON Count: 1385584
Database Hotel Count: 1385589
Database New Today Count: 0
ITTID Done: 109901
Pending ITTID: 1275688
Saved: /var/www/ScriptEngine/Python-Application/New-Hotel-Id-Collection-Function/id_separation_function/supplier/paximumhotel/server_file_list.txt (1385584 records)
Saved: /var/www/ScriptEngine/Python-Application/New-Hotel-Id-Collection-Function/id_separation_function/supplier/paximumhotel/db_hotel_id_list.txt (1385589 records)
Saved: /var/www/ScriptEngine/Python-Application/New-Hotel-Id-Collection-Function/id_separation_function/supplier/paximumhotel/server_present_but_db_id_not_present_list.txt (0 records)
Saved: /var/www/ScriptEngine/Python-Application/New-Hotel-Id-Collection-Function/id_separation_function/supplier/paximumhotel/db_present_but_server_json_not_present.txt (5 records)

Done.

Done.
Summary table updated.
History saved: /var/www/ScriptEngine/Python-Application/New-Hotel-Id-Collection-Function/id_separation_function/history/paximumhotel/2026-07-24.json
Finished: paximumhotel
End Time: Fri Jul 24 21:06:29 UTC 2026

===========================================
Running supplier: rakuten
Start Time: Fri Jul 24 21:06:29 UTC 2026
===========================================
Loading .env environment variables...
Supplier: rakuten
JSON Path: /var/www/Storage-Contents/Hotel-Supplier-Raw-Contents/rakuten
Output Path: /var/www/ScriptEngine/Python-Application/New-Hotel-Id-Collection-Function/id_separation_function/supplier/rakuten
Server JSON Count: 37864
Database Hotel Count: 37587
Database New Today Count: 0
ITTID Done: 14079
Pending ITTID: 23508
Saved: /var/www/ScriptEngine/Python-Application/New-Hotel-Id-Collection-Function/id_separation_function/supplier/rakuten/server_file_list.txt (37864 records)
Saved: /var/www/ScriptEngine/Python-Application/New-Hotel-Id-Collection-Function/id_separation_function/supplier/rakuten/db_hotel_id_list.txt (37587 records)
Saved: /var/www/ScriptEngine/Python-Application/New-Hotel-Id-Collection-Function/id_separation_function/supplier/rakuten/server_present_but_db_id_not_present_list.txt (277 records)
Saved: /var/www/ScriptEngine/Python-Application/New-Hotel-Id-Collection-Function/id_separation_function/supplier/rakuten/db_present_but_server_json_not_present.txt (0 records)

Done.

Done.
Summary table updated.
History saved: /var/www/ScriptEngine/Python-Application/New-Hotel-Id-Collection-Function/id_separation_function/history/rakuten/2026-07-24.json
Finished: rakuten
End Time: Fri Jul 24 21:06:30 UTC 2026

===========================================
Running supplier: ratehawkhotel
Start Time: Fri Jul 24 21:06:30 UTC 2026
===========================================
Loading .env environment variables...
Supplier: ratehawkhotel
JSON Path: /var/www/Storage-Contents/Hotel-Supplier-Raw-Contents/ratehawkhotel
Output Path: /var/www/ScriptEngine/Python-Application/New-Hotel-Id-Collection-Function/id_separation_function/supplier/ratehawkhotel
Server JSON Count: 2771498
Database Hotel Count: 2767559
Database New Today Count: 0
ITTID Done: 1372051
Pending ITTID: 1395508
Saved: /var/www/ScriptEngine/Python-Application/New-Hotel-Id-Collection-Function/id_separation_function/supplier/ratehawkhotel/server_file_list.txt (2771498 records)
Saved: /var/www/ScriptEngine/Python-Application/New-Hotel-Id-Collection-Function/id_separation_function/supplier/ratehawkhotel/db_hotel_id_list.txt (2767559 records)
Saved: /var/www/ScriptEngine/Python-Application/New-Hotel-Id-Collection-Function/id_separation_function/supplier/ratehawkhotel/server_present_but_db_id_not_present_list.txt (4902 records)
Saved: /var/www/ScriptEngine/Python-Application/New-Hotel-Id-Collection-Function/id_separation_function/supplier/ratehawkhotel/db_present_but_server_json_not_present.txt (963 records)

Done.

Done.
Summary table updated.
History saved: /var/www/ScriptEngine/Python-Application/New-Hotel-Id-Collection-Function/id_separation_function/history/ratehawkhotel/2026-07-24.json
Finished: ratehawkhotel
End Time: Fri Jul 24 21:07:14 UTC 2026

===========================================
Running supplier: restel
Start Time: Fri Jul 24 21:07:14 UTC 2026
===========================================
Loading .env environment variables...
Supplier: restel
JSON Path: /var/www/Storage-Contents/Hotel-Supplier-Raw-Contents/restel
Output Path: /var/www/ScriptEngine/Python-Application/New-Hotel-Id-Collection-Function/id_separation_function/supplier/restel
Server JSON Count: 144465
Database Hotel Count: 144458
Database New Today Count: 1
ITTID Done: 87229
Pending ITTID: 57229
Saved: /var/www/ScriptEngine/Python-Application/New-Hotel-Id-Collection-Function/id_separation_function/supplier/restel/server_file_list.txt (144465 records)
Saved: /var/www/ScriptEngine/Python-Application/New-Hotel-Id-Collection-Function/id_separation_function/supplier/restel/db_hotel_id_list.txt (144458 records)
Saved: /var/www/ScriptEngine/Python-Application/New-Hotel-Id-Collection-Function/id_separation_function/supplier/restel/server_present_but_db_id_not_present_list.txt (7 records)
Saved: /var/www/ScriptEngine/Python-Application/New-Hotel-Id-Collection-Function/id_separation_function/supplier/restel/db_present_but_server_json_not_present.txt (0 records)

Done.

Done.
Summary table updated.
History saved: /var/www/ScriptEngine/Python-Application/New-Hotel-Id-Collection-Function/id_separation_function/history/restel/2026-07-24.json
Finished: restel
End Time: Fri Jul 24 21:07:17 UTC 2026

===========================================
Running supplier: rnrhotel
Start Time: Fri Jul 24 21:07:17 UTC 2026
===========================================
Loading .env environment variables...
Supplier: rnrhotel
JSON Path: /var/www/Storage-Contents/Hotel-Supplier-Raw-Contents/rnrhotel
Output Path: /var/www/ScriptEngine/Python-Application/New-Hotel-Id-Collection-Function/id_separation_function/supplier/rnrhotel
Server JSON Count: 112
Database Hotel Count: 112
Database New Today Count: 0
ITTID Done: 106
Pending ITTID: 6
Saved: /var/www/ScriptEngine/Python-Application/New-Hotel-Id-Collection-Function/id_separation_function/supplier/rnrhotel/server_file_list.txt (112 records)
Saved: /var/www/ScriptEngine/Python-Application/New-Hotel-Id-Collection-Function/id_separation_function/supplier/rnrhotel/db_hotel_id_list.txt (112 records)
Saved: /var/www/ScriptEngine/Python-Application/New-Hotel-Id-Collection-Function/id_separation_function/supplier/rnrhotel/server_present_but_db_id_not_present_list.txt (0 records)
Saved: /var/www/ScriptEngine/Python-Application/New-Hotel-Id-Collection-Function/id_separation_function/supplier/rnrhotel/db_present_but_server_json_not_present.txt (0 records)

Done.

Done.
Summary table updated.
History saved: /var/www/ScriptEngine/Python-Application/New-Hotel-Id-Collection-Function/id_separation_function/history/rnrhotel/2026-07-24.json
Finished: rnrhotel
End Time: Fri Jul 24 21:07:18 UTC 2026

===========================================
Running supplier: roomerang
Start Time: Fri Jul 24 21:07:18 UTC 2026
===========================================
Loading .env environment variables...
Supplier: roomerang
JSON Path: /var/www/Storage-Contents/Hotel-Supplier-Raw-Contents/roomerang
Output Path: /var/www/ScriptEngine/Python-Application/New-Hotel-Id-Collection-Function/id_separation_function/supplier/roomerang
Server JSON Count: 708546
Database Hotel Count: 708527
Database New Today Count: 0
ITTID Done: 181282
Pending ITTID: 527245
Saved: /var/www/ScriptEngine/Python-Application/New-Hotel-Id-Collection-Function/id_separation_function/supplier/roomerang/server_file_list.txt (708546 records)
Saved: /var/www/ScriptEngine/Python-Application/New-Hotel-Id-Collection-Function/id_separation_function/supplier/roomerang/db_hotel_id_list.txt (708527 records)
Saved: /var/www/ScriptEngine/Python-Application/New-Hotel-Id-Collection-Function/id_separation_function/supplier/roomerang/server_present_but_db_id_not_present_list.txt (19 records)
Saved: /var/www/ScriptEngine/Python-Application/New-Hotel-Id-Collection-Function/id_separation_function/supplier/roomerang/db_present_but_server_json_not_present.txt (0 records)

Done.

Done.
Summary table updated.
History saved: /var/www/ScriptEngine/Python-Application/New-Hotel-Id-Collection-Function/id_separation_function/history/roomerang/2026-07-24.json
Finished: roomerang
End Time: Fri Jul 24 21:07:27 UTC 2026

===========================================
Running supplier: stuba
Start Time: Fri Jul 24 21:07:27 UTC 2026
===========================================
Loading .env environment variables...
Supplier: stuba
JSON Path: /var/www/Storage-Contents/Hotel-Supplier-Raw-Contents/stuba
Output Path: /var/www/ScriptEngine/Python-Application/New-Hotel-Id-Collection-Function/id_separation_function/supplier/stuba
Server JSON Count: 128611
Database Hotel Count: 128611
Database New Today Count: 0
ITTID Done: 115926
Pending ITTID: 12685
Saved: /var/www/ScriptEngine/Python-Application/New-Hotel-Id-Collection-Function/id_separation_function/supplier/stuba/server_file_list.txt (128611 records)
Saved: /var/www/ScriptEngine/Python-Application/New-Hotel-Id-Collection-Function/id_separation_function/supplier/stuba/db_hotel_id_list.txt (128611 records)
Saved: /var/www/ScriptEngine/Python-Application/New-Hotel-Id-Collection-Function/id_separation_function/supplier/stuba/server_present_but_db_id_not_present_list.txt (0 records)
Saved: /var/www/ScriptEngine/Python-Application/New-Hotel-Id-Collection-Function/id_separation_function/supplier/stuba/db_present_but_server_json_not_present.txt (0 records)

Done.

Done.
Summary table updated.
History saved: /var/www/ScriptEngine/Python-Application/New-Hotel-Id-Collection-Function/id_separation_function/history/stuba/2026-07-24.json
Finished: stuba
End Time: Fri Jul 24 21:07:28 UTC 2026

===========================================
Running supplier: tbohotel
Start Time: Fri Jul 24 21:07:28 UTC 2026
===========================================
Loading .env environment variables...
Supplier: tbohotel
JSON Path: /var/www/Storage-Contents/Hotel-Supplier-Raw-Contents/tbohotel
Output Path: /var/www/ScriptEngine/Python-Application/New-Hotel-Id-Collection-Function/id_separation_function/supplier/tbohotel
Server JSON Count: 1048321
Database Hotel Count: 1048321
Database New Today Count: 0
ITTID Done: 1035336
Pending ITTID: 12985
Saved: /var/www/ScriptEngine/Python-Application/New-Hotel-Id-Collection-Function/id_separation_function/supplier/tbohotel/server_file_list.txt (1048321 records)
Saved: /var/www/ScriptEngine/Python-Application/New-Hotel-Id-Collection-Function/id_separation_function/supplier/tbohotel/db_hotel_id_list.txt (1048321 records)
Saved: /var/www/ScriptEngine/Python-Application/New-Hotel-Id-Collection-Function/id_separation_function/supplier/tbohotel/server_present_but_db_id_not_present_list.txt (0 records)
Saved: /var/www/ScriptEngine/Python-Application/New-Hotel-Id-Collection-Function/id_separation_function/supplier/tbohotel/db_present_but_server_json_not_present.txt (0 records)

Done.

Done.
Summary table updated.
History saved: /var/www/ScriptEngine/Python-Application/New-Hotel-Id-Collection-Function/id_separation_function/history/tbohotel/2026-07-24.json
Finished: tbohotel
End Time: Fri Jul 24 21:07:45 UTC 2026

===========================================
Running supplier: travelrobothotel
Start Time: Fri Jul 24 21:07:45 UTC 2026
===========================================
Loading .env environment variables...
Supplier: travelrobothotel
JSON Path: /var/www/Storage-Contents/Hotel-Supplier-Raw-Contents/travelrobothotel
Output Path: /var/www/ScriptEngine/Python-Application/New-Hotel-Id-Collection-Function/id_separation_function/supplier/travelrobothotel
Server JSON Count: 1461694
Database Hotel Count: 1461693
Database New Today Count: 0
ITTID Done: 0
Pending ITTID: 1461693
Saved: /var/www/ScriptEngine/Python-Application/New-Hotel-Id-Collection-Function/id_separation_function/supplier/travelrobothotel/server_file_list.txt (1461694 records)
Saved: /var/www/ScriptEngine/Python-Application/New-Hotel-Id-Collection-Function/id_separation_function/supplier/travelrobothotel/db_hotel_id_list.txt (1461693 records)
Saved: /var/www/ScriptEngine/Python-Application/New-Hotel-Id-Collection-Function/id_separation_function/supplier/travelrobothotel/server_present_but_db_id_not_present_list.txt (1 records)
Saved: /var/www/ScriptEngine/Python-Application/New-Hotel-Id-Collection-Function/id_separation_function/supplier/travelrobothotel/db_present_but_server_json_not_present.txt (0 records)

Done.

Done.
Summary table updated.
History saved: /var/www/ScriptEngine/Python-Application/New-Hotel-Id-Collection-Function/id_separation_function/history/travelrobothotel/2026-07-24.json
Finished: travelrobothotel
End Time: Fri Jul 24 21:08:06 UTC 2026

===========================================
All suppliers completed.
Finished at: Fri Jul 24 21:08:06 UTC 2026
===========================================
===========================================
Started at: Sat Jul 25 21:00:02 UTC 2026
===========================================

===========================================
Running supplier: agoda
Start Time: Sat Jul 25 21:00:02 UTC 2026
===========================================
Loading .env environment variables...
Supplier: agoda
JSON Path: /var/www/Storage-Contents/Hotel-Supplier-Raw-Contents/agoda
Output Path: /var/www/ScriptEngine/Python-Application/New-Hotel-Id-Collection-Function/id_separation_function/supplier/agoda
Server JSON Count: 1037528
Database Hotel Count: 1037528
Database New Today Count: 2558
ITTID Done: 1025728
Pending ITTID: 11800
Saved: /var/www/ScriptEngine/Python-Application/New-Hotel-Id-Collection-Function/id_separation_function/supplier/agoda/server_file_list.txt (1037528 records)
Saved: /var/www/ScriptEngine/Python-Application/New-Hotel-Id-Collection-Function/id_separation_function/supplier/agoda/db_hotel_id_list.txt (1037528 records)
Saved: /var/www/ScriptEngine/Python-Application/New-Hotel-Id-Collection-Function/id_separation_function/supplier/agoda/server_present_but_db_id_not_present_list.txt (0 records)
Saved: /var/www/ScriptEngine/Python-Application/New-Hotel-Id-Collection-Function/id_separation_function/supplier/agoda/db_present_but_server_json_not_present.txt (0 records)

Done.

Done.
Summary table updated.
History saved: /var/www/ScriptEngine/Python-Application/New-Hotel-Id-Collection-Function/id_separation_function/history/agoda/2026-07-25.json
Finished: agoda
End Time: Sat Jul 25 21:00:43 UTC 2026

===========================================
Running supplier: amadeushotel
Start Time: Sat Jul 25 21:00:43 UTC 2026
===========================================
Loading .env environment variables...
Supplier: amadeushotel
JSON Path: /var/www/Storage-Contents/Hotel-Supplier-Raw-Contents/amadeushotel
Output Path: /var/www/ScriptEngine/Python-Application/New-Hotel-Id-Collection-Function/id_separation_function/supplier/amadeushotel
Server JSON Count: 94196
Database Hotel Count: 94196
Database New Today Count: 0
ITTID Done: 0
Pending ITTID: 94196
Saved: /var/www/ScriptEngine/Python-Application/New-Hotel-Id-Collection-Function/id_separation_function/supplier/amadeushotel/server_file_list.txt (94196 records)
Saved: /var/www/ScriptEngine/Python-Application/New-Hotel-Id-Collection-Function/id_separation_function/supplier/amadeushotel/db_hotel_id_list.txt (94196 records)
Saved: /var/www/ScriptEngine/Python-Application/New-Hotel-Id-Collection-Function/id_separation_function/supplier/amadeushotel/server_present_but_db_id_not_present_list.txt (0 records)
Saved: /var/www/ScriptEngine/Python-Application/New-Hotel-Id-Collection-Function/id_separation_function/supplier/amadeushotel/db_present_but_server_json_not_present.txt (0 records)

Done.

Done.
Summary table updated.
History saved: /var/www/ScriptEngine/Python-Application/New-Hotel-Id-Collection-Function/id_separation_function/history/amadeushotel/2026-07-25.json
Finished: amadeushotel
End Time: Sat Jul 25 21:00:45 UTC 2026

===========================================
Running supplier: didahotel
Start Time: Sat Jul 25 21:00:45 UTC 2026
===========================================
Loading .env environment variables...
Supplier: didahotel
JSON Path: /var/www/Storage-Contents/Hotel-Supplier-Raw-Contents/didahotel
Output Path: /var/www/ScriptEngine/Python-Application/New-Hotel-Id-Collection-Function/id_separation_function/supplier/didahotel
Server JSON Count: 209784
Database Hotel Count: 209784
Database New Today Count: 0
ITTID Done: 180325
Pending ITTID: 29459
Saved: /var/www/ScriptEngine/Python-Application/New-Hotel-Id-Collection-Function/id_separation_function/supplier/didahotel/server_file_list.txt (209784 records)
Saved: /var/www/ScriptEngine/Python-Application/New-Hotel-Id-Collection-Function/id_separation_function/supplier/didahotel/db_hotel_id_list.txt (209784 records)
Saved: /var/www/ScriptEngine/Python-Application/New-Hotel-Id-Collection-Function/id_separation_function/supplier/didahotel/server_present_but_db_id_not_present_list.txt (0 records)
Saved: /var/www/ScriptEngine/Python-Application/New-Hotel-Id-Collection-Function/id_separation_function/supplier/didahotel/db_present_but_server_json_not_present.txt (0 records)

Done.

Done.
Summary table updated.
History saved: /var/www/ScriptEngine/Python-Application/New-Hotel-Id-Collection-Function/id_separation_function/history/didahotel/2026-07-25.json
Finished: didahotel
End Time: Sat Jul 25 21:00:50 UTC 2026

===========================================
Running supplier: dotw
Start Time: Sat Jul 25 21:00:50 UTC 2026
===========================================
Loading .env environment variables...
Supplier: dotw
JSON Path: /var/www/Storage-Contents/Hotel-Supplier-Raw-Contents/dotw
Output Path: /var/www/ScriptEngine/Python-Application/New-Hotel-Id-Collection-Function/id_separation_function/supplier/dotw
Server JSON Count: 227144
Database Hotel Count: 227143
Database New Today Count: 0
ITTID Done: 215632
Pending ITTID: 11511
Saved: /var/www/ScriptEngine/Python-Application/New-Hotel-Id-Collection-Function/id_separation_function/supplier/dotw/server_file_list.txt (227144 records)
Saved: /var/www/ScriptEngine/Python-Application/New-Hotel-Id-Collection-Function/id_separation_function/supplier/dotw/db_hotel_id_list.txt (227143 records)
Saved: /var/www/ScriptEngine/Python-Application/New-Hotel-Id-Collection-Function/id_separation_function/supplier/dotw/server_present_but_db_id_not_present_list.txt (1 records)
Saved: /var/www/ScriptEngine/Python-Application/New-Hotel-Id-Collection-Function/id_separation_function/supplier/dotw/db_present_but_server_json_not_present.txt (0 records)

Done.

Done.
Summary table updated.
History saved: /var/www/ScriptEngine/Python-Application/New-Hotel-Id-Collection-Function/id_separation_function/history/dotw/2026-07-25.json
Finished: dotw
End Time: Sat Jul 25 21:00:55 UTC 2026

===========================================
Running supplier: ean
Start Time: Sat Jul 25 21:00:55 UTC 2026
===========================================
Loading .env environment variables...
Supplier: ean
JSON Path: /var/www/Storage-Contents/Hotel-Supplier-Raw-Contents/ean
Output Path: /var/www/ScriptEngine/Python-Application/New-Hotel-Id-Collection-Function/id_separation_function/supplier/ean
Server JSON Count: 617203
Database Hotel Count: 617203
Database New Today Count: 308
ITTID Done: 508942
Pending ITTID: 108261
Saved: /var/www/ScriptEngine/Python-Application/New-Hotel-Id-Collection-Function/id_separation_function/supplier/ean/server_file_list.txt (617203 records)
Saved: /var/www/ScriptEngine/Python-Application/New-Hotel-Id-Collection-Function/id_separation_function/supplier/ean/db_hotel_id_list.txt (617203 records)
Saved: /var/www/ScriptEngine/Python-Application/New-Hotel-Id-Collection-Function/id_separation_function/supplier/ean/server_present_but_db_id_not_present_list.txt (0 records)
Saved: /var/www/ScriptEngine/Python-Application/New-Hotel-Id-Collection-Function/id_separation_function/supplier/ean/db_present_but_server_json_not_present.txt (0 records)

Done.

Done.
Summary table updated.
History saved: /var/www/ScriptEngine/Python-Application/New-Hotel-Id-Collection-Function/id_separation_function/history/ean/2026-07-25.json
Finished: ean
End Time: Sat Jul 25 21:01:07 UTC 2026

===========================================
Running supplier: ebookinghotel
Start Time: Sat Jul 25 21:01:07 UTC 2026
===========================================
Loading .env environment variables...
Supplier: ebookinghotel
JSON Path: /var/www/Storage-Contents/Hotel-Supplier-Raw-Contents/ebookinghotel
Output Path: /var/www/ScriptEngine/Python-Application/New-Hotel-Id-Collection-Function/id_separation_function/supplier/ebookinghotel
Server JSON Count: 878990
Database Hotel Count: 878990
Database New Today Count: 0
ITTID Done: 0
Pending ITTID: 878990
Saved: /var/www/ScriptEngine/Python-Application/New-Hotel-Id-Collection-Function/id_separation_function/supplier/ebookinghotel/server_file_list.txt (878990 records)
Saved: /var/www/ScriptEngine/Python-Application/New-Hotel-Id-Collection-Function/id_separation_function/supplier/ebookinghotel/db_hotel_id_list.txt (878990 records)
Saved: /var/www/ScriptEngine/Python-Application/New-Hotel-Id-Collection-Function/id_separation_function/supplier/ebookinghotel/server_present_but_db_id_not_present_list.txt (0 records)
Saved: /var/www/ScriptEngine/Python-Application/New-Hotel-Id-Collection-Function/id_separation_function/supplier/ebookinghotel/db_present_but_server_json_not_present.txt (0 records)

Done.

Done.
Summary table updated.
History saved: /var/www/ScriptEngine/Python-Application/New-Hotel-Id-Collection-Function/id_separation_function/history/ebookinghotel/2026-07-25.json
Finished: ebookinghotel
End Time: Sat Jul 25 21:01:25 UTC 2026

===========================================
Running supplier: goglobal
Start Time: Sat Jul 25 21:01:25 UTC 2026
===========================================
Loading .env environment variables...
Supplier: goglobal
JSON Path: /var/www/Storage-Contents/Hotel-Supplier-Raw-Contents/goglobal
Output Path: /var/www/ScriptEngine/Python-Application/New-Hotel-Id-Collection-Function/id_separation_function/supplier/goglobal
Server JSON Count: 221411
Database Hotel Count: 221393
Database New Today Count: 0
ITTID Done: 215415
Pending ITTID: 5978
Saved: /var/www/ScriptEngine/Python-Application/New-Hotel-Id-Collection-Function/id_separation_function/supplier/goglobal/server_file_list.txt (221411 records)
Saved: /var/www/ScriptEngine/Python-Application/New-Hotel-Id-Collection-Function/id_separation_function/supplier/goglobal/db_hotel_id_list.txt (221393 records)
Saved: /var/www/ScriptEngine/Python-Application/New-Hotel-Id-Collection-Function/id_separation_function/supplier/goglobal/server_present_but_db_id_not_present_list.txt (18 records)
Saved: /var/www/ScriptEngine/Python-Application/New-Hotel-Id-Collection-Function/id_separation_function/supplier/goglobal/db_present_but_server_json_not_present.txt (0 records)

Done.

Done.
Summary table updated.
History saved: /var/www/ScriptEngine/Python-Application/New-Hotel-Id-Collection-Function/id_separation_function/history/goglobal/2026-07-25.json
Finished: goglobal
End Time: Sat Jul 25 21:01:30 UTC 2026

===========================================
Running supplier: grnconnect
Start Time: Sat Jul 25 21:01:30 UTC 2026
===========================================
Loading .env environment variables...
Supplier: grnconnect
JSON Path: /var/www/Storage-Contents/Hotel-Supplier-Raw-Contents/grnconnect
Output Path: /var/www/ScriptEngine/Python-Application/New-Hotel-Id-Collection-Function/id_separation_function/supplier/grnconnect
Server JSON Count: 214625
Database Hotel Count: 214625
Database New Today Count: 0
ITTID Done: 185747
Pending ITTID: 28878
Saved: /var/www/ScriptEngine/Python-Application/New-Hotel-Id-Collection-Function/id_separation_function/supplier/grnconnect/server_file_list.txt (214625 records)
Saved: /var/www/ScriptEngine/Python-Application/New-Hotel-Id-Collection-Function/id_separation_function/supplier/grnconnect/db_hotel_id_list.txt (214625 records)
Saved: /var/www/ScriptEngine/Python-Application/New-Hotel-Id-Collection-Function/id_separation_function/supplier/grnconnect/server_present_but_db_id_not_present_list.txt (0 records)
Saved: /var/www/ScriptEngine/Python-Application/New-Hotel-Id-Collection-Function/id_separation_function/supplier/grnconnect/db_present_but_server_json_not_present.txt (0 records)

Done.

Done.
Summary table updated.
History saved: /var/www/ScriptEngine/Python-Application/New-Hotel-Id-Collection-Function/id_separation_function/history/grnconnect/2026-07-25.json
Finished: grnconnect
End Time: Sat Jul 25 21:01:35 UTC 2026

===========================================
Running supplier: hotelbeds
Start Time: Sat Jul 25 21:01:35 UTC 2026
===========================================
Loading .env environment variables...
Supplier: hotelbeds
JSON Path: /var/www/Storage-Contents/Hotel-Supplier-Raw-Contents/hotelbeds
Output Path: /var/www/ScriptEngine/Python-Application/New-Hotel-Id-Collection-Function/id_separation_function/supplier/hotelbeds
Server JSON Count: 474578
Database Hotel Count: 474578
Database New Today Count: 2
ITTID Done: 464819
Pending ITTID: 9759
Saved: /var/www/ScriptEngine/Python-Application/New-Hotel-Id-Collection-Function/id_separation_function/supplier/hotelbeds/server_file_list.txt (474578 records)
Saved: /var/www/ScriptEngine/Python-Application/New-Hotel-Id-Collection-Function/id_separation_function/supplier/hotelbeds/db_hotel_id_list.txt (474578 records)
Saved: /var/www/ScriptEngine/Python-Application/New-Hotel-Id-Collection-Function/id_separation_function/supplier/hotelbeds/server_present_but_db_id_not_present_list.txt (0 records)
Saved: /var/www/ScriptEngine/Python-Application/New-Hotel-Id-Collection-Function/id_separation_function/supplier/hotelbeds/db_present_but_server_json_not_present.txt (0 records)

Done.

Done.
Summary table updated.
History saved: /var/www/ScriptEngine/Python-Application/New-Hotel-Id-Collection-Function/id_separation_function/history/hotelbeds/2026-07-25.json
Finished: hotelbeds
End Time: Sat Jul 25 21:01:49 UTC 2026

===========================================
Running supplier: hotelston
Start Time: Sat Jul 25 21:01:49 UTC 2026
===========================================
Loading .env environment variables...
Supplier: hotelston
JSON Path: /var/www/Storage-Contents/Hotel-Supplier-Raw-Contents/hotelston
Output Path: /var/www/ScriptEngine/Python-Application/New-Hotel-Id-Collection-Function/id_separation_function/supplier/hotelston
Server JSON Count: 3693299
Database Hotel Count: 3693299
Database New Today Count: 0
ITTID Done: 603685
Pending ITTID: 3089614
Saved: /var/www/ScriptEngine/Python-Application/New-Hotel-Id-Collection-Function/id_separation_function/supplier/hotelston/server_file_list.txt (3693299 records)
Saved: /var/www/ScriptEngine/Python-Application/New-Hotel-Id-Collection-Function/id_separation_function/supplier/hotelston/db_hotel_id_list.txt (3693299 records)
Saved: /var/www/ScriptEngine/Python-Application/New-Hotel-Id-Collection-Function/id_separation_function/supplier/hotelston/server_present_but_db_id_not_present_list.txt (0 records)
Saved: /var/www/ScriptEngine/Python-Application/New-Hotel-Id-Collection-Function/id_separation_function/supplier/hotelston/db_present_but_server_json_not_present.txt (0 records)

Done.

Done.
Summary table updated.
History saved: /var/www/ScriptEngine/Python-Application/New-Hotel-Id-Collection-Function/id_separation_function/history/hotelston/2026-07-25.json
Finished: hotelston
End Time: Sat Jul 25 21:02:33 UTC 2026

===========================================
Running supplier: hyperguestdirect
Start Time: Sat Jul 25 21:02:33 UTC 2026
===========================================
Loading .env environment variables...
Supplier: hyperguestdirect
JSON Path: /var/www/Storage-Contents/Hotel-Supplier-Raw-Contents/hyperguestdirect
Output Path: /var/www/ScriptEngine/Python-Application/New-Hotel-Id-Collection-Function/id_separation_function/supplier/hyperguestdirect
Server JSON Count: 66618
Database Hotel Count: 66618
Database New Today Count: 7
ITTID Done: 49276
Pending ITTID: 17342
Saved: /var/www/ScriptEngine/Python-Application/New-Hotel-Id-Collection-Function/id_separation_function/supplier/hyperguestdirect/server_file_list.txt (66618 records)
Saved: /var/www/ScriptEngine/Python-Application/New-Hotel-Id-Collection-Function/id_separation_function/supplier/hyperguestdirect/db_hotel_id_list.txt (66618 records)
Saved: /var/www/ScriptEngine/Python-Application/New-Hotel-Id-Collection-Function/id_separation_function/supplier/hyperguestdirect/server_present_but_db_id_not_present_list.txt (0 records)
Saved: /var/www/ScriptEngine/Python-Application/New-Hotel-Id-Collection-Function/id_separation_function/supplier/hyperguestdirect/db_present_but_server_json_not_present.txt (0 records)

Done.

Done.
Summary table updated.
History saved: /var/www/ScriptEngine/Python-Application/New-Hotel-Id-Collection-Function/id_separation_function/history/hyperguestdirect/2026-07-25.json
Finished: hyperguestdirect
End Time: Sat Jul 25 21:02:34 UTC 2026

===========================================
Running supplier: illusionshotel
Start Time: Sat Jul 25 21:02:34 UTC 2026
===========================================
Loading .env environment variables...
Supplier: illusionshotel
JSON Path: /var/www/Storage-Contents/Hotel-Supplier-Raw-Contents/illusionshotel
Output Path: /var/www/ScriptEngine/Python-Application/New-Hotel-Id-Collection-Function/id_separation_function/supplier/illusionshotel
Server JSON Count: 395727
Database Hotel Count: 395727
Database New Today Count: 0
ITTID Done: 42240
Pending ITTID: 353487
Saved: /var/www/ScriptEngine/Python-Application/New-Hotel-Id-Collection-Function/id_separation_function/supplier/illusionshotel/server_file_list.txt (395727 records)
Saved: /var/www/ScriptEngine/Python-Application/New-Hotel-Id-Collection-Function/id_separation_function/supplier/illusionshotel/db_hotel_id_list.txt (395727 records)
Saved: /var/www/ScriptEngine/Python-Application/New-Hotel-Id-Collection-Function/id_separation_function/supplier/illusionshotel/server_present_but_db_id_not_present_list.txt (0 records)
Saved: /var/www/ScriptEngine/Python-Application/New-Hotel-Id-Collection-Function/id_separation_function/supplier/illusionshotel/db_present_but_server_json_not_present.txt (0 records)

Done.

Done.
Summary table updated.
History saved: /var/www/ScriptEngine/Python-Application/New-Hotel-Id-Collection-Function/id_separation_function/history/illusionshotel/2026-07-25.json
Finished: illusionshotel
End Time: Sat Jul 25 21:02:40 UTC 2026

===========================================
Running supplier: innstant
Start Time: Sat Jul 25 21:02:40 UTC 2026
===========================================
Loading .env environment variables...
Supplier: innstant
JSON Path: /var/www/Storage-Contents/Hotel-Supplier-Raw-Contents/innstant
Output Path: /var/www/ScriptEngine/Python-Application/New-Hotel-Id-Collection-Function/id_separation_function/supplier/innstant
Server JSON Count: 649448
Database Hotel Count: 649436
Database New Today Count: 0
ITTID Done: 555240
Pending ITTID: 94196
Saved: /var/www/ScriptEngine/Python-Application/New-Hotel-Id-Collection-Function/id_separation_function/supplier/innstant/server_file_list.txt (649448 records)
Saved: /var/www/ScriptEngine/Python-Application/New-Hotel-Id-Collection-Function/id_separation_function/supplier/innstant/db_hotel_id_list.txt (649436 records)
Saved: /var/www/ScriptEngine/Python-Application/New-Hotel-Id-Collection-Function/id_separation_function/supplier/innstant/server_present_but_db_id_not_present_list.txt (12 records)
Saved: /var/www/ScriptEngine/Python-Application/New-Hotel-Id-Collection-Function/id_separation_function/supplier/innstant/db_present_but_server_json_not_present.txt (0 records)

Done.

Done.
Summary table updated.
History saved: /var/www/ScriptEngine/Python-Application/New-Hotel-Id-Collection-Function/id_separation_function/history/innstant/2026-07-25.json
Finished: innstant
End Time: Sat Jul 25 21:03:02 UTC 2026

===========================================
Running supplier: juniperhotel
Start Time: Sat Jul 25 21:03:02 UTC 2026
===========================================
Loading .env environment variables...
Supplier: juniperhotel
JSON Path: /var/www/Storage-Contents/Hotel-Supplier-Raw-Contents/juniperhotel
Output Path: /var/www/ScriptEngine/Python-Application/New-Hotel-Id-Collection-Function/id_separation_function/supplier/juniperhotel
Server JSON Count: 428859
Database Hotel Count: 429113
Database New Today Count: 0
ITTID Done: 427080
Pending ITTID: 2033
Saved: /var/www/ScriptEngine/Python-Application/New-Hotel-Id-Collection-Function/id_separation_function/supplier/juniperhotel/server_file_list.txt (428859 records)
Saved: /var/www/ScriptEngine/Python-Application/New-Hotel-Id-Collection-Function/id_separation_function/supplier/juniperhotel/db_hotel_id_list.txt (429113 records)
Saved: /var/www/ScriptEngine/Python-Application/New-Hotel-Id-Collection-Function/id_separation_function/supplier/juniperhotel/server_present_but_db_id_not_present_list.txt (0 records)
Saved: /var/www/ScriptEngine/Python-Application/New-Hotel-Id-Collection-Function/id_separation_function/supplier/juniperhotel/db_present_but_server_json_not_present.txt (254 records)

Done.

Done.
Summary table updated.
History saved: /var/www/ScriptEngine/Python-Application/New-Hotel-Id-Collection-Function/id_separation_function/history/juniperhotel/2026-07-25.json
Finished: juniperhotel
End Time: Sat Jul 25 21:03:14 UTC 2026

===========================================
Running supplier: kiwihotel
Start Time: Sat Jul 25 21:03:14 UTC 2026
===========================================
Loading .env environment variables...
Supplier: kiwihotel
JSON Path: /var/www/Storage-Contents/Hotel-Supplier-Raw-Contents/kiwihotel
Output Path: /var/www/ScriptEngine/Python-Application/New-Hotel-Id-Collection-Function/id_separation_function/supplier/kiwihotel
Server JSON Count: 1943
Database Hotel Count: 1943
Database New Today Count: 0
ITTID Done: 0
Pending ITTID: 1943
Saved: /var/www/ScriptEngine/Python-Application/New-Hotel-Id-Collection-Function/id_separation_function/supplier/kiwihotel/server_file_list.txt (1943 records)
Saved: /var/www/ScriptEngine/Python-Application/New-Hotel-Id-Collection-Function/id_separation_function/supplier/kiwihotel/db_hotel_id_list.txt (1943 records)
Saved: /var/www/ScriptEngine/Python-Application/New-Hotel-Id-Collection-Function/id_separation_function/supplier/kiwihotel/server_present_but_db_id_not_present_list.txt (0 records)
Saved: /var/www/ScriptEngine/Python-Application/New-Hotel-Id-Collection-Function/id_separation_function/supplier/kiwihotel/db_present_but_server_json_not_present.txt (0 records)

Done.

Done.
Summary table updated.
History saved: /var/www/ScriptEngine/Python-Application/New-Hotel-Id-Collection-Function/id_separation_function/history/kiwihotel/2026-07-25.json
Finished: kiwihotel
End Time: Sat Jul 25 21:03:15 UTC 2026

===========================================
Running supplier: mgholiday
Start Time: Sat Jul 25 21:03:15 UTC 2026
===========================================
Loading .env environment variables...
Supplier: mgholiday
JSON Path: /var/www/Storage-Contents/Hotel-Supplier-Raw-Contents/mgholiday
Output Path: /var/www/ScriptEngine/Python-Application/New-Hotel-Id-Collection-Function/id_separation_function/supplier/mgholiday
Server JSON Count: 235066
Database Hotel Count: 235065
Database New Today Count: 0
ITTID Done: 196323
Pending ITTID: 38742
Saved: /var/www/ScriptEngine/Python-Application/New-Hotel-Id-Collection-Function/id_separation_function/supplier/mgholiday/server_file_list.txt (235066 records)
Saved: /var/www/ScriptEngine/Python-Application/New-Hotel-Id-Collection-Function/id_separation_function/supplier/mgholiday/db_hotel_id_list.txt (235065 records)
Saved: /var/www/ScriptEngine/Python-Application/New-Hotel-Id-Collection-Function/id_separation_function/supplier/mgholiday/server_present_but_db_id_not_present_list.txt (2 records)
Saved: /var/www/ScriptEngine/Python-Application/New-Hotel-Id-Collection-Function/id_separation_function/supplier/mgholiday/db_present_but_server_json_not_present.txt (1 records)

Done.

Done.
Summary table updated.
History saved: /var/www/ScriptEngine/Python-Application/New-Hotel-Id-Collection-Function/id_separation_function/history/mgholiday/2026-07-25.json
Finished: mgholiday
End Time: Sat Jul 25 21:03:20 UTC 2026

===========================================
Running supplier: paximumhotel
Start Time: Sat Jul 25 21:03:20 UTC 2026
===========================================
Loading .env environment variables...
Supplier: paximumhotel
JSON Path: /var/www/Storage-Contents/Hotel-Supplier-Raw-Contents/paximumhotel
Output Path: /var/www/ScriptEngine/Python-Application/New-Hotel-Id-Collection-Function/id_separation_function/supplier/paximumhotel
Server JSON Count: 1385584
Database Hotel Count: 1385589
Database New Today Count: 0
ITTID Done: 109901
Pending ITTID: 1275688
Saved: /var/www/ScriptEngine/Python-Application/New-Hotel-Id-Collection-Function/id_separation_function/supplier/paximumhotel/server_file_list.txt (1385584 records)
Saved: /var/www/ScriptEngine/Python-Application/New-Hotel-Id-Collection-Function/id_separation_function/supplier/paximumhotel/db_hotel_id_list.txt (1385589 records)
Saved: /var/www/ScriptEngine/Python-Application/New-Hotel-Id-Collection-Function/id_separation_function/supplier/paximumhotel/server_present_but_db_id_not_present_list.txt (0 records)
Saved: /var/www/ScriptEngine/Python-Application/New-Hotel-Id-Collection-Function/id_separation_function/supplier/paximumhotel/db_present_but_server_json_not_present.txt (5 records)

Done.

Done.
Summary table updated.
History saved: /var/www/ScriptEngine/Python-Application/New-Hotel-Id-Collection-Function/id_separation_function/history/paximumhotel/2026-07-25.json
Finished: paximumhotel
End Time: Sat Jul 25 21:03:40 UTC 2026

===========================================
Running supplier: rakuten
Start Time: Sat Jul 25 21:03:40 UTC 2026
===========================================
Loading .env environment variables...
Supplier: rakuten
JSON Path: /var/www/Storage-Contents/Hotel-Supplier-Raw-Contents/rakuten
Output Path: /var/www/ScriptEngine/Python-Application/New-Hotel-Id-Collection-Function/id_separation_function/supplier/rakuten
Server JSON Count: 37864
Database Hotel Count: 37587
Database New Today Count: 0
ITTID Done: 14079
Pending ITTID: 23508
Saved: /var/www/ScriptEngine/Python-Application/New-Hotel-Id-Collection-Function/id_separation_function/supplier/rakuten/server_file_list.txt (37864 records)
Saved: /var/www/ScriptEngine/Python-Application/New-Hotel-Id-Collection-Function/id_separation_function/supplier/rakuten/db_hotel_id_list.txt (37587 records)
Saved: /var/www/ScriptEngine/Python-Application/New-Hotel-Id-Collection-Function/id_separation_function/supplier/rakuten/server_present_but_db_id_not_present_list.txt (277 records)
Saved: /var/www/ScriptEngine/Python-Application/New-Hotel-Id-Collection-Function/id_separation_function/supplier/rakuten/db_present_but_server_json_not_present.txt (0 records)

Done.

Done.
Summary table updated.
History saved: /var/www/ScriptEngine/Python-Application/New-Hotel-Id-Collection-Function/id_separation_function/history/rakuten/2026-07-25.json
Finished: rakuten
End Time: Sat Jul 25 21:03:41 UTC 2026

===========================================
Running supplier: ratehawkhotel
Start Time: Sat Jul 25 21:03:41 UTC 2026
===========================================
Loading .env environment variables...
Supplier: ratehawkhotel
JSON Path: /var/www/Storage-Contents/Hotel-Supplier-Raw-Contents/ratehawkhotel
Output Path: /var/www/ScriptEngine/Python-Application/New-Hotel-Id-Collection-Function/id_separation_function/supplier/ratehawkhotel
Server JSON Count: 2771498
Database Hotel Count: 2767559
Database New Today Count: 0
ITTID Done: 1372051
Pending ITTID: 1395508
Saved: /var/www/ScriptEngine/Python-Application/New-Hotel-Id-Collection-Function/id_separation_function/supplier/ratehawkhotel/server_file_list.txt (2771498 records)
Saved: /var/www/ScriptEngine/Python-Application/New-Hotel-Id-Collection-Function/id_separation_function/supplier/ratehawkhotel/db_hotel_id_list.txt (2767559 records)
Saved: /var/www/ScriptEngine/Python-Application/New-Hotel-Id-Collection-Function/id_separation_function/supplier/ratehawkhotel/server_present_but_db_id_not_present_list.txt (4902 records)
Saved: /var/www/ScriptEngine/Python-Application/New-Hotel-Id-Collection-Function/id_separation_function/supplier/ratehawkhotel/db_present_but_server_json_not_present.txt (963 records)

Done.

Done.
Summary table updated.
History saved: /var/www/ScriptEngine/Python-Application/New-Hotel-Id-Collection-Function/id_separation_function/history/ratehawkhotel/2026-07-25.json
Finished: ratehawkhotel
End Time: Sat Jul 25 21:04:26 UTC 2026

===========================================
Running supplier: restel
Start Time: Sat Jul 25 21:04:26 UTC 2026
===========================================
Loading .env environment variables...
Supplier: restel
JSON Path: /var/www/Storage-Contents/Hotel-Supplier-Raw-Contents/restel
Output Path: /var/www/ScriptEngine/Python-Application/New-Hotel-Id-Collection-Function/id_separation_function/supplier/restel
Server JSON Count: 144468
Database Hotel Count: 144461
Database New Today Count: 3
ITTID Done: 87229
Pending ITTID: 57232
Saved: /var/www/ScriptEngine/Python-Application/New-Hotel-Id-Collection-Function/id_separation_function/supplier/restel/server_file_list.txt (144468 records)
Saved: /var/www/ScriptEngine/Python-Application/New-Hotel-Id-Collection-Function/id_separation_function/supplier/restel/db_hotel_id_list.txt (144461 records)
Saved: /var/www/ScriptEngine/Python-Application/New-Hotel-Id-Collection-Function/id_separation_function/supplier/restel/server_present_but_db_id_not_present_list.txt (7 records)
Saved: /var/www/ScriptEngine/Python-Application/New-Hotel-Id-Collection-Function/id_separation_function/supplier/restel/db_present_but_server_json_not_present.txt (0 records)

Done.

Done.
Summary table updated.
History saved: /var/www/ScriptEngine/Python-Application/New-Hotel-Id-Collection-Function/id_separation_function/history/restel/2026-07-25.json
Finished: restel
End Time: Sat Jul 25 21:04:28 UTC 2026

===========================================
Running supplier: rnrhotel
Start Time: Sat Jul 25 21:04:28 UTC 2026
===========================================
Loading .env environment variables...
Supplier: rnrhotel
JSON Path: /var/www/Storage-Contents/Hotel-Supplier-Raw-Contents/rnrhotel
Output Path: /var/www/ScriptEngine/Python-Application/New-Hotel-Id-Collection-Function/id_separation_function/supplier/rnrhotel
Server JSON Count: 112
Database Hotel Count: 112
Database New Today Count: 0
ITTID Done: 106
Pending ITTID: 6
Saved: /var/www/ScriptEngine/Python-Application/New-Hotel-Id-Collection-Function/id_separation_function/supplier/rnrhotel/server_file_list.txt (112 records)
Saved: /var/www/ScriptEngine/Python-Application/New-Hotel-Id-Collection-Function/id_separation_function/supplier/rnrhotel/db_hotel_id_list.txt (112 records)
Saved: /var/www/ScriptEngine/Python-Application/New-Hotel-Id-Collection-Function/id_separation_function/supplier/rnrhotel/server_present_but_db_id_not_present_list.txt (0 records)
Saved: /var/www/ScriptEngine/Python-Application/New-Hotel-Id-Collection-Function/id_separation_function/supplier/rnrhotel/db_present_but_server_json_not_present.txt (0 records)

Done.

Done.
Summary table updated.
History saved: /var/www/ScriptEngine/Python-Application/New-Hotel-Id-Collection-Function/id_separation_function/history/rnrhotel/2026-07-25.json
Finished: rnrhotel
End Time: Sat Jul 25 21:04:29 UTC 2026

===========================================
Running supplier: roomerang
Start Time: Sat Jul 25 21:04:29 UTC 2026
===========================================
Loading .env environment variables...
Supplier: roomerang
JSON Path: /var/www/Storage-Contents/Hotel-Supplier-Raw-Contents/roomerang
Output Path: /var/www/ScriptEngine/Python-Application/New-Hotel-Id-Collection-Function/id_separation_function/supplier/roomerang
Server JSON Count: 708546
Database Hotel Count: 708527
Database New Today Count: 0
ITTID Done: 181282
Pending ITTID: 527245
Saved: /var/www/ScriptEngine/Python-Application/New-Hotel-Id-Collection-Function/id_separation_function/supplier/roomerang/server_file_list.txt (708546 records)
Saved: /var/www/ScriptEngine/Python-Application/New-Hotel-Id-Collection-Function/id_separation_function/supplier/roomerang/db_hotel_id_list.txt (708527 records)
Saved: /var/www/ScriptEngine/Python-Application/New-Hotel-Id-Collection-Function/id_separation_function/supplier/roomerang/server_present_but_db_id_not_present_list.txt (19 records)
Saved: /var/www/ScriptEngine/Python-Application/New-Hotel-Id-Collection-Function/id_separation_function/supplier/roomerang/db_present_but_server_json_not_present.txt (0 records)

Done.

Done.
Summary table updated.
History saved: /var/www/ScriptEngine/Python-Application/New-Hotel-Id-Collection-Function/id_separation_function/history/roomerang/2026-07-25.json
Finished: roomerang
End Time: Sat Jul 25 21:04:39 UTC 2026

===========================================
Running supplier: stuba
Start Time: Sat Jul 25 21:04:39 UTC 2026
===========================================
Loading .env environment variables...
Supplier: stuba
JSON Path: /var/www/Storage-Contents/Hotel-Supplier-Raw-Contents/stuba
Output Path: /var/www/ScriptEngine/Python-Application/New-Hotel-Id-Collection-Function/id_separation_function/supplier/stuba
Server JSON Count: 128611
Database Hotel Count: 128611
Database New Today Count: 0
ITTID Done: 115926
Pending ITTID: 12685
Saved: /var/www/ScriptEngine/Python-Application/New-Hotel-Id-Collection-Function/id_separation_function/supplier/stuba/server_file_list.txt (128611 records)
Saved: /var/www/ScriptEngine/Python-Application/New-Hotel-Id-Collection-Function/id_separation_function/supplier/stuba/db_hotel_id_list.txt (128611 records)
Saved: /var/www/ScriptEngine/Python-Application/New-Hotel-Id-Collection-Function/id_separation_function/supplier/stuba/server_present_but_db_id_not_present_list.txt (0 records)
Saved: /var/www/ScriptEngine/Python-Application/New-Hotel-Id-Collection-Function/id_separation_function/supplier/stuba/db_present_but_server_json_not_present.txt (0 records)

Done.

Done.
Summary table updated.
History saved: /var/www/ScriptEngine/Python-Application/New-Hotel-Id-Collection-Function/id_separation_function/history/stuba/2026-07-25.json
Finished: stuba
End Time: Sat Jul 25 21:04:41 UTC 2026

===========================================
Running supplier: tbohotel
Start Time: Sat Jul 25 21:04:41 UTC 2026
===========================================
Loading .env environment variables...
Supplier: tbohotel
JSON Path: /var/www/Storage-Contents/Hotel-Supplier-Raw-Contents/tbohotel
Output Path: /var/www/ScriptEngine/Python-Application/New-Hotel-Id-Collection-Function/id_separation_function/supplier/tbohotel
Server JSON Count: 1048321
Database Hotel Count: 1048321
Database New Today Count: 0
ITTID Done: 1035336
Pending ITTID: 12985
Saved: /var/www/ScriptEngine/Python-Application/New-Hotel-Id-Collection-Function/id_separation_function/supplier/tbohotel/server_file_list.txt (1048321 records)
Saved: /var/www/ScriptEngine/Python-Application/New-Hotel-Id-Collection-Function/id_separation_function/supplier/tbohotel/db_hotel_id_list.txt (1048321 records)
Saved: /var/www/ScriptEngine/Python-Application/New-Hotel-Id-Collection-Function/id_separation_function/supplier/tbohotel/server_present_but_db_id_not_present_list.txt (0 records)
Saved: /var/www/ScriptEngine/Python-Application/New-Hotel-Id-Collection-Function/id_separation_function/supplier/tbohotel/db_present_but_server_json_not_present.txt (0 records)

Done.

Done.
Summary table updated.
History saved: /var/www/ScriptEngine/Python-Application/New-Hotel-Id-Collection-Function/id_separation_function/history/tbohotel/2026-07-25.json
Finished: tbohotel
End Time: Sat Jul 25 21:04:58 UTC 2026

===========================================
Running supplier: travelrobothotel
Start Time: Sat Jul 25 21:04:58 UTC 2026
===========================================
Loading .env environment variables...
Supplier: travelrobothotel
JSON Path: /var/www/Storage-Contents/Hotel-Supplier-Raw-Contents/travelrobothotel
Output Path: /var/www/ScriptEngine/Python-Application/New-Hotel-Id-Collection-Function/id_separation_function/supplier/travelrobothotel
Server JSON Count: 1461694
Database Hotel Count: 1461693
Database New Today Count: 0
ITTID Done: 0
Pending ITTID: 1461693
Saved: /var/www/ScriptEngine/Python-Application/New-Hotel-Id-Collection-Function/id_separation_function/supplier/travelrobothotel/server_file_list.txt (1461694 records)
Saved: /var/www/ScriptEngine/Python-Application/New-Hotel-Id-Collection-Function/id_separation_function/supplier/travelrobothotel/db_hotel_id_list.txt (1461693 records)
Saved: /var/www/ScriptEngine/Python-Application/New-Hotel-Id-Collection-Function/id_separation_function/supplier/travelrobothotel/server_present_but_db_id_not_present_list.txt (1 records)
Saved: /var/www/ScriptEngine/Python-Application/New-Hotel-Id-Collection-Function/id_separation_function/supplier/travelrobothotel/db_present_but_server_json_not_present.txt (0 records)

Done.

Done.
Summary table updated.
History saved: /var/www/ScriptEngine/Python-Application/New-Hotel-Id-Collection-Function/id_separation_function/history/travelrobothotel/2026-07-25.json
Finished: travelrobothotel
End Time: Sat Jul 25 21:05:30 UTC 2026

===========================================
All suppliers completed.
Finished at: Sat Jul 25 21:05:30 UTC 2026
===========================================
===========================================
Started at: Sun Jul 26 21:00:01 UTC 2026
===========================================

===========================================
Running supplier: agoda
Start Time: Sun Jul 26 21:00:01 UTC 2026
===========================================
Loading .env environment variables...
Supplier: agoda
JSON Path: /var/www/Storage-Contents/Hotel-Supplier-Raw-Contents/agoda
Output Path: /var/www/ScriptEngine/Python-Application/New-Hotel-Id-Collection-Function/id_separation_function/supplier/agoda
Server JSON Count: 1039978
Database Hotel Count: 1039978
Database New Today Count: 2450
ITTID Done: 1037528
Pending ITTID: 2450
Saved: /var/www/ScriptEngine/Python-Application/New-Hotel-Id-Collection-Function/id_separation_function/supplier/agoda/server_file_list.txt (1039978 records)
Saved: /var/www/ScriptEngine/Python-Application/New-Hotel-Id-Collection-Function/id_separation_function/supplier/agoda/db_hotel_id_list.txt (1039978 records)
Saved: /var/www/ScriptEngine/Python-Application/New-Hotel-Id-Collection-Function/id_separation_function/supplier/agoda/server_present_but_db_id_not_present_list.txt (0 records)
Saved: /var/www/ScriptEngine/Python-Application/New-Hotel-Id-Collection-Function/id_separation_function/supplier/agoda/db_present_but_server_json_not_present.txt (0 records)

Done.

Done.
Summary table updated.
History saved: /var/www/ScriptEngine/Python-Application/New-Hotel-Id-Collection-Function/id_separation_function/history/agoda/2026-07-26.json
Finished: agoda
End Time: Sun Jul 26 21:00:30 UTC 2026

===========================================
Running supplier: amadeushotel
Start Time: Sun Jul 26 21:00:30 UTC 2026
===========================================
Loading .env environment variables...
Supplier: amadeushotel
JSON Path: /var/www/Storage-Contents/Hotel-Supplier-Raw-Contents/amadeushotel
Output Path: /var/www/ScriptEngine/Python-Application/New-Hotel-Id-Collection-Function/id_separation_function/supplier/amadeushotel
Server JSON Count: 94196
Database Hotel Count: 94196
Database New Today Count: 0
ITTID Done: 0
Pending ITTID: 94196
Saved: /var/www/ScriptEngine/Python-Application/New-Hotel-Id-Collection-Function/id_separation_function/supplier/amadeushotel/server_file_list.txt (94196 records)
Saved: /var/www/ScriptEngine/Python-Application/New-Hotel-Id-Collection-Function/id_separation_function/supplier/amadeushotel/db_hotel_id_list.txt (94196 records)
Saved: /var/www/ScriptEngine/Python-Application/New-Hotel-Id-Collection-Function/id_separation_function/supplier/amadeushotel/server_present_but_db_id_not_present_list.txt (0 records)
Saved: /var/www/ScriptEngine/Python-Application/New-Hotel-Id-Collection-Function/id_separation_function/supplier/amadeushotel/db_present_but_server_json_not_present.txt (0 records)

Done.

Done.
Summary table updated.
History saved: /var/www/ScriptEngine/Python-Application/New-Hotel-Id-Collection-Function/id_separation_function/history/amadeushotel/2026-07-26.json
Finished: amadeushotel
End Time: Sun Jul 26 21:00:33 UTC 2026

===========================================
Running supplier: didahotel
Start Time: Sun Jul 26 21:00:33 UTC 2026
===========================================
Loading .env environment variables...
Supplier: didahotel
JSON Path: /var/www/Storage-Contents/Hotel-Supplier-Raw-Contents/didahotel
Output Path: /var/www/ScriptEngine/Python-Application/New-Hotel-Id-Collection-Function/id_separation_function/supplier/didahotel
Server JSON Count: 209784
Database Hotel Count: 209784
Database New Today Count: 0
ITTID Done: 180325
Pending ITTID: 29459
Saved: /var/www/ScriptEngine/Python-Application/New-Hotel-Id-Collection-Function/id_separation_function/supplier/didahotel/server_file_list.txt (209784 records)
Saved: /var/www/ScriptEngine/Python-Application/New-Hotel-Id-Collection-Function/id_separation_function/supplier/didahotel/db_hotel_id_list.txt (209784 records)
Saved: /var/www/ScriptEngine/Python-Application/New-Hotel-Id-Collection-Function/id_separation_function/supplier/didahotel/server_present_but_db_id_not_present_list.txt (0 records)
Saved: /var/www/ScriptEngine/Python-Application/New-Hotel-Id-Collection-Function/id_separation_function/supplier/didahotel/db_present_but_server_json_not_present.txt (0 records)

Done.

Done.
Summary table updated.
History saved: /var/www/ScriptEngine/Python-Application/New-Hotel-Id-Collection-Function/id_separation_function/history/didahotel/2026-07-26.json
Finished: didahotel
End Time: Sun Jul 26 21:00:37 UTC 2026

===========================================
Running supplier: dotw
Start Time: Sun Jul 26 21:00:37 UTC 2026
===========================================
Loading .env environment variables...
Supplier: dotw
JSON Path: /var/www/Storage-Contents/Hotel-Supplier-Raw-Contents/dotw
Output Path: /var/www/ScriptEngine/Python-Application/New-Hotel-Id-Collection-Function/id_separation_function/supplier/dotw
Server JSON Count: 227144
Database Hotel Count: 227143
Database New Today Count: 0
ITTID Done: 215632
Pending ITTID: 11511
Saved: /var/www/ScriptEngine/Python-Application/New-Hotel-Id-Collection-Function/id_separation_function/supplier/dotw/server_file_list.txt (227144 records)
Saved: /var/www/ScriptEngine/Python-Application/New-Hotel-Id-Collection-Function/id_separation_function/supplier/dotw/db_hotel_id_list.txt (227143 records)
Saved: /var/www/ScriptEngine/Python-Application/New-Hotel-Id-Collection-Function/id_separation_function/supplier/dotw/server_present_but_db_id_not_present_list.txt (1 records)
Saved: /var/www/ScriptEngine/Python-Application/New-Hotel-Id-Collection-Function/id_separation_function/supplier/dotw/db_present_but_server_json_not_present.txt (0 records)

Done.

Done.
Summary table updated.
History saved: /var/www/ScriptEngine/Python-Application/New-Hotel-Id-Collection-Function/id_separation_function/history/dotw/2026-07-26.json
Finished: dotw
End Time: Sun Jul 26 21:00:43 UTC 2026

===========================================
Running supplier: ean
Start Time: Sun Jul 26 21:00:43 UTC 2026
===========================================
Loading .env environment variables...
Supplier: ean
JSON Path: /var/www/Storage-Contents/Hotel-Supplier-Raw-Contents/ean
Output Path: /var/www/ScriptEngine/Python-Application/New-Hotel-Id-Collection-Function/id_separation_function/supplier/ean
Server JSON Count: 617665
Database Hotel Count: 617665
Database New Today Count: 462
ITTID Done: 508942
Pending ITTID: 108723
Saved: /var/www/ScriptEngine/Python-Application/New-Hotel-Id-Collection-Function/id_separation_function/supplier/ean/server_file_list.txt (617665 records)
Saved: /var/www/ScriptEngine/Python-Application/New-Hotel-Id-Collection-Function/id_separation_function/supplier/ean/db_hotel_id_list.txt (617665 records)
Saved: /var/www/ScriptEngine/Python-Application/New-Hotel-Id-Collection-Function/id_separation_function/supplier/ean/server_present_but_db_id_not_present_list.txt (0 records)
Saved: /var/www/ScriptEngine/Python-Application/New-Hotel-Id-Collection-Function/id_separation_function/supplier/ean/db_present_but_server_json_not_present.txt (0 records)

Done.

Done.
Summary table updated.
History saved: /var/www/ScriptEngine/Python-Application/New-Hotel-Id-Collection-Function/id_separation_function/history/ean/2026-07-26.json
Finished: ean
End Time: Sun Jul 26 21:00:58 UTC 2026

===========================================
Running supplier: ebookinghotel
Start Time: Sun Jul 26 21:00:58 UTC 2026
===========================================
Loading .env environment variables...
Supplier: ebookinghotel
JSON Path: /var/www/Storage-Contents/Hotel-Supplier-Raw-Contents/ebookinghotel
Output Path: /var/www/ScriptEngine/Python-Application/New-Hotel-Id-Collection-Function/id_separation_function/supplier/ebookinghotel
Server JSON Count: 878990
Database Hotel Count: 878990
Database New Today Count: 0
ITTID Done: 0
Pending ITTID: 878990
Saved: /var/www/ScriptEngine/Python-Application/New-Hotel-Id-Collection-Function/id_separation_function/supplier/ebookinghotel/server_file_list.txt (878990 records)
Saved: /var/www/ScriptEngine/Python-Application/New-Hotel-Id-Collection-Function/id_separation_function/supplier/ebookinghotel/db_hotel_id_list.txt (878990 records)
Saved: /var/www/ScriptEngine/Python-Application/New-Hotel-Id-Collection-Function/id_separation_function/supplier/ebookinghotel/server_present_but_db_id_not_present_list.txt (0 records)
Saved: /var/www/ScriptEngine/Python-Application/New-Hotel-Id-Collection-Function/id_separation_function/supplier/ebookinghotel/db_present_but_server_json_not_present.txt (0 records)

Done.

Done.
Summary table updated.
History saved: /var/www/ScriptEngine/Python-Application/New-Hotel-Id-Collection-Function/id_separation_function/history/ebookinghotel/2026-07-26.json
Finished: ebookinghotel
End Time: Sun Jul 26 21:01:14 UTC 2026

===========================================
Running supplier: goglobal
Start Time: Sun Jul 26 21:01:14 UTC 2026
===========================================
Loading .env environment variables...
Supplier: goglobal
JSON Path: /var/www/Storage-Contents/Hotel-Supplier-Raw-Contents/goglobal
Output Path: /var/www/ScriptEngine/Python-Application/New-Hotel-Id-Collection-Function/id_separation_function/supplier/goglobal
Server JSON Count: 221411
Database Hotel Count: 221393
Database New Today Count: 0
ITTID Done: 215415
Pending ITTID: 5978
Saved: /var/www/ScriptEngine/Python-Application/New-Hotel-Id-Collection-Function/id_separation_function/supplier/goglobal/server_file_list.txt (221411 records)
Saved: /var/www/ScriptEngine/Python-Application/New-Hotel-Id-Collection-Function/id_separation_function/supplier/goglobal/db_hotel_id_list.txt (221393 records)
Saved: /var/www/ScriptEngine/Python-Application/New-Hotel-Id-Collection-Function/id_separation_function/supplier/goglobal/server_present_but_db_id_not_present_list.txt (18 records)
Saved: /var/www/ScriptEngine/Python-Application/New-Hotel-Id-Collection-Function/id_separation_function/supplier/goglobal/db_present_but_server_json_not_present.txt (0 records)

Done.

Done.
Summary table updated.
History saved: /var/www/ScriptEngine/Python-Application/New-Hotel-Id-Collection-Function/id_separation_function/history/goglobal/2026-07-26.json
Finished: goglobal
End Time: Sun Jul 26 21:01:19 UTC 2026

===========================================
Running supplier: grnconnect
Start Time: Sun Jul 26 21:01:19 UTC 2026
===========================================
Loading .env environment variables...
Supplier: grnconnect
JSON Path: /var/www/Storage-Contents/Hotel-Supplier-Raw-Contents/grnconnect
Output Path: /var/www/ScriptEngine/Python-Application/New-Hotel-Id-Collection-Function/id_separation_function/supplier/grnconnect
Server JSON Count: 214625
Database Hotel Count: 214625
Database New Today Count: 0
ITTID Done: 185747
Pending ITTID: 28878
Saved: /var/www/ScriptEngine/Python-Application/New-Hotel-Id-Collection-Function/id_separation_function/supplier/grnconnect/server_file_list.txt (214625 records)
Saved: /var/www/ScriptEngine/Python-Application/New-Hotel-Id-Collection-Function/id_separation_function/supplier/grnconnect/db_hotel_id_list.txt (214625 records)
Saved: /var/www/ScriptEngine/Python-Application/New-Hotel-Id-Collection-Function/id_separation_function/supplier/grnconnect/server_present_but_db_id_not_present_list.txt (0 records)
Saved: /var/www/ScriptEngine/Python-Application/New-Hotel-Id-Collection-Function/id_separation_function/supplier/grnconnect/db_present_but_server_json_not_present.txt (0 records)

Done.

Done.
Summary table updated.
History saved: /var/www/ScriptEngine/Python-Application/New-Hotel-Id-Collection-Function/id_separation_function/history/grnconnect/2026-07-26.json
Finished: grnconnect
End Time: Sun Jul 26 21:01:24 UTC 2026

===========================================
Running supplier: hotelbeds
Start Time: Sun Jul 26 21:01:24 UTC 2026
===========================================
Loading .env environment variables...
Supplier: hotelbeds
JSON Path: /var/www/Storage-Contents/Hotel-Supplier-Raw-Contents/hotelbeds
Output Path: /var/www/ScriptEngine/Python-Application/New-Hotel-Id-Collection-Function/id_separation_function/supplier/hotelbeds
Server JSON Count: 474580
Database Hotel Count: 474580
Database New Today Count: 2
ITTID Done: 468778
Pending ITTID: 5802
Saved: /var/www/ScriptEngine/Python-Application/New-Hotel-Id-Collection-Function/id_separation_function/supplier/hotelbeds/server_file_list.txt (474580 records)
Saved: /var/www/ScriptEngine/Python-Application/New-Hotel-Id-Collection-Function/id_separation_function/supplier/hotelbeds/db_hotel_id_list.txt (474580 records)
Saved: /var/www/ScriptEngine/Python-Application/New-Hotel-Id-Collection-Function/id_separation_function/supplier/hotelbeds/server_present_but_db_id_not_present_list.txt (0 records)
Saved: /var/www/ScriptEngine/Python-Application/New-Hotel-Id-Collection-Function/id_separation_function/supplier/hotelbeds/db_present_but_server_json_not_present.txt (0 records)

Done.

Done.
Summary table updated.
History saved: /var/www/ScriptEngine/Python-Application/New-Hotel-Id-Collection-Function/id_separation_function/history/hotelbeds/2026-07-26.json
Finished: hotelbeds
End Time: Sun Jul 26 21:01:39 UTC 2026

===========================================
Running supplier: hotelston
Start Time: Sun Jul 26 21:01:39 UTC 2026
===========================================
Loading .env environment variables...
Supplier: hotelston
JSON Path: /var/www/Storage-Contents/Hotel-Supplier-Raw-Contents/hotelston
Output Path: /var/www/ScriptEngine/Python-Application/New-Hotel-Id-Collection-Function/id_separation_function/supplier/hotelston
Server JSON Count: 3693299
Database Hotel Count: 3693299
Database New Today Count: 0
ITTID Done: 603685
Pending ITTID: 3089614
Saved: /var/www/ScriptEngine/Python-Application/New-Hotel-Id-Collection-Function/id_separation_function/supplier/hotelston/server_file_list.txt (3693299 records)
Saved: /var/www/ScriptEngine/Python-Application/New-Hotel-Id-Collection-Function/id_separation_function/supplier/hotelston/db_hotel_id_list.txt (3693299 records)
Saved: /var/www/ScriptEngine/Python-Application/New-Hotel-Id-Collection-Function/id_separation_function/supplier/hotelston/server_present_but_db_id_not_present_list.txt (0 records)
Saved: /var/www/ScriptEngine/Python-Application/New-Hotel-Id-Collection-Function/id_separation_function/supplier/hotelston/db_present_but_server_json_not_present.txt (0 records)

Done.

Done.
Summary table updated.
History saved: /var/www/ScriptEngine/Python-Application/New-Hotel-Id-Collection-Function/id_separation_function/history/hotelston/2026-07-26.json
Finished: hotelston
End Time: Sun Jul 26 21:02:22 UTC 2026

===========================================
Running supplier: hyperguestdirect
Start Time: Sun Jul 26 21:02:22 UTC 2026
===========================================
Loading .env environment variables...
Supplier: hyperguestdirect
JSON Path: /var/www/Storage-Contents/Hotel-Supplier-Raw-Contents/hyperguestdirect
Output Path: /var/www/ScriptEngine/Python-Application/New-Hotel-Id-Collection-Function/id_separation_function/supplier/hyperguestdirect
Server JSON Count: 66632
Database Hotel Count: 66632
Database New Today Count: 14
ITTID Done: 49276
Pending ITTID: 17356
Saved: /var/www/ScriptEngine/Python-Application/New-Hotel-Id-Collection-Function/id_separation_function/supplier/hyperguestdirect/server_file_list.txt (66632 records)
Saved: /var/www/ScriptEngine/Python-Application/New-Hotel-Id-Collection-Function/id_separation_function/supplier/hyperguestdirect/db_hotel_id_list.txt (66632 records)
Saved: /var/www/ScriptEngine/Python-Application/New-Hotel-Id-Collection-Function/id_separation_function/supplier/hyperguestdirect/server_present_but_db_id_not_present_list.txt (0 records)
Saved: /var/www/ScriptEngine/Python-Application/New-Hotel-Id-Collection-Function/id_separation_function/supplier/hyperguestdirect/db_present_but_server_json_not_present.txt (0 records)

Done.

Done.
Summary table updated.
History saved: /var/www/ScriptEngine/Python-Application/New-Hotel-Id-Collection-Function/id_separation_function/history/hyperguestdirect/2026-07-26.json
Finished: hyperguestdirect
End Time: Sun Jul 26 21:02:23 UTC 2026

===========================================
Running supplier: illusionshotel
Start Time: Sun Jul 26 21:02:23 UTC 2026
===========================================
Loading .env environment variables...
Supplier: illusionshotel
JSON Path: /var/www/Storage-Contents/Hotel-Supplier-Raw-Contents/illusionshotel
Output Path: /var/www/ScriptEngine/Python-Application/New-Hotel-Id-Collection-Function/id_separation_function/supplier/illusionshotel
Server JSON Count: 395727
Database Hotel Count: 395727
Database New Today Count: 0
ITTID Done: 42240
Pending ITTID: 353487
Saved: /var/www/ScriptEngine/Python-Application/New-Hotel-Id-Collection-Function/id_separation_function/supplier/illusionshotel/server_file_list.txt (395727 records)
Saved: /var/www/ScriptEngine/Python-Application/New-Hotel-Id-Collection-Function/id_separation_function/supplier/illusionshotel/db_hotel_id_list.txt (395727 records)
Saved: /var/www/ScriptEngine/Python-Application/New-Hotel-Id-Collection-Function/id_separation_function/supplier/illusionshotel/server_present_but_db_id_not_present_list.txt (0 records)
Saved: /var/www/ScriptEngine/Python-Application/New-Hotel-Id-Collection-Function/id_separation_function/supplier/illusionshotel/db_present_but_server_json_not_present.txt (0 records)

Done.

Done.
Summary table updated.
History saved: /var/www/ScriptEngine/Python-Application/New-Hotel-Id-Collection-Function/id_separation_function/history/illusionshotel/2026-07-26.json
Finished: illusionshotel
End Time: Sun Jul 26 21:02:31 UTC 2026

===========================================
Running supplier: innstant
Start Time: Sun Jul 26 21:02:31 UTC 2026
===========================================
Loading .env environment variables...
Supplier: innstant
JSON Path: /var/www/Storage-Contents/Hotel-Supplier-Raw-Contents/innstant
Output Path: /var/www/ScriptEngine/Python-Application/New-Hotel-Id-Collection-Function/id_separation_function/supplier/innstant
Server JSON Count: 649448
Database Hotel Count: 649436
Database New Today Count: 0
ITTID Done: 555240
Pending ITTID: 94196
Saved: /var/www/ScriptEngine/Python-Application/New-Hotel-Id-Collection-Function/id_separation_function/supplier/innstant/server_file_list.txt (649448 records)
Saved: /var/www/ScriptEngine/Python-Application/New-Hotel-Id-Collection-Function/id_separation_function/supplier/innstant/db_hotel_id_list.txt (649436 records)
Saved: /var/www/ScriptEngine/Python-Application/New-Hotel-Id-Collection-Function/id_separation_function/supplier/innstant/server_present_but_db_id_not_present_list.txt (12 records)
Saved: /var/www/ScriptEngine/Python-Application/New-Hotel-Id-Collection-Function/id_separation_function/supplier/innstant/db_present_but_server_json_not_present.txt (0 records)

Done.

Done.
Summary table updated.
History saved: /var/www/ScriptEngine/Python-Application/New-Hotel-Id-Collection-Function/id_separation_function/history/innstant/2026-07-26.json
Finished: innstant
End Time: Sun Jul 26 21:02:54 UTC 2026

===========================================
Running supplier: juniperhotel
Start Time: Sun Jul 26 21:02:54 UTC 2026
===========================================
Loading .env environment variables...
Supplier: juniperhotel
JSON Path: /var/www/Storage-Contents/Hotel-Supplier-Raw-Contents/juniperhotel
Output Path: /var/www/ScriptEngine/Python-Application/New-Hotel-Id-Collection-Function/id_separation_function/supplier/juniperhotel
Server JSON Count: 428859
Database Hotel Count: 429113
Database New Today Count: 0
ITTID Done: 427080
Pending ITTID: 2033
Saved: /var/www/ScriptEngine/Python-Application/New-Hotel-Id-Collection-Function/id_separation_function/supplier/juniperhotel/server_file_list.txt (428859 records)
Saved: /var/www/ScriptEngine/Python-Application/New-Hotel-Id-Collection-Function/id_separation_function/supplier/juniperhotel/db_hotel_id_list.txt (429113 records)
Saved: /var/www/ScriptEngine/Python-Application/New-Hotel-Id-Collection-Function/id_separation_function/supplier/juniperhotel/server_present_but_db_id_not_present_list.txt (0 records)
Saved: /var/www/ScriptEngine/Python-Application/New-Hotel-Id-Collection-Function/id_separation_function/supplier/juniperhotel/db_present_but_server_json_not_present.txt (254 records)

Done.

Done.
Summary table updated.
History saved: /var/www/ScriptEngine/Python-Application/New-Hotel-Id-Collection-Function/id_separation_function/history/juniperhotel/2026-07-26.json
Finished: juniperhotel
End Time: Sun Jul 26 21:03:07 UTC 2026

===========================================
Running supplier: kiwihotel
Start Time: Sun Jul 26 21:03:07 UTC 2026
===========================================
Loading .env environment variables...
Supplier: kiwihotel
JSON Path: /var/www/Storage-Contents/Hotel-Supplier-Raw-Contents/kiwihotel
Output Path: /var/www/ScriptEngine/Python-Application/New-Hotel-Id-Collection-Function/id_separation_function/supplier/kiwihotel
Server JSON Count: 1943
Database Hotel Count: 1943
Database New Today Count: 0
ITTID Done: 0
Pending ITTID: 1943
Saved: /var/www/ScriptEngine/Python-Application/New-Hotel-Id-Collection-Function/id_separation_function/supplier/kiwihotel/server_file_list.txt (1943 records)
Saved: /var/www/ScriptEngine/Python-Application/New-Hotel-Id-Collection-Function/id_separation_function/supplier/kiwihotel/db_hotel_id_list.txt (1943 records)
Saved: /var/www/ScriptEngine/Python-Application/New-Hotel-Id-Collection-Function/id_separation_function/supplier/kiwihotel/server_present_but_db_id_not_present_list.txt (0 records)
Saved: /var/www/ScriptEngine/Python-Application/New-Hotel-Id-Collection-Function/id_separation_function/supplier/kiwihotel/db_present_but_server_json_not_present.txt (0 records)

Done.

Done.
Summary table updated.
History saved: /var/www/ScriptEngine/Python-Application/New-Hotel-Id-Collection-Function/id_separation_function/history/kiwihotel/2026-07-26.json
Finished: kiwihotel
End Time: Sun Jul 26 21:03:07 UTC 2026

===========================================
Running supplier: mgholiday
Start Time: Sun Jul 26 21:03:07 UTC 2026
===========================================
Loading .env environment variables...
Supplier: mgholiday
JSON Path: /var/www/Storage-Contents/Hotel-Supplier-Raw-Contents/mgholiday
Output Path: /var/www/ScriptEngine/Python-Application/New-Hotel-Id-Collection-Function/id_separation_function/supplier/mgholiday
Server JSON Count: 235066
Database Hotel Count: 235065
Database New Today Count: 0
ITTID Done: 196323
Pending ITTID: 38742
Saved: /var/www/ScriptEngine/Python-Application/New-Hotel-Id-Collection-Function/id_separation_function/supplier/mgholiday/server_file_list.txt (235066 records)
Saved: /var/www/ScriptEngine/Python-Application/New-Hotel-Id-Collection-Function/id_separation_function/supplier/mgholiday/db_hotel_id_list.txt (235065 records)
Saved: /var/www/ScriptEngine/Python-Application/New-Hotel-Id-Collection-Function/id_separation_function/supplier/mgholiday/server_present_but_db_id_not_present_list.txt (2 records)
Saved: /var/www/ScriptEngine/Python-Application/New-Hotel-Id-Collection-Function/id_separation_function/supplier/mgholiday/db_present_but_server_json_not_present.txt (1 records)

Done.

Done.
Summary table updated.
History saved: /var/www/ScriptEngine/Python-Application/New-Hotel-Id-Collection-Function/id_separation_function/history/mgholiday/2026-07-26.json
Finished: mgholiday
End Time: Sun Jul 26 21:03:14 UTC 2026

===========================================
Running supplier: paximumhotel
Start Time: Sun Jul 26 21:03:14 UTC 2026
===========================================
Loading .env environment variables...
Supplier: paximumhotel
JSON Path: /var/www/Storage-Contents/Hotel-Supplier-Raw-Contents/paximumhotel
Output Path: /var/www/ScriptEngine/Python-Application/New-Hotel-Id-Collection-Function/id_separation_function/supplier/paximumhotel
Server JSON Count: 1385584
Database Hotel Count: 1385589
Database New Today Count: 0
ITTID Done: 109901
Pending ITTID: 1275688
Saved: /var/www/ScriptEngine/Python-Application/New-Hotel-Id-Collection-Function/id_separation_function/supplier/paximumhotel/server_file_list.txt (1385584 records)
Saved: /var/www/ScriptEngine/Python-Application/New-Hotel-Id-Collection-Function/id_separation_function/supplier/paximumhotel/db_hotel_id_list.txt (1385589 records)
Saved: /var/www/ScriptEngine/Python-Application/New-Hotel-Id-Collection-Function/id_separation_function/supplier/paximumhotel/server_present_but_db_id_not_present_list.txt (0 records)
Saved: /var/www/ScriptEngine/Python-Application/New-Hotel-Id-Collection-Function/id_separation_function/supplier/paximumhotel/db_present_but_server_json_not_present.txt (5 records)

Done.

Done.
Summary table updated.
History saved: /var/www/ScriptEngine/Python-Application/New-Hotel-Id-Collection-Function/id_separation_function/history/paximumhotel/2026-07-26.json
Finished: paximumhotel
End Time: Sun Jul 26 21:03:51 UTC 2026

===========================================
Running supplier: rakuten
Start Time: Sun Jul 26 21:03:51 UTC 2026
===========================================
Loading .env environment variables...
Supplier: rakuten
JSON Path: /var/www/Storage-Contents/Hotel-Supplier-Raw-Contents/rakuten
Output Path: /var/www/ScriptEngine/Python-Application/New-Hotel-Id-Collection-Function/id_separation_function/supplier/rakuten
Server JSON Count: 37864
Database Hotel Count: 37587
Database New Today Count: 0
ITTID Done: 14079
Pending ITTID: 23508
Saved: /var/www/ScriptEngine/Python-Application/New-Hotel-Id-Collection-Function/id_separation_function/supplier/rakuten/server_file_list.txt (37864 records)
Saved: /var/www/ScriptEngine/Python-Application/New-Hotel-Id-Collection-Function/id_separation_function/supplier/rakuten/db_hotel_id_list.txt (37587 records)
Saved: /var/www/ScriptEngine/Python-Application/New-Hotel-Id-Collection-Function/id_separation_function/supplier/rakuten/server_present_but_db_id_not_present_list.txt (277 records)
Saved: /var/www/ScriptEngine/Python-Application/New-Hotel-Id-Collection-Function/id_separation_function/supplier/rakuten/db_present_but_server_json_not_present.txt (0 records)

Done.

Done.
Summary table updated.
History saved: /var/www/ScriptEngine/Python-Application/New-Hotel-Id-Collection-Function/id_separation_function/history/rakuten/2026-07-26.json
Finished: rakuten
End Time: Sun Jul 26 21:03:53 UTC 2026

===========================================
Running supplier: ratehawkhotel
Start Time: Sun Jul 26 21:03:53 UTC 2026
===========================================
Loading .env environment variables...
Supplier: ratehawkhotel
JSON Path: /var/www/Storage-Contents/Hotel-Supplier-Raw-Contents/ratehawkhotel
Output Path: /var/www/ScriptEngine/Python-Application/New-Hotel-Id-Collection-Function/id_separation_function/supplier/ratehawkhotel
Server JSON Count: 2771498
Database Hotel Count: 2767559
Database New Today Count: 0
ITTID Done: 1372051
Pending ITTID: 1395508
Saved: /var/www/ScriptEngine/Python-Application/New-Hotel-Id-Collection-Function/id_separation_function/supplier/ratehawkhotel/server_file_list.txt (2771498 records)
Saved: /var/www/ScriptEngine/Python-Application/New-Hotel-Id-Collection-Function/id_separation_function/supplier/ratehawkhotel/db_hotel_id_list.txt (2767559 records)
Saved: /var/www/ScriptEngine/Python-Application/New-Hotel-Id-Collection-Function/id_separation_function/supplier/ratehawkhotel/server_present_but_db_id_not_present_list.txt (4902 records)
Saved: /var/www/ScriptEngine/Python-Application/New-Hotel-Id-Collection-Function/id_separation_function/supplier/ratehawkhotel/db_present_but_server_json_not_present.txt (963 records)

Done.

Done.
Summary table updated.
History saved: /var/www/ScriptEngine/Python-Application/New-Hotel-Id-Collection-Function/id_separation_function/history/ratehawkhotel/2026-07-26.json
Finished: ratehawkhotel
End Time: Sun Jul 26 21:06:58 UTC 2026

===========================================
Running supplier: restel
Start Time: Sun Jul 26 21:06:58 UTC 2026
===========================================
Loading .env environment variables...
Supplier: restel
JSON Path: /var/www/Storage-Contents/Hotel-Supplier-Raw-Contents/restel
Output Path: /var/www/ScriptEngine/Python-Application/New-Hotel-Id-Collection-Function/id_separation_function/supplier/restel
Server JSON Count: 144468
Database Hotel Count: 144461
Database New Today Count: 0
ITTID Done: 87229
Pending ITTID: 57232
Saved: /var/www/ScriptEngine/Python-Application/New-Hotel-Id-Collection-Function/id_separation_function/supplier/restel/server_file_list.txt (144468 records)
Saved: /var/www/ScriptEngine/Python-Application/New-Hotel-Id-Collection-Function/id_separation_function/supplier/restel/db_hotel_id_list.txt (144461 records)
Saved: /var/www/ScriptEngine/Python-Application/New-Hotel-Id-Collection-Function/id_separation_function/supplier/restel/server_present_but_db_id_not_present_list.txt (7 records)
Saved: /var/www/ScriptEngine/Python-Application/New-Hotel-Id-Collection-Function/id_separation_function/supplier/restel/db_present_but_server_json_not_present.txt (0 records)

Done.

Done.
Summary table updated.
History saved: /var/www/ScriptEngine/Python-Application/New-Hotel-Id-Collection-Function/id_separation_function/history/restel/2026-07-26.json
Finished: restel
End Time: Sun Jul 26 21:07:01 UTC 2026

===========================================
Running supplier: rnrhotel
Start Time: Sun Jul 26 21:07:01 UTC 2026
===========================================
Loading .env environment variables...
Supplier: rnrhotel
JSON Path: /var/www/Storage-Contents/Hotel-Supplier-Raw-Contents/rnrhotel
Output Path: /var/www/ScriptEngine/Python-Application/New-Hotel-Id-Collection-Function/id_separation_function/supplier/rnrhotel
Server JSON Count: 112
Database Hotel Count: 112
Database New Today Count: 0
ITTID Done: 106
Pending ITTID: 6
Saved: /var/www/ScriptEngine/Python-Application/New-Hotel-Id-Collection-Function/id_separation_function/supplier/rnrhotel/server_file_list.txt (112 records)
Saved: /var/www/ScriptEngine/Python-Application/New-Hotel-Id-Collection-Function/id_separation_function/supplier/rnrhotel/db_hotel_id_list.txt (112 records)
Saved: /var/www/ScriptEngine/Python-Application/New-Hotel-Id-Collection-Function/id_separation_function/supplier/rnrhotel/server_present_but_db_id_not_present_list.txt (0 records)
Saved: /var/www/ScriptEngine/Python-Application/New-Hotel-Id-Collection-Function/id_separation_function/supplier/rnrhotel/db_present_but_server_json_not_present.txt (0 records)

Done.

Done.
Summary table updated.
History saved: /var/www/ScriptEngine/Python-Application/New-Hotel-Id-Collection-Function/id_separation_function/history/rnrhotel/2026-07-26.json
Finished: rnrhotel
End Time: Sun Jul 26 21:07:02 UTC 2026

===========================================
Running supplier: roomerang
Start Time: Sun Jul 26 21:07:02 UTC 2026
===========================================
Loading .env environment variables...
Supplier: roomerang
JSON Path: /var/www/Storage-Contents/Hotel-Supplier-Raw-Contents/roomerang
Output Path: /var/www/ScriptEngine/Python-Application/New-Hotel-Id-Collection-Function/id_separation_function/supplier/roomerang
Server JSON Count: 708546
Database Hotel Count: 708527
Database New Today Count: 0
ITTID Done: 181282
Pending ITTID: 527245
Saved: /var/www/ScriptEngine/Python-Application/New-Hotel-Id-Collection-Function/id_separation_function/supplier/roomerang/server_file_list.txt (708546 records)
Saved: /var/www/ScriptEngine/Python-Application/New-Hotel-Id-Collection-Function/id_separation_function/supplier/roomerang/db_hotel_id_list.txt (708527 records)
Saved: /var/www/ScriptEngine/Python-Application/New-Hotel-Id-Collection-Function/id_separation_function/supplier/roomerang/server_present_but_db_id_not_present_list.txt (19 records)
Saved: /var/www/ScriptEngine/Python-Application/New-Hotel-Id-Collection-Function/id_separation_function/supplier/roomerang/db_present_but_server_json_not_present.txt (0 records)

Done.

Done.
Summary table updated.
History saved: /var/www/ScriptEngine/Python-Application/New-Hotel-Id-Collection-Function/id_separation_function/history/roomerang/2026-07-26.json
Finished: roomerang
End Time: Sun Jul 26 21:07:10 UTC 2026

===========================================
Running supplier: stuba
Start Time: Sun Jul 26 21:07:10 UTC 2026
===========================================
Loading .env environment variables...
Supplier: stuba
JSON Path: /var/www/Storage-Contents/Hotel-Supplier-Raw-Contents/stuba
Output Path: /var/www/ScriptEngine/Python-Application/New-Hotel-Id-Collection-Function/id_separation_function/supplier/stuba
Server JSON Count: 128611
Database Hotel Count: 128611
Database New Today Count: 0
ITTID Done: 115926
Pending ITTID: 12685
Saved: /var/www/ScriptEngine/Python-Application/New-Hotel-Id-Collection-Function/id_separation_function/supplier/stuba/server_file_list.txt (128611 records)
Saved: /var/www/ScriptEngine/Python-Application/New-Hotel-Id-Collection-Function/id_separation_function/supplier/stuba/db_hotel_id_list.txt (128611 records)
Saved: /var/www/ScriptEngine/Python-Application/New-Hotel-Id-Collection-Function/id_separation_function/supplier/stuba/server_present_but_db_id_not_present_list.txt (0 records)
Saved: /var/www/ScriptEngine/Python-Application/New-Hotel-Id-Collection-Function/id_separation_function/supplier/stuba/db_present_but_server_json_not_present.txt (0 records)

Done.

Done.
Summary table updated.
History saved: /var/www/ScriptEngine/Python-Application/New-Hotel-Id-Collection-Function/id_separation_function/history/stuba/2026-07-26.json
Finished: stuba
End Time: Sun Jul 26 21:07:12 UTC 2026

===========================================
Running supplier: tbohotel
Start Time: Sun Jul 26 21:07:12 UTC 2026
===========================================
Loading .env environment variables...
Supplier: tbohotel
JSON Path: /var/www/Storage-Contents/Hotel-Supplier-Raw-Contents/tbohotel
Output Path: /var/www/ScriptEngine/Python-Application/New-Hotel-Id-Collection-Function/id_separation_function/supplier/tbohotel
Server JSON Count: 1048321
Database Hotel Count: 1048321
Database New Today Count: 0
ITTID Done: 1035336
Pending ITTID: 12985
Saved: /var/www/ScriptEngine/Python-Application/New-Hotel-Id-Collection-Function/id_separation_function/supplier/tbohotel/server_file_list.txt (1048321 records)
Saved: /var/www/ScriptEngine/Python-Application/New-Hotel-Id-Collection-Function/id_separation_function/supplier/tbohotel/db_hotel_id_list.txt (1048321 records)
Saved: /var/www/ScriptEngine/Python-Application/New-Hotel-Id-Collection-Function/id_separation_function/supplier/tbohotel/server_present_but_db_id_not_present_list.txt (0 records)
Saved: /var/www/ScriptEngine/Python-Application/New-Hotel-Id-Collection-Function/id_separation_function/supplier/tbohotel/db_present_but_server_json_not_present.txt (0 records)

Done.

Done.
Summary table updated.
History saved: /var/www/ScriptEngine/Python-Application/New-Hotel-Id-Collection-Function/id_separation_function/history/tbohotel/2026-07-26.json
Finished: tbohotel
End Time: Sun Jul 26 21:07:29 UTC 2026

===========================================
Running supplier: travelrobothotel
Start Time: Sun Jul 26 21:07:29 UTC 2026
===========================================
Loading .env environment variables...
Supplier: travelrobothotel
JSON Path: /var/www/Storage-Contents/Hotel-Supplier-Raw-Contents/travelrobothotel
Output Path: /var/www/ScriptEngine/Python-Application/New-Hotel-Id-Collection-Function/id_separation_function/supplier/travelrobothotel
Server JSON Count: 1461694
Database Hotel Count: 1461693
Database New Today Count: 0
ITTID Done: 0
Pending ITTID: 1461693
Saved: /var/www/ScriptEngine/Python-Application/New-Hotel-Id-Collection-Function/id_separation_function/supplier/travelrobothotel/server_file_list.txt (1461694 records)
Saved: /var/www/ScriptEngine/Python-Application/New-Hotel-Id-Collection-Function/id_separation_function/supplier/travelrobothotel/db_hotel_id_list.txt (1461693 records)
Saved: /var/www/ScriptEngine/Python-Application/New-Hotel-Id-Collection-Function/id_separation_function/supplier/travelrobothotel/server_present_but_db_id_not_present_list.txt (1 records)
Saved: /var/www/ScriptEngine/Python-Application/New-Hotel-Id-Collection-Function/id_separation_function/supplier/travelrobothotel/db_present_but_server_json_not_present.txt (0 records)

Done.

Done.
Summary table updated.
History saved: /var/www/ScriptEngine/Python-Application/New-Hotel-Id-Collection-Function/id_separation_function/history/travelrobothotel/2026-07-26.json
Finished: travelrobothotel
End Time: Sun Jul 26 21:07:51 UTC 2026

===========================================
All suppliers completed.
Finished at: Sun Jul 26 21:07:51 UTC 2026
===========================================
===========================================
Started at: Mon Jul 27 21:00:01 UTC 2026
===========================================

===========================================
Running supplier: agoda
Start Time: Mon Jul 27 21:00:01 UTC 2026
===========================================
Loading .env environment variables...
Supplier: agoda
JSON Path: /var/www/Storage-Contents/Hotel-Supplier-Raw-Contents/agoda
Output Path: /var/www/ScriptEngine/Python-Application/New-Hotel-Id-Collection-Function/id_separation_function/supplier/agoda
Server JSON Count: 1042241
Database Hotel Count: 1042241
Database New Today Count: 2263
ITTID Done: 1039978
Pending ITTID: 2263
Saved: /var/www/ScriptEngine/Python-Application/New-Hotel-Id-Collection-Function/id_separation_function/supplier/agoda/server_file_list.txt (1042241 records)
Saved: /var/www/ScriptEngine/Python-Application/New-Hotel-Id-Collection-Function/id_separation_function/supplier/agoda/db_hotel_id_list.txt (1042241 records)
Saved: /var/www/ScriptEngine/Python-Application/New-Hotel-Id-Collection-Function/id_separation_function/supplier/agoda/server_present_but_db_id_not_present_list.txt (0 records)
Saved: /var/www/ScriptEngine/Python-Application/New-Hotel-Id-Collection-Function/id_separation_function/supplier/agoda/db_present_but_server_json_not_present.txt (0 records)

Done.

Done.
Summary table updated.
History saved: /var/www/ScriptEngine/Python-Application/New-Hotel-Id-Collection-Function/id_separation_function/history/agoda/2026-07-27.json
Finished: agoda
End Time: Mon Jul 27 21:00:42 UTC 2026

===========================================
Running supplier: amadeushotel
Start Time: Mon Jul 27 21:00:42 UTC 2026
===========================================
Loading .env environment variables...
Supplier: amadeushotel
JSON Path: /var/www/Storage-Contents/Hotel-Supplier-Raw-Contents/amadeushotel
Output Path: /var/www/ScriptEngine/Python-Application/New-Hotel-Id-Collection-Function/id_separation_function/supplier/amadeushotel
Server JSON Count: 94196
Database Hotel Count: 94196
Database New Today Count: 0
ITTID Done: 0
Pending ITTID: 94196
Saved: /var/www/ScriptEngine/Python-Application/New-Hotel-Id-Collection-Function/id_separation_function/supplier/amadeushotel/server_file_list.txt (94196 records)
Saved: /var/www/ScriptEngine/Python-Application/New-Hotel-Id-Collection-Function/id_separation_function/supplier/amadeushotel/db_hotel_id_list.txt (94196 records)
Saved: /var/www/ScriptEngine/Python-Application/New-Hotel-Id-Collection-Function/id_separation_function/supplier/amadeushotel/server_present_but_db_id_not_present_list.txt (0 records)
Saved: /var/www/ScriptEngine/Python-Application/New-Hotel-Id-Collection-Function/id_separation_function/supplier/amadeushotel/db_present_but_server_json_not_present.txt (0 records)

Done.

Done.
Summary table updated.
History saved: /var/www/ScriptEngine/Python-Application/New-Hotel-Id-Collection-Function/id_separation_function/history/amadeushotel/2026-07-27.json
Finished: amadeushotel
End Time: Mon Jul 27 21:00:45 UTC 2026

===========================================
Running supplier: didahotel
Start Time: Mon Jul 27 21:00:45 UTC 2026
===========================================
Loading .env environment variables...
Supplier: didahotel
JSON Path: /var/www/Storage-Contents/Hotel-Supplier-Raw-Contents/didahotel
Output Path: /var/www/ScriptEngine/Python-Application/New-Hotel-Id-Collection-Function/id_separation_function/supplier/didahotel
Server JSON Count: 209784
Database Hotel Count: 209784
Database New Today Count: 0
ITTID Done: 180325
Pending ITTID: 29459
Saved: /var/www/ScriptEngine/Python-Application/New-Hotel-Id-Collection-Function/id_separation_function/supplier/didahotel/server_file_list.txt (209784 records)
Saved: /var/www/ScriptEngine/Python-Application/New-Hotel-Id-Collection-Function/id_separation_function/supplier/didahotel/db_hotel_id_list.txt (209784 records)
Saved: /var/www/ScriptEngine/Python-Application/New-Hotel-Id-Collection-Function/id_separation_function/supplier/didahotel/server_present_but_db_id_not_present_list.txt (0 records)
Saved: /var/www/ScriptEngine/Python-Application/New-Hotel-Id-Collection-Function/id_separation_function/supplier/didahotel/db_present_but_server_json_not_present.txt (0 records)

Done.

Done.
Summary table updated.
History saved: /var/www/ScriptEngine/Python-Application/New-Hotel-Id-Collection-Function/id_separation_function/history/didahotel/2026-07-27.json
Finished: didahotel
End Time: Mon Jul 27 21:00:50 UTC 2026

===========================================
Running supplier: dotw
Start Time: Mon Jul 27 21:00:50 UTC 2026
===========================================
Loading .env environment variables...
Supplier: dotw
JSON Path: /var/www/Storage-Contents/Hotel-Supplier-Raw-Contents/dotw
Output Path: /var/www/ScriptEngine/Python-Application/New-Hotel-Id-Collection-Function/id_separation_function/supplier/dotw
Server JSON Count: 227144
Database Hotel Count: 227143
Database New Today Count: 0
ITTID Done: 215632
Pending ITTID: 11511
Saved: /var/www/ScriptEngine/Python-Application/New-Hotel-Id-Collection-Function/id_separation_function/supplier/dotw/server_file_list.txt (227144 records)
Saved: /var/www/ScriptEngine/Python-Application/New-Hotel-Id-Collection-Function/id_separation_function/supplier/dotw/db_hotel_id_list.txt (227143 records)
Saved: /var/www/ScriptEngine/Python-Application/New-Hotel-Id-Collection-Function/id_separation_function/supplier/dotw/server_present_but_db_id_not_present_list.txt (1 records)
Saved: /var/www/ScriptEngine/Python-Application/New-Hotel-Id-Collection-Function/id_separation_function/supplier/dotw/db_present_but_server_json_not_present.txt (0 records)

Done.

Done.
Summary table updated.
History saved: /var/www/ScriptEngine/Python-Application/New-Hotel-Id-Collection-Function/id_separation_function/history/dotw/2026-07-27.json
Finished: dotw
End Time: Mon Jul 27 21:00:54 UTC 2026

===========================================
Running supplier: ean
Start Time: Mon Jul 27 21:00:54 UTC 2026
===========================================
Loading .env environment variables...
Supplier: ean
JSON Path: /var/www/Storage-Contents/Hotel-Supplier-Raw-Contents/ean
Output Path: /var/www/ScriptEngine/Python-Application/New-Hotel-Id-Collection-Function/id_separation_function/supplier/ean
Server JSON Count: 618011
Database Hotel Count: 618011
Database New Today Count: 346
ITTID Done: 508942
Pending ITTID: 109069
Saved: /var/www/ScriptEngine/Python-Application/New-Hotel-Id-Collection-Function/id_separation_function/supplier/ean/server_file_list.txt (618011 records)
Saved: /var/www/ScriptEngine/Python-Application/New-Hotel-Id-Collection-Function/id_separation_function/supplier/ean/db_hotel_id_list.txt (618011 records)
Saved: /var/www/ScriptEngine/Python-Application/New-Hotel-Id-Collection-Function/id_separation_function/supplier/ean/server_present_but_db_id_not_present_list.txt (0 records)
Saved: /var/www/ScriptEngine/Python-Application/New-Hotel-Id-Collection-Function/id_separation_function/supplier/ean/db_present_but_server_json_not_present.txt (0 records)

Done.

Done.
Summary table updated.
History saved: /var/www/ScriptEngine/Python-Application/New-Hotel-Id-Collection-Function/id_separation_function/history/ean/2026-07-27.json
Finished: ean
End Time: Mon Jul 27 21:01:06 UTC 2026

===========================================
Running supplier: ebookinghotel
Start Time: Mon Jul 27 21:01:06 UTC 2026
===========================================
Loading .env environment variables...
Supplier: ebookinghotel
JSON Path: /var/www/Storage-Contents/Hotel-Supplier-Raw-Contents/ebookinghotel
Output Path: /var/www/ScriptEngine/Python-Application/New-Hotel-Id-Collection-Function/id_separation_function/supplier/ebookinghotel
Server JSON Count: 878990
Database Hotel Count: 878990
Database New Today Count: 0
ITTID Done: 0
Pending ITTID: 878990
Saved: /var/www/ScriptEngine/Python-Application/New-Hotel-Id-Collection-Function/id_separation_function/supplier/ebookinghotel/server_file_list.txt (878990 records)
Saved: /var/www/ScriptEngine/Python-Application/New-Hotel-Id-Collection-Function/id_separation_function/supplier/ebookinghotel/db_hotel_id_list.txt (878990 records)
Saved: /var/www/ScriptEngine/Python-Application/New-Hotel-Id-Collection-Function/id_separation_function/supplier/ebookinghotel/server_present_but_db_id_not_present_list.txt (0 records)
Saved: /var/www/ScriptEngine/Python-Application/New-Hotel-Id-Collection-Function/id_separation_function/supplier/ebookinghotel/db_present_but_server_json_not_present.txt (0 records)

Done.

Done.
Summary table updated.
History saved: /var/www/ScriptEngine/Python-Application/New-Hotel-Id-Collection-Function/id_separation_function/history/ebookinghotel/2026-07-27.json
Finished: ebookinghotel
End Time: Mon Jul 27 21:01:23 UTC 2026

===========================================
Running supplier: goglobal
Start Time: Mon Jul 27 21:01:23 UTC 2026
===========================================
Loading .env environment variables...
Supplier: goglobal
JSON Path: /var/www/Storage-Contents/Hotel-Supplier-Raw-Contents/goglobal
Output Path: /var/www/ScriptEngine/Python-Application/New-Hotel-Id-Collection-Function/id_separation_function/supplier/goglobal
Server JSON Count: 221411
Database Hotel Count: 221393
Database New Today Count: 0
ITTID Done: 215415
Pending ITTID: 5978
Saved: /var/www/ScriptEngine/Python-Application/New-Hotel-Id-Collection-Function/id_separation_function/supplier/goglobal/server_file_list.txt (221411 records)
Saved: /var/www/ScriptEngine/Python-Application/New-Hotel-Id-Collection-Function/id_separation_function/supplier/goglobal/db_hotel_id_list.txt (221393 records)
Saved: /var/www/ScriptEngine/Python-Application/New-Hotel-Id-Collection-Function/id_separation_function/supplier/goglobal/server_present_but_db_id_not_present_list.txt (18 records)
Saved: /var/www/ScriptEngine/Python-Application/New-Hotel-Id-Collection-Function/id_separation_function/supplier/goglobal/db_present_but_server_json_not_present.txt (0 records)

Done.

Done.
Summary table updated.
History saved: /var/www/ScriptEngine/Python-Application/New-Hotel-Id-Collection-Function/id_separation_function/history/goglobal/2026-07-27.json
Finished: goglobal
End Time: Mon Jul 27 21:01:28 UTC 2026

===========================================
Running supplier: grnconnect
Start Time: Mon Jul 27 21:01:28 UTC 2026
===========================================
Loading .env environment variables...
Supplier: grnconnect
JSON Path: /var/www/Storage-Contents/Hotel-Supplier-Raw-Contents/grnconnect
Output Path: /var/www/ScriptEngine/Python-Application/New-Hotel-Id-Collection-Function/id_separation_function/supplier/grnconnect
Server JSON Count: 214625
Database Hotel Count: 214625
Database New Today Count: 0
ITTID Done: 185747
Pending ITTID: 28878
Saved: /var/www/ScriptEngine/Python-Application/New-Hotel-Id-Collection-Function/id_separation_function/supplier/grnconnect/server_file_list.txt (214625 records)
Saved: /var/www/ScriptEngine/Python-Application/New-Hotel-Id-Collection-Function/id_separation_function/supplier/grnconnect/db_hotel_id_list.txt (214625 records)
Saved: /var/www/ScriptEngine/Python-Application/New-Hotel-Id-Collection-Function/id_separation_function/supplier/grnconnect/server_present_but_db_id_not_present_list.txt (0 records)
Saved: /var/www/ScriptEngine/Python-Application/New-Hotel-Id-Collection-Function/id_separation_function/supplier/grnconnect/db_present_but_server_json_not_present.txt (0 records)

Done.

Done.
Summary table updated.
History saved: /var/www/ScriptEngine/Python-Application/New-Hotel-Id-Collection-Function/id_separation_function/history/grnconnect/2026-07-27.json
Finished: grnconnect
End Time: Mon Jul 27 21:01:33 UTC 2026

===========================================
Running supplier: hotelbeds
Start Time: Mon Jul 27 21:01:33 UTC 2026
===========================================
Loading .env environment variables...
Supplier: hotelbeds
JSON Path: /var/www/Storage-Contents/Hotel-Supplier-Raw-Contents/hotelbeds
Output Path: /var/www/ScriptEngine/Python-Application/New-Hotel-Id-Collection-Function/id_separation_function/supplier/hotelbeds
Server JSON Count: 474580
Database Hotel Count: 474580
Database New Today Count: 0
ITTID Done: 471739
Pending ITTID: 2841
Saved: /var/www/ScriptEngine/Python-Application/New-Hotel-Id-Collection-Function/id_separation_function/supplier/hotelbeds/server_file_list.txt (474580 records)
Saved: /var/www/ScriptEngine/Python-Application/New-Hotel-Id-Collection-Function/id_separation_function/supplier/hotelbeds/db_hotel_id_list.txt (474580 records)
Saved: /var/www/ScriptEngine/Python-Application/New-Hotel-Id-Collection-Function/id_separation_function/supplier/hotelbeds/server_present_but_db_id_not_present_list.txt (0 records)
Saved: /var/www/ScriptEngine/Python-Application/New-Hotel-Id-Collection-Function/id_separation_function/supplier/hotelbeds/db_present_but_server_json_not_present.txt (0 records)

Done.

Done.
Summary table updated.
History saved: /var/www/ScriptEngine/Python-Application/New-Hotel-Id-Collection-Function/id_separation_function/history/hotelbeds/2026-07-27.json
Finished: hotelbeds
End Time: Mon Jul 27 21:01:46 UTC 2026

===========================================
Running supplier: hotelston
Start Time: Mon Jul 27 21:01:46 UTC 2026
===========================================
Loading .env environment variables...
Supplier: hotelston
JSON Path: /var/www/Storage-Contents/Hotel-Supplier-Raw-Contents/hotelston
Output Path: /var/www/ScriptEngine/Python-Application/New-Hotel-Id-Collection-Function/id_separation_function/supplier/hotelston
Server JSON Count: 3693299
Database Hotel Count: 3693299
Database New Today Count: 0
ITTID Done: 603685
Pending ITTID: 3089614
Saved: /var/www/ScriptEngine/Python-Application/New-Hotel-Id-Collection-Function/id_separation_function/supplier/hotelston/server_file_list.txt (3693299 records)
Saved: /var/www/ScriptEngine/Python-Application/New-Hotel-Id-Collection-Function/id_separation_function/supplier/hotelston/db_hotel_id_list.txt (3693299 records)
Saved: /var/www/ScriptEngine/Python-Application/New-Hotel-Id-Collection-Function/id_separation_function/supplier/hotelston/server_present_but_db_id_not_present_list.txt (0 records)
Saved: /var/www/ScriptEngine/Python-Application/New-Hotel-Id-Collection-Function/id_separation_function/supplier/hotelston/db_present_but_server_json_not_present.txt (0 records)

Done.

Done.
Summary table updated.
History saved: /var/www/ScriptEngine/Python-Application/New-Hotel-Id-Collection-Function/id_separation_function/history/hotelston/2026-07-27.json
Finished: hotelston
End Time: Mon Jul 27 21:04:01 UTC 2026

===========================================
Running supplier: hyperguestdirect
Start Time: Mon Jul 27 21:04:01 UTC 2026
===========================================
Loading .env environment variables...
Supplier: hyperguestdirect
JSON Path: /var/www/Storage-Contents/Hotel-Supplier-Raw-Contents/hyperguestdirect
Output Path: /var/www/ScriptEngine/Python-Application/New-Hotel-Id-Collection-Function/id_separation_function/supplier/hyperguestdirect
Server JSON Count: 66690
Database Hotel Count: 66690
Database New Today Count: 58
ITTID Done: 49276
Pending ITTID: 17414
Saved: /var/www/ScriptEngine/Python-Application/New-Hotel-Id-Collection-Function/id_separation_function/supplier/hyperguestdirect/server_file_list.txt (66690 records)
Saved: /var/www/ScriptEngine/Python-Application/New-Hotel-Id-Collection-Function/id_separation_function/supplier/hyperguestdirect/db_hotel_id_list.txt (66690 records)
Saved: /var/www/ScriptEngine/Python-Application/New-Hotel-Id-Collection-Function/id_separation_function/supplier/hyperguestdirect/server_present_but_db_id_not_present_list.txt (0 records)
Saved: /var/www/ScriptEngine/Python-Application/New-Hotel-Id-Collection-Function/id_separation_function/supplier/hyperguestdirect/db_present_but_server_json_not_present.txt (0 records)

Done.

Done.
Summary table updated.
History saved: /var/www/ScriptEngine/Python-Application/New-Hotel-Id-Collection-Function/id_separation_function/history/hyperguestdirect/2026-07-27.json
Finished: hyperguestdirect
End Time: Mon Jul 27 21:04:03 UTC 2026

===========================================
Running supplier: illusionshotel
Start Time: Mon Jul 27 21:04:03 UTC 2026
===========================================
Loading .env environment variables...
Supplier: illusionshotel
JSON Path: /var/www/Storage-Contents/Hotel-Supplier-Raw-Contents/illusionshotel
Output Path: /var/www/ScriptEngine/Python-Application/New-Hotel-Id-Collection-Function/id_separation_function/supplier/illusionshotel
Server JSON Count: 395727
Database Hotel Count: 395727
Database New Today Count: 0
ITTID Done: 42240
Pending ITTID: 353487
Saved: /var/www/ScriptEngine/Python-Application/New-Hotel-Id-Collection-Function/id_separation_function/supplier/illusionshotel/server_file_list.txt (395727 records)
Saved: /var/www/ScriptEngine/Python-Application/New-Hotel-Id-Collection-Function/id_separation_function/supplier/illusionshotel/db_hotel_id_list.txt (395727 records)
Saved: /var/www/ScriptEngine/Python-Application/New-Hotel-Id-Collection-Function/id_separation_function/supplier/illusionshotel/server_present_but_db_id_not_present_list.txt (0 records)
Saved: /var/www/ScriptEngine/Python-Application/New-Hotel-Id-Collection-Function/id_separation_function/supplier/illusionshotel/db_present_but_server_json_not_present.txt (0 records)

Done.

Done.
Summary table updated.
History saved: /var/www/ScriptEngine/Python-Application/New-Hotel-Id-Collection-Function/id_separation_function/history/illusionshotel/2026-07-27.json
Finished: illusionshotel
End Time: Mon Jul 27 21:04:10 UTC 2026

===========================================
Running supplier: innstant
Start Time: Mon Jul 27 21:04:10 UTC 2026
===========================================
Loading .env environment variables...
Supplier: innstant
JSON Path: /var/www/Storage-Contents/Hotel-Supplier-Raw-Contents/innstant
Output Path: /var/www/ScriptEngine/Python-Application/New-Hotel-Id-Collection-Function/id_separation_function/supplier/innstant
Server JSON Count: 649448
Database Hotel Count: 649436
Database New Today Count: 0
ITTID Done: 555240
Pending ITTID: 94196
Saved: /var/www/ScriptEngine/Python-Application/New-Hotel-Id-Collection-Function/id_separation_function/supplier/innstant/server_file_list.txt (649448 records)
Saved: /var/www/ScriptEngine/Python-Application/New-Hotel-Id-Collection-Function/id_separation_function/supplier/innstant/db_hotel_id_list.txt (649436 records)
Saved: /var/www/ScriptEngine/Python-Application/New-Hotel-Id-Collection-Function/id_separation_function/supplier/innstant/server_present_but_db_id_not_present_list.txt (12 records)
Saved: /var/www/ScriptEngine/Python-Application/New-Hotel-Id-Collection-Function/id_separation_function/supplier/innstant/db_present_but_server_json_not_present.txt (0 records)

Done.

Done.
Summary table updated.
History saved: /var/www/ScriptEngine/Python-Application/New-Hotel-Id-Collection-Function/id_separation_function/history/innstant/2026-07-27.json
Finished: innstant
End Time: Mon Jul 27 21:04:31 UTC 2026

===========================================
Running supplier: juniperhotel
Start Time: Mon Jul 27 21:04:31 UTC 2026
===========================================
Loading .env environment variables...
Supplier: juniperhotel
JSON Path: /var/www/Storage-Contents/Hotel-Supplier-Raw-Contents/juniperhotel
Output Path: /var/www/ScriptEngine/Python-Application/New-Hotel-Id-Collection-Function/id_separation_function/supplier/juniperhotel
Server JSON Count: 428859
Database Hotel Count: 429113
Database New Today Count: 0
ITTID Done: 427080
Pending ITTID: 2033
Saved: /var/www/ScriptEngine/Python-Application/New-Hotel-Id-Collection-Function/id_separation_function/supplier/juniperhotel/server_file_list.txt (428859 records)
Saved: /var/www/ScriptEngine/Python-Application/New-Hotel-Id-Collection-Function/id_separation_function/supplier/juniperhotel/db_hotel_id_list.txt (429113 records)
Saved: /var/www/ScriptEngine/Python-Application/New-Hotel-Id-Collection-Function/id_separation_function/supplier/juniperhotel/server_present_but_db_id_not_present_list.txt (0 records)
Saved: /var/www/ScriptEngine/Python-Application/New-Hotel-Id-Collection-Function/id_separation_function/supplier/juniperhotel/db_present_but_server_json_not_present.txt (254 records)

Done.

Done.
Summary table updated.
History saved: /var/www/ScriptEngine/Python-Application/New-Hotel-Id-Collection-Function/id_separation_function/history/juniperhotel/2026-07-27.json
Finished: juniperhotel
End Time: Mon Jul 27 21:04:45 UTC 2026

===========================================
Running supplier: kiwihotel
Start Time: Mon Jul 27 21:04:45 UTC 2026
===========================================
Loading .env environment variables...
Supplier: kiwihotel
JSON Path: /var/www/Storage-Contents/Hotel-Supplier-Raw-Contents/kiwihotel
Output Path: /var/www/ScriptEngine/Python-Application/New-Hotel-Id-Collection-Function/id_separation_function/supplier/kiwihotel
Server JSON Count: 1943
Database Hotel Count: 1943
Database New Today Count: 0
ITTID Done: 0
Pending ITTID: 1943
Saved: /var/www/ScriptEngine/Python-Application/New-Hotel-Id-Collection-Function/id_separation_function/supplier/kiwihotel/server_file_list.txt (1943 records)
Saved: /var/www/ScriptEngine/Python-Application/New-Hotel-Id-Collection-Function/id_separation_function/supplier/kiwihotel/db_hotel_id_list.txt (1943 records)
Saved: /var/www/ScriptEngine/Python-Application/New-Hotel-Id-Collection-Function/id_separation_function/supplier/kiwihotel/server_present_but_db_id_not_present_list.txt (0 records)
Saved: /var/www/ScriptEngine/Python-Application/New-Hotel-Id-Collection-Function/id_separation_function/supplier/kiwihotel/db_present_but_server_json_not_present.txt (0 records)

Done.

Done.
Summary table updated.
History saved: /var/www/ScriptEngine/Python-Application/New-Hotel-Id-Collection-Function/id_separation_function/history/kiwihotel/2026-07-27.json
Finished: kiwihotel
End Time: Mon Jul 27 21:04:46 UTC 2026

===========================================
Running supplier: mgholiday
Start Time: Mon Jul 27 21:04:46 UTC 2026
===========================================
Loading .env environment variables...
Supplier: mgholiday
JSON Path: /var/www/Storage-Contents/Hotel-Supplier-Raw-Contents/mgholiday
Output Path: /var/www/ScriptEngine/Python-Application/New-Hotel-Id-Collection-Function/id_separation_function/supplier/mgholiday
Server JSON Count: 237610
Database Hotel Count: 237609
Database New Today Count: 2544
ITTID Done: 196323
Pending ITTID: 41286
Saved: /var/www/ScriptEngine/Python-Application/New-Hotel-Id-Collection-Function/id_separation_function/supplier/mgholiday/server_file_list.txt (237610 records)
Saved: /var/www/ScriptEngine/Python-Application/New-Hotel-Id-Collection-Function/id_separation_function/supplier/mgholiday/db_hotel_id_list.txt (237609 records)
Saved: /var/www/ScriptEngine/Python-Application/New-Hotel-Id-Collection-Function/id_separation_function/supplier/mgholiday/server_present_but_db_id_not_present_list.txt (2 records)
Saved: /var/www/ScriptEngine/Python-Application/New-Hotel-Id-Collection-Function/id_separation_function/supplier/mgholiday/db_present_but_server_json_not_present.txt (1 records)

Done.

Done.
Summary table updated.
History saved: /var/www/ScriptEngine/Python-Application/New-Hotel-Id-Collection-Function/id_separation_function/history/mgholiday/2026-07-27.json
Finished: mgholiday
End Time: Mon Jul 27 21:04:52 UTC 2026

===========================================
Running supplier: paximumhotel
Start Time: Mon Jul 27 21:04:52 UTC 2026
===========================================
Loading .env environment variables...
Supplier: paximumhotel
JSON Path: /var/www/Storage-Contents/Hotel-Supplier-Raw-Contents/paximumhotel
Output Path: /var/www/ScriptEngine/Python-Application/New-Hotel-Id-Collection-Function/id_separation_function/supplier/paximumhotel
Server JSON Count: 1385584
Database Hotel Count: 1385589
Database New Today Count: 0
ITTID Done: 109901
Pending ITTID: 1275688
Saved: /var/www/ScriptEngine/Python-Application/New-Hotel-Id-Collection-Function/id_separation_function/supplier/paximumhotel/server_file_list.txt (1385584 records)
Saved: /var/www/ScriptEngine/Python-Application/New-Hotel-Id-Collection-Function/id_separation_function/supplier/paximumhotel/db_hotel_id_list.txt (1385589 records)
Saved: /var/www/ScriptEngine/Python-Application/New-Hotel-Id-Collection-Function/id_separation_function/supplier/paximumhotel/server_present_but_db_id_not_present_list.txt (0 records)
Saved: /var/www/ScriptEngine/Python-Application/New-Hotel-Id-Collection-Function/id_separation_function/supplier/paximumhotel/db_present_but_server_json_not_present.txt (5 records)

Done.

Done.
Summary table updated.
History saved: /var/www/ScriptEngine/Python-Application/New-Hotel-Id-Collection-Function/id_separation_function/history/paximumhotel/2026-07-27.json
Finished: paximumhotel
End Time: Mon Jul 27 21:05:25 UTC 2026

===========================================
Running supplier: rakuten
Start Time: Mon Jul 27 21:05:25 UTC 2026
===========================================
Loading .env environment variables...
Supplier: rakuten
JSON Path: /var/www/Storage-Contents/Hotel-Supplier-Raw-Contents/rakuten
Output Path: /var/www/ScriptEngine/Python-Application/New-Hotel-Id-Collection-Function/id_separation_function/supplier/rakuten
Server JSON Count: 37864
Database Hotel Count: 37587
Database New Today Count: 0
ITTID Done: 14079
Pending ITTID: 23508
Saved: /var/www/ScriptEngine/Python-Application/New-Hotel-Id-Collection-Function/id_separation_function/supplier/rakuten/server_file_list.txt (37864 records)
Saved: /var/www/ScriptEngine/Python-Application/New-Hotel-Id-Collection-Function/id_separation_function/supplier/rakuten/db_hotel_id_list.txt (37587 records)
Saved: /var/www/ScriptEngine/Python-Application/New-Hotel-Id-Collection-Function/id_separation_function/supplier/rakuten/server_present_but_db_id_not_present_list.txt (277 records)
Saved: /var/www/ScriptEngine/Python-Application/New-Hotel-Id-Collection-Function/id_separation_function/supplier/rakuten/db_present_but_server_json_not_present.txt (0 records)

Done.

Done.
Summary table updated.
History saved: /var/www/ScriptEngine/Python-Application/New-Hotel-Id-Collection-Function/id_separation_function/history/rakuten/2026-07-27.json
Finished: rakuten
End Time: Mon Jul 27 21:05:26 UTC 2026

===========================================
Running supplier: ratehawkhotel
Start Time: Mon Jul 27 21:05:26 UTC 2026
===========================================
Loading .env environment variables...
Supplier: ratehawkhotel
JSON Path: /var/www/Storage-Contents/Hotel-Supplier-Raw-Contents/ratehawkhotel
Output Path: /var/www/ScriptEngine/Python-Application/New-Hotel-Id-Collection-Function/id_separation_function/supplier/ratehawkhotel
Server JSON Count: 2771498
Database Hotel Count: 2767559
Database New Today Count: 0
ITTID Done: 1372051
Pending ITTID: 1395508
Saved: /var/www/ScriptEngine/Python-Application/New-Hotel-Id-Collection-Function/id_separation_function/supplier/ratehawkhotel/server_file_list.txt (2771498 records)
Saved: /var/www/ScriptEngine/Python-Application/New-Hotel-Id-Collection-Function/id_separation_function/supplier/ratehawkhotel/db_hotel_id_list.txt (2767559 records)
Saved: /var/www/ScriptEngine/Python-Application/New-Hotel-Id-Collection-Function/id_separation_function/supplier/ratehawkhotel/server_present_but_db_id_not_present_list.txt (4902 records)
Saved: /var/www/ScriptEngine/Python-Application/New-Hotel-Id-Collection-Function/id_separation_function/supplier/ratehawkhotel/db_present_but_server_json_not_present.txt (963 records)

Done.

Done.
Summary table updated.
History saved: /var/www/ScriptEngine/Python-Application/New-Hotel-Id-Collection-Function/id_separation_function/history/ratehawkhotel/2026-07-27.json
Finished: ratehawkhotel
End Time: Mon Jul 27 21:06:11 UTC 2026

===========================================
Running supplier: restel
Start Time: Mon Jul 27 21:06:11 UTC 2026
===========================================
Loading .env environment variables...
Supplier: restel
JSON Path: /var/www/Storage-Contents/Hotel-Supplier-Raw-Contents/restel
Output Path: /var/www/ScriptEngine/Python-Application/New-Hotel-Id-Collection-Function/id_separation_function/supplier/restel
Server JSON Count: 144468
Database Hotel Count: 144461
Database New Today Count: 0
ITTID Done: 87229
Pending ITTID: 57232
Saved: /var/www/ScriptEngine/Python-Application/New-Hotel-Id-Collection-Function/id_separation_function/supplier/restel/server_file_list.txt (144468 records)
Saved: /var/www/ScriptEngine/Python-Application/New-Hotel-Id-Collection-Function/id_separation_function/supplier/restel/db_hotel_id_list.txt (144461 records)
Saved: /var/www/ScriptEngine/Python-Application/New-Hotel-Id-Collection-Function/id_separation_function/supplier/restel/server_present_but_db_id_not_present_list.txt (7 records)
Saved: /var/www/ScriptEngine/Python-Application/New-Hotel-Id-Collection-Function/id_separation_function/supplier/restel/db_present_but_server_json_not_present.txt (0 records)

Done.

Done.
Summary table updated.
History saved: /var/www/ScriptEngine/Python-Application/New-Hotel-Id-Collection-Function/id_separation_function/history/restel/2026-07-27.json
Finished: restel
End Time: Mon Jul 27 21:06:13 UTC 2026

===========================================
Running supplier: rnrhotel
Start Time: Mon Jul 27 21:06:13 UTC 2026
===========================================
Loading .env environment variables...
Supplier: rnrhotel
JSON Path: /var/www/Storage-Contents/Hotel-Supplier-Raw-Contents/rnrhotel
Output Path: /var/www/ScriptEngine/Python-Application/New-Hotel-Id-Collection-Function/id_separation_function/supplier/rnrhotel
Server JSON Count: 112
Database Hotel Count: 112
Database New Today Count: 0
ITTID Done: 106
Pending ITTID: 6
Saved: /var/www/ScriptEngine/Python-Application/New-Hotel-Id-Collection-Function/id_separation_function/supplier/rnrhotel/server_file_list.txt (112 records)
Saved: /var/www/ScriptEngine/Python-Application/New-Hotel-Id-Collection-Function/id_separation_function/supplier/rnrhotel/db_hotel_id_list.txt (112 records)
Saved: /var/www/ScriptEngine/Python-Application/New-Hotel-Id-Collection-Function/id_separation_function/supplier/rnrhotel/server_present_but_db_id_not_present_list.txt (0 records)
Saved: /var/www/ScriptEngine/Python-Application/New-Hotel-Id-Collection-Function/id_separation_function/supplier/rnrhotel/db_present_but_server_json_not_present.txt (0 records)

Done.

Done.
Summary table updated.
History saved: /var/www/ScriptEngine/Python-Application/New-Hotel-Id-Collection-Function/id_separation_function/history/rnrhotel/2026-07-27.json
Finished: rnrhotel
End Time: Mon Jul 27 21:06:14 UTC 2026

===========================================
Running supplier: roomerang
Start Time: Mon Jul 27 21:06:14 UTC 2026
===========================================
Loading .env environment variables...
Supplier: roomerang
JSON Path: /var/www/Storage-Contents/Hotel-Supplier-Raw-Contents/roomerang
Output Path: /var/www/ScriptEngine/Python-Application/New-Hotel-Id-Collection-Function/id_separation_function/supplier/roomerang
Server JSON Count: 708546
Database Hotel Count: 708527
Database New Today Count: 0
ITTID Done: 181282
Pending ITTID: 527245
Saved: /var/www/ScriptEngine/Python-Application/New-Hotel-Id-Collection-Function/id_separation_function/supplier/roomerang/server_file_list.txt (708546 records)
Saved: /var/www/ScriptEngine/Python-Application/New-Hotel-Id-Collection-Function/id_separation_function/supplier/roomerang/db_hotel_id_list.txt (708527 records)
Saved: /var/www/ScriptEngine/Python-Application/New-Hotel-Id-Collection-Function/id_separation_function/supplier/roomerang/server_present_but_db_id_not_present_list.txt (19 records)
Saved: /var/www/ScriptEngine/Python-Application/New-Hotel-Id-Collection-Function/id_separation_function/supplier/roomerang/db_present_but_server_json_not_present.txt (0 records)

Done.

Done.
Summary table updated.
History saved: /var/www/ScriptEngine/Python-Application/New-Hotel-Id-Collection-Function/id_separation_function/history/roomerang/2026-07-27.json
Finished: roomerang
End Time: Mon Jul 27 21:06:23 UTC 2026

===========================================
Running supplier: stuba
Start Time: Mon Jul 27 21:06:23 UTC 2026
===========================================
Loading .env environment variables...
Supplier: stuba
JSON Path: /var/www/Storage-Contents/Hotel-Supplier-Raw-Contents/stuba
Output Path: /var/www/ScriptEngine/Python-Application/New-Hotel-Id-Collection-Function/id_separation_function/supplier/stuba
Server JSON Count: 128611
Database Hotel Count: 128611
Database New Today Count: 0
ITTID Done: 115926
Pending ITTID: 12685
Saved: /var/www/ScriptEngine/Python-Application/New-Hotel-Id-Collection-Function/id_separation_function/supplier/stuba/server_file_list.txt (128611 records)
Saved: /var/www/ScriptEngine/Python-Application/New-Hotel-Id-Collection-Function/id_separation_function/supplier/stuba/db_hotel_id_list.txt (128611 records)
Saved: /var/www/ScriptEngine/Python-Application/New-Hotel-Id-Collection-Function/id_separation_function/supplier/stuba/server_present_but_db_id_not_present_list.txt (0 records)
Saved: /var/www/ScriptEngine/Python-Application/New-Hotel-Id-Collection-Function/id_separation_function/supplier/stuba/db_present_but_server_json_not_present.txt (0 records)

Done.

Done.
Summary table updated.
History saved: /var/www/ScriptEngine/Python-Application/New-Hotel-Id-Collection-Function/id_separation_function/history/stuba/2026-07-27.json
Finished: stuba
End Time: Mon Jul 27 21:06:25 UTC 2026

===========================================
Running supplier: tbohotel
Start Time: Mon Jul 27 21:06:25 UTC 2026
===========================================
Loading .env environment variables...
Supplier: tbohotel
JSON Path: /var/www/Storage-Contents/Hotel-Supplier-Raw-Contents/tbohotel
Output Path: /var/www/ScriptEngine/Python-Application/New-Hotel-Id-Collection-Function/id_separation_function/supplier/tbohotel
Server JSON Count: 1048321
Database Hotel Count: 1048321
Database New Today Count: 0
ITTID Done: 1035336
Pending ITTID: 12985
Saved: /var/www/ScriptEngine/Python-Application/New-Hotel-Id-Collection-Function/id_separation_function/supplier/tbohotel/server_file_list.txt (1048321 records)
Saved: /var/www/ScriptEngine/Python-Application/New-Hotel-Id-Collection-Function/id_separation_function/supplier/tbohotel/db_hotel_id_list.txt (1048321 records)
Saved: /var/www/ScriptEngine/Python-Application/New-Hotel-Id-Collection-Function/id_separation_function/supplier/tbohotel/server_present_but_db_id_not_present_list.txt (0 records)
Saved: /var/www/ScriptEngine/Python-Application/New-Hotel-Id-Collection-Function/id_separation_function/supplier/tbohotel/db_present_but_server_json_not_present.txt (0 records)

Done.

Done.
Summary table updated.
History saved: /var/www/ScriptEngine/Python-Application/New-Hotel-Id-Collection-Function/id_separation_function/history/tbohotel/2026-07-27.json
Finished: tbohotel
End Time: Mon Jul 27 21:06:42 UTC 2026

===========================================
Running supplier: travelrobothotel
Start Time: Mon Jul 27 21:06:42 UTC 2026
===========================================
Loading .env environment variables...
Supplier: travelrobothotel
JSON Path: /var/www/Storage-Contents/Hotel-Supplier-Raw-Contents/travelrobothotel
Output Path: /var/www/ScriptEngine/Python-Application/New-Hotel-Id-Collection-Function/id_separation_function/supplier/travelrobothotel
Server JSON Count: 1461694
Database Hotel Count: 1461693
Database New Today Count: 0
ITTID Done: 0
Pending ITTID: 1461693
Saved: /var/www/ScriptEngine/Python-Application/New-Hotel-Id-Collection-Function/id_separation_function/supplier/travelrobothotel/server_file_list.txt (1461694 records)
Saved: /var/www/ScriptEngine/Python-Application/New-Hotel-Id-Collection-Function/id_separation_function/supplier/travelrobothotel/db_hotel_id_list.txt (1461693 records)
Saved: /var/www/ScriptEngine/Python-Application/New-Hotel-Id-Collection-Function/id_separation_function/supplier/travelrobothotel/server_present_but_db_id_not_present_list.txt (1 records)
Saved: /var/www/ScriptEngine/Python-Application/New-Hotel-Id-Collection-Function/id_separation_function/supplier/travelrobothotel/db_present_but_server_json_not_present.txt (0 records)

Done.

Done.
Summary table updated.
History saved: /var/www/ScriptEngine/Python-Application/New-Hotel-Id-Collection-Function/id_separation_function/history/travelrobothotel/2026-07-27.json
Finished: travelrobothotel
End Time: Mon Jul 27 21:07:03 UTC 2026

===========================================
All suppliers completed.
Finished at: Mon Jul 27 21:07:03 UTC 2026
===========================================
===========================================
Started at: Tue Jul 28 21:00:01 UTC 2026
===========================================

===========================================
Running supplier: agoda
Start Time: Tue Jul 28 21:00:01 UTC 2026
===========================================
Loading .env environment variables...
Supplier: agoda
JSON Path: /var/www/Storage-Contents/Hotel-Supplier-Raw-Contents/agoda
Output Path: /var/www/ScriptEngine/Python-Application/New-Hotel-Id-Collection-Function/id_separation_function/supplier/agoda
Server JSON Count: 1044112
Database Hotel Count: 1044112
Database New Today Count: 1871
ITTID Done: 1042241
Pending ITTID: 1871
Saved: /var/www/ScriptEngine/Python-Application/New-Hotel-Id-Collection-Function/id_separation_function/supplier/agoda/server_file_list.txt (1044112 records)
Saved: /var/www/ScriptEngine/Python-Application/New-Hotel-Id-Collection-Function/id_separation_function/supplier/agoda/db_hotel_id_list.txt (1044112 records)
Saved: /var/www/ScriptEngine/Python-Application/New-Hotel-Id-Collection-Function/id_separation_function/supplier/agoda/server_present_but_db_id_not_present_list.txt (0 records)
Saved: /var/www/ScriptEngine/Python-Application/New-Hotel-Id-Collection-Function/id_separation_function/supplier/agoda/db_present_but_server_json_not_present.txt (0 records)

Done.

Done.
Summary table updated.
History saved: /var/www/ScriptEngine/Python-Application/New-Hotel-Id-Collection-Function/id_separation_function/history/agoda/2026-07-28.json
Finished: agoda
End Time: Tue Jul 28 21:00:44 UTC 2026

===========================================
Running supplier: amadeushotel
Start Time: Tue Jul 28 21:00:44 UTC 2026
===========================================
Loading .env environment variables...
Supplier: amadeushotel
JSON Path: /var/www/Storage-Contents/Hotel-Supplier-Raw-Contents/amadeushotel
Output Path: /var/www/ScriptEngine/Python-Application/New-Hotel-Id-Collection-Function/id_separation_function/supplier/amadeushotel
Server JSON Count: 94196
Database Hotel Count: 94196
Database New Today Count: 0
ITTID Done: 0
Pending ITTID: 94196
Saved: /var/www/ScriptEngine/Python-Application/New-Hotel-Id-Collection-Function/id_separation_function/supplier/amadeushotel/server_file_list.txt (94196 records)
Saved: /var/www/ScriptEngine/Python-Application/New-Hotel-Id-Collection-Function/id_separation_function/supplier/amadeushotel/db_hotel_id_list.txt (94196 records)
Saved: /var/www/ScriptEngine/Python-Application/New-Hotel-Id-Collection-Function/id_separation_function/supplier/amadeushotel/server_present_but_db_id_not_present_list.txt (0 records)
Saved: /var/www/ScriptEngine/Python-Application/New-Hotel-Id-Collection-Function/id_separation_function/supplier/amadeushotel/db_present_but_server_json_not_present.txt (0 records)

Done.

Done.
Summary table updated.
History saved: /var/www/ScriptEngine/Python-Application/New-Hotel-Id-Collection-Function/id_separation_function/history/amadeushotel/2026-07-28.json
Finished: amadeushotel
End Time: Tue Jul 28 21:00:46 UTC 2026

===========================================
Running supplier: didahotel
Start Time: Tue Jul 28 21:00:46 UTC 2026
===========================================
Loading .env environment variables...
Supplier: didahotel
JSON Path: /var/www/Storage-Contents/Hotel-Supplier-Raw-Contents/didahotel
Output Path: /var/www/ScriptEngine/Python-Application/New-Hotel-Id-Collection-Function/id_separation_function/supplier/didahotel
Server JSON Count: 209784
Database Hotel Count: 209784
Database New Today Count: 0
ITTID Done: 180325
Pending ITTID: 29459
Saved: /var/www/ScriptEngine/Python-Application/New-Hotel-Id-Collection-Function/id_separation_function/supplier/didahotel/server_file_list.txt (209784 records)
Saved: /var/www/ScriptEngine/Python-Application/New-Hotel-Id-Collection-Function/id_separation_function/supplier/didahotel/db_hotel_id_list.txt (209784 records)
Saved: /var/www/ScriptEngine/Python-Application/New-Hotel-Id-Collection-Function/id_separation_function/supplier/didahotel/server_present_but_db_id_not_present_list.txt (0 records)
Saved: /var/www/ScriptEngine/Python-Application/New-Hotel-Id-Collection-Function/id_separation_function/supplier/didahotel/db_present_but_server_json_not_present.txt (0 records)

Done.

Done.
Summary table updated.
History saved: /var/www/ScriptEngine/Python-Application/New-Hotel-Id-Collection-Function/id_separation_function/history/didahotel/2026-07-28.json
Finished: didahotel
End Time: Tue Jul 28 21:00:50 UTC 2026

===========================================
Running supplier: dotw
Start Time: Tue Jul 28 21:00:50 UTC 2026
===========================================
Loading .env environment variables...
Supplier: dotw
JSON Path: /var/www/Storage-Contents/Hotel-Supplier-Raw-Contents/dotw
Output Path: /var/www/ScriptEngine/Python-Application/New-Hotel-Id-Collection-Function/id_separation_function/supplier/dotw
Server JSON Count: 227144
Database Hotel Count: 227143
Database New Today Count: 0
ITTID Done: 215632
Pending ITTID: 11511
Saved: /var/www/ScriptEngine/Python-Application/New-Hotel-Id-Collection-Function/id_separation_function/supplier/dotw/server_file_list.txt (227144 records)
Saved: /var/www/ScriptEngine/Python-Application/New-Hotel-Id-Collection-Function/id_separation_function/supplier/dotw/db_hotel_id_list.txt (227143 records)
Saved: /var/www/ScriptEngine/Python-Application/New-Hotel-Id-Collection-Function/id_separation_function/supplier/dotw/server_present_but_db_id_not_present_list.txt (1 records)
Saved: /var/www/ScriptEngine/Python-Application/New-Hotel-Id-Collection-Function/id_separation_function/supplier/dotw/db_present_but_server_json_not_present.txt (0 records)

Done.

Done.
Summary table updated.
History saved: /var/www/ScriptEngine/Python-Application/New-Hotel-Id-Collection-Function/id_separation_function/history/dotw/2026-07-28.json
Finished: dotw
End Time: Tue Jul 28 21:00:55 UTC 2026

===========================================
Running supplier: ean
Start Time: Tue Jul 28 21:00:55 UTC 2026
===========================================
Loading .env environment variables...
Supplier: ean
JSON Path: /var/www/Storage-Contents/Hotel-Supplier-Raw-Contents/ean
Output Path: /var/www/ScriptEngine/Python-Application/New-Hotel-Id-Collection-Function/id_separation_function/supplier/ean
Server JSON Count: 618269
Database Hotel Count: 618269
Database New Today Count: 258
ITTID Done: 508942
Pending ITTID: 109327
Saved: /var/www/ScriptEngine/Python-Application/New-Hotel-Id-Collection-Function/id_separation_function/supplier/ean/server_file_list.txt (618269 records)
Saved: /var/www/ScriptEngine/Python-Application/New-Hotel-Id-Collection-Function/id_separation_function/supplier/ean/db_hotel_id_list.txt (618269 records)
Saved: /var/www/ScriptEngine/Python-Application/New-Hotel-Id-Collection-Function/id_separation_function/supplier/ean/server_present_but_db_id_not_present_list.txt (0 records)
Saved: /var/www/ScriptEngine/Python-Application/New-Hotel-Id-Collection-Function/id_separation_function/supplier/ean/db_present_but_server_json_not_present.txt (0 records)

Done.

Done.
Summary table updated.
History saved: /var/www/ScriptEngine/Python-Application/New-Hotel-Id-Collection-Function/id_separation_function/history/ean/2026-07-28.json
Finished: ean
End Time: Tue Jul 28 21:01:08 UTC 2026

===========================================
Running supplier: ebookinghotel
Start Time: Tue Jul 28 21:01:08 UTC 2026
===========================================
Loading .env environment variables...
Supplier: ebookinghotel
JSON Path: /var/www/Storage-Contents/Hotel-Supplier-Raw-Contents/ebookinghotel
Output Path: /var/www/ScriptEngine/Python-Application/New-Hotel-Id-Collection-Function/id_separation_function/supplier/ebookinghotel
Server JSON Count: 878990
Database Hotel Count: 878990
Database New Today Count: 0
ITTID Done: 0
Pending ITTID: 878990
Saved: /var/www/ScriptEngine/Python-Application/New-Hotel-Id-Collection-Function/id_separation_function/supplier/ebookinghotel/server_file_list.txt (878990 records)
Saved: /var/www/ScriptEngine/Python-Application/New-Hotel-Id-Collection-Function/id_separation_function/supplier/ebookinghotel/db_hotel_id_list.txt (878990 records)
Saved: /var/www/ScriptEngine/Python-Application/New-Hotel-Id-Collection-Function/id_separation_function/supplier/ebookinghotel/server_present_but_db_id_not_present_list.txt (0 records)
Saved: /var/www/ScriptEngine/Python-Application/New-Hotel-Id-Collection-Function/id_separation_function/supplier/ebookinghotel/db_present_but_server_json_not_present.txt (0 records)

Done.

Done.
Summary table updated.
History saved: /var/www/ScriptEngine/Python-Application/New-Hotel-Id-Collection-Function/id_separation_function/history/ebookinghotel/2026-07-28.json
Finished: ebookinghotel
End Time: Tue Jul 28 21:01:24 UTC 2026

===========================================
Running supplier: goglobal
Start Time: Tue Jul 28 21:01:24 UTC 2026
===========================================
Loading .env environment variables...
Supplier: goglobal
JSON Path: /var/www/Storage-Contents/Hotel-Supplier-Raw-Contents/goglobal
Output Path: /var/www/ScriptEngine/Python-Application/New-Hotel-Id-Collection-Function/id_separation_function/supplier/goglobal
Server JSON Count: 221411
Database Hotel Count: 221393
Database New Today Count: 0
ITTID Done: 215415
Pending ITTID: 5978
Saved: /var/www/ScriptEngine/Python-Application/New-Hotel-Id-Collection-Function/id_separation_function/supplier/goglobal/server_file_list.txt (221411 records)
Saved: /var/www/ScriptEngine/Python-Application/New-Hotel-Id-Collection-Function/id_separation_function/supplier/goglobal/db_hotel_id_list.txt (221393 records)
Saved: /var/www/ScriptEngine/Python-Application/New-Hotel-Id-Collection-Function/id_separation_function/supplier/goglobal/server_present_but_db_id_not_present_list.txt (18 records)
Saved: /var/www/ScriptEngine/Python-Application/New-Hotel-Id-Collection-Function/id_separation_function/supplier/goglobal/db_present_but_server_json_not_present.txt (0 records)

Done.

Done.
Summary table updated.
History saved: /var/www/ScriptEngine/Python-Application/New-Hotel-Id-Collection-Function/id_separation_function/history/goglobal/2026-07-28.json
Finished: goglobal
End Time: Tue Jul 28 21:01:29 UTC 2026

===========================================
Running supplier: grnconnect
Start Time: Tue Jul 28 21:01:29 UTC 2026
===========================================
Loading .env environment variables...
Supplier: grnconnect
JSON Path: /var/www/Storage-Contents/Hotel-Supplier-Raw-Contents/grnconnect
Output Path: /var/www/ScriptEngine/Python-Application/New-Hotel-Id-Collection-Function/id_separation_function/supplier/grnconnect
Server JSON Count: 214625
Database Hotel Count: 214625
Database New Today Count: 0
ITTID Done: 185747
Pending ITTID: 28878
Saved: /var/www/ScriptEngine/Python-Application/New-Hotel-Id-Collection-Function/id_separation_function/supplier/grnconnect/server_file_list.txt (214625 records)
Saved: /var/www/ScriptEngine/Python-Application/New-Hotel-Id-Collection-Function/id_separation_function/supplier/grnconnect/db_hotel_id_list.txt (214625 records)
Saved: /var/www/ScriptEngine/Python-Application/New-Hotel-Id-Collection-Function/id_separation_function/supplier/grnconnect/server_present_but_db_id_not_present_list.txt (0 records)
Saved: /var/www/ScriptEngine/Python-Application/New-Hotel-Id-Collection-Function/id_separation_function/supplier/grnconnect/db_present_but_server_json_not_present.txt (0 records)

Done.

Done.
Summary table updated.
History saved: /var/www/ScriptEngine/Python-Application/New-Hotel-Id-Collection-Function/id_separation_function/history/grnconnect/2026-07-28.json
Finished: grnconnect
End Time: Tue Jul 28 21:01:34 UTC 2026

===========================================
Running supplier: hotelbeds
Start Time: Tue Jul 28 21:01:34 UTC 2026
===========================================
Loading .env environment variables...
Supplier: hotelbeds
JSON Path: /var/www/Storage-Contents/Hotel-Supplier-Raw-Contents/hotelbeds
Output Path: /var/www/ScriptEngine/Python-Application/New-Hotel-Id-Collection-Function/id_separation_function/supplier/hotelbeds
Server JSON Count: 474581
Database Hotel Count: 474581
Database New Today Count: 1
ITTID Done: 474499
Pending ITTID: 82
Saved: /var/www/ScriptEngine/Python-Application/New-Hotel-Id-Collection-Function/id_separation_function/supplier/hotelbeds/server_file_list.txt (474581 records)
Saved: /var/www/ScriptEngine/Python-Application/New-Hotel-Id-Collection-Function/id_separation_function/supplier/hotelbeds/db_hotel_id_list.txt (474581 records)
Saved: /var/www/ScriptEngine/Python-Application/New-Hotel-Id-Collection-Function/id_separation_function/supplier/hotelbeds/server_present_but_db_id_not_present_list.txt (0 records)
Saved: /var/www/ScriptEngine/Python-Application/New-Hotel-Id-Collection-Function/id_separation_function/supplier/hotelbeds/db_present_but_server_json_not_present.txt (0 records)

Done.

Done.
Summary table updated.
History saved: /var/www/ScriptEngine/Python-Application/New-Hotel-Id-Collection-Function/id_separation_function/history/hotelbeds/2026-07-28.json
Finished: hotelbeds
End Time: Tue Jul 28 21:01:48 UTC 2026

===========================================
Running supplier: hotelston
Start Time: Tue Jul 28 21:01:48 UTC 2026
===========================================
Loading .env environment variables...
Supplier: hotelston
JSON Path: /var/www/Storage-Contents/Hotel-Supplier-Raw-Contents/hotelston
Output Path: /var/www/ScriptEngine/Python-Application/New-Hotel-Id-Collection-Function/id_separation_function/supplier/hotelston
Server JSON Count: 3693299
Database Hotel Count: 3693299
Database New Today Count: 0
ITTID Done: 603685
Pending ITTID: 3089614
Saved: /var/www/ScriptEngine/Python-Application/New-Hotel-Id-Collection-Function/id_separation_function/supplier/hotelston/server_file_list.txt (3693299 records)
Saved: /var/www/ScriptEngine/Python-Application/New-Hotel-Id-Collection-Function/id_separation_function/supplier/hotelston/db_hotel_id_list.txt (3693299 records)
Saved: /var/www/ScriptEngine/Python-Application/New-Hotel-Id-Collection-Function/id_separation_function/supplier/hotelston/server_present_but_db_id_not_present_list.txt (0 records)
Saved: /var/www/ScriptEngine/Python-Application/New-Hotel-Id-Collection-Function/id_separation_function/supplier/hotelston/db_present_but_server_json_not_present.txt (0 records)

Done.

Done.
Summary table updated.
History saved: /var/www/ScriptEngine/Python-Application/New-Hotel-Id-Collection-Function/id_separation_function/history/hotelston/2026-07-28.json
Finished: hotelston
End Time: Tue Jul 28 21:05:01 UTC 2026

===========================================
Running supplier: hyperguestdirect
Start Time: Tue Jul 28 21:05:01 UTC 2026
===========================================
Loading .env environment variables...
Supplier: hyperguestdirect
JSON Path: /var/www/Storage-Contents/Hotel-Supplier-Raw-Contents/hyperguestdirect
Output Path: /var/www/ScriptEngine/Python-Application/New-Hotel-Id-Collection-Function/id_separation_function/supplier/hyperguestdirect
Server JSON Count: 66724
Database Hotel Count: 66724
Database New Today Count: 34
ITTID Done: 49276
Pending ITTID: 17448
Saved: /var/www/ScriptEngine/Python-Application/New-Hotel-Id-Collection-Function/id_separation_function/supplier/hyperguestdirect/server_file_list.txt (66724 records)
Saved: /var/www/ScriptEngine/Python-Application/New-Hotel-Id-Collection-Function/id_separation_function/supplier/hyperguestdirect/db_hotel_id_list.txt (66724 records)
Saved: /var/www/ScriptEngine/Python-Application/New-Hotel-Id-Collection-Function/id_separation_function/supplier/hyperguestdirect/server_present_but_db_id_not_present_list.txt (0 records)
Saved: /var/www/ScriptEngine/Python-Application/New-Hotel-Id-Collection-Function/id_separation_function/supplier/hyperguestdirect/db_present_but_server_json_not_present.txt (0 records)

Done.

Done.
Summary table updated.
History saved: /var/www/ScriptEngine/Python-Application/New-Hotel-Id-Collection-Function/id_separation_function/history/hyperguestdirect/2026-07-28.json
Finished: hyperguestdirect
End Time: Tue Jul 28 21:05:03 UTC 2026

===========================================
Running supplier: illusionshotel
Start Time: Tue Jul 28 21:05:03 UTC 2026
===========================================
Loading .env environment variables...
Supplier: illusionshotel
JSON Path: /var/www/Storage-Contents/Hotel-Supplier-Raw-Contents/illusionshotel
Output Path: /var/www/ScriptEngine/Python-Application/New-Hotel-Id-Collection-Function/id_separation_function/supplier/illusionshotel
Server JSON Count: 395727
Database Hotel Count: 395727
Database New Today Count: 0
ITTID Done: 42240
Pending ITTID: 353487
Saved: /var/www/ScriptEngine/Python-Application/New-Hotel-Id-Collection-Function/id_separation_function/supplier/illusionshotel/server_file_list.txt (395727 records)
Saved: /var/www/ScriptEngine/Python-Application/New-Hotel-Id-Collection-Function/id_separation_function/supplier/illusionshotel/db_hotel_id_list.txt (395727 records)
Saved: /var/www/ScriptEngine/Python-Application/New-Hotel-Id-Collection-Function/id_separation_function/supplier/illusionshotel/server_present_but_db_id_not_present_list.txt (0 records)
Saved: /var/www/ScriptEngine/Python-Application/New-Hotel-Id-Collection-Function/id_separation_function/supplier/illusionshotel/db_present_but_server_json_not_present.txt (0 records)

Done.

Done.
Summary table updated.
History saved: /var/www/ScriptEngine/Python-Application/New-Hotel-Id-Collection-Function/id_separation_function/history/illusionshotel/2026-07-28.json
Finished: illusionshotel
End Time: Tue Jul 28 21:05:11 UTC 2026

===========================================
Running supplier: innstant
Start Time: Tue Jul 28 21:05:11 UTC 2026
===========================================
Loading .env environment variables...
Supplier: innstant
JSON Path: /var/www/Storage-Contents/Hotel-Supplier-Raw-Contents/innstant
Output Path: /var/www/ScriptEngine/Python-Application/New-Hotel-Id-Collection-Function/id_separation_function/supplier/innstant
Server JSON Count: 649448
Database Hotel Count: 649436
Database New Today Count: 0
ITTID Done: 555240
Pending ITTID: 94196
Saved: /var/www/ScriptEngine/Python-Application/New-Hotel-Id-Collection-Function/id_separation_function/supplier/innstant/server_file_list.txt (649448 records)
Saved: /var/www/ScriptEngine/Python-Application/New-Hotel-Id-Collection-Function/id_separation_function/supplier/innstant/db_hotel_id_list.txt (649436 records)
Saved: /var/www/ScriptEngine/Python-Application/New-Hotel-Id-Collection-Function/id_separation_function/supplier/innstant/server_present_but_db_id_not_present_list.txt (12 records)
Saved: /var/www/ScriptEngine/Python-Application/New-Hotel-Id-Collection-Function/id_separation_function/supplier/innstant/db_present_but_server_json_not_present.txt (0 records)

Done.

Done.
Summary table updated.
History saved: /var/www/ScriptEngine/Python-Application/New-Hotel-Id-Collection-Function/id_separation_function/history/innstant/2026-07-28.json
Finished: innstant
End Time: Tue Jul 28 21:05:34 UTC 2026

===========================================
Running supplier: juniperhotel
Start Time: Tue Jul 28 21:05:34 UTC 2026
===========================================
Loading .env environment variables...
Supplier: juniperhotel
JSON Path: /var/www/Storage-Contents/Hotel-Supplier-Raw-Contents/juniperhotel
Output Path: /var/www/ScriptEngine/Python-Application/New-Hotel-Id-Collection-Function/id_separation_function/supplier/juniperhotel
Server JSON Count: 428859
Database Hotel Count: 429113
Database New Today Count: 0
ITTID Done: 427080
Pending ITTID: 2033
Saved: /var/www/ScriptEngine/Python-Application/New-Hotel-Id-Collection-Function/id_separation_function/supplier/juniperhotel/server_file_list.txt (428859 records)
Saved: /var/www/ScriptEngine/Python-Application/New-Hotel-Id-Collection-Function/id_separation_function/supplier/juniperhotel/db_hotel_id_list.txt (429113 records)
Saved: /var/www/ScriptEngine/Python-Application/New-Hotel-Id-Collection-Function/id_separation_function/supplier/juniperhotel/server_present_but_db_id_not_present_list.txt (0 records)
Saved: /var/www/ScriptEngine/Python-Application/New-Hotel-Id-Collection-Function/id_separation_function/supplier/juniperhotel/db_present_but_server_json_not_present.txt (254 records)

Done.

Done.
Summary table updated.
History saved: /var/www/ScriptEngine/Python-Application/New-Hotel-Id-Collection-Function/id_separation_function/history/juniperhotel/2026-07-28.json
Finished: juniperhotel
End Time: Tue Jul 28 21:05:48 UTC 2026

===========================================
Running supplier: kiwihotel
Start Time: Tue Jul 28 21:05:48 UTC 2026
===========================================
Loading .env environment variables...
Supplier: kiwihotel
JSON Path: /var/www/Storage-Contents/Hotel-Supplier-Raw-Contents/kiwihotel
Output Path: /var/www/ScriptEngine/Python-Application/New-Hotel-Id-Collection-Function/id_separation_function/supplier/kiwihotel
Server JSON Count: 1943
Database Hotel Count: 1943
Database New Today Count: 0
ITTID Done: 0
Pending ITTID: 1943
Saved: /var/www/ScriptEngine/Python-Application/New-Hotel-Id-Collection-Function/id_separation_function/supplier/kiwihotel/server_file_list.txt (1943 records)
Saved: /var/www/ScriptEngine/Python-Application/New-Hotel-Id-Collection-Function/id_separation_function/supplier/kiwihotel/db_hotel_id_list.txt (1943 records)
Saved: /var/www/ScriptEngine/Python-Application/New-Hotel-Id-Collection-Function/id_separation_function/supplier/kiwihotel/server_present_but_db_id_not_present_list.txt (0 records)
Saved: /var/www/ScriptEngine/Python-Application/New-Hotel-Id-Collection-Function/id_separation_function/supplier/kiwihotel/db_present_but_server_json_not_present.txt (0 records)

Done.

Done.
Summary table updated.
History saved: /var/www/ScriptEngine/Python-Application/New-Hotel-Id-Collection-Function/id_separation_function/history/kiwihotel/2026-07-28.json
Finished: kiwihotel
End Time: Tue Jul 28 21:05:49 UTC 2026

===========================================
Running supplier: mgholiday
Start Time: Tue Jul 28 21:05:49 UTC 2026
===========================================
Loading .env environment variables...
Supplier: mgholiday
JSON Path: /var/www/Storage-Contents/Hotel-Supplier-Raw-Contents/mgholiday
Output Path: /var/www/ScriptEngine/Python-Application/New-Hotel-Id-Collection-Function/id_separation_function/supplier/mgholiday
Server JSON Count: 237610
Database Hotel Count: 237609
Database New Today Count: 0
ITTID Done: 196323
Pending ITTID: 41286
Saved: /var/www/ScriptEngine/Python-Application/New-Hotel-Id-Collection-Function/id_separation_function/supplier/mgholiday/server_file_list.txt (237610 records)
Saved: /var/www/ScriptEngine/Python-Application/New-Hotel-Id-Collection-Function/id_separation_function/supplier/mgholiday/db_hotel_id_list.txt (237609 records)
Saved: /var/www/ScriptEngine/Python-Application/New-Hotel-Id-Collection-Function/id_separation_function/supplier/mgholiday/server_present_but_db_id_not_present_list.txt (2 records)
Saved: /var/www/ScriptEngine/Python-Application/New-Hotel-Id-Collection-Function/id_separation_function/supplier/mgholiday/db_present_but_server_json_not_present.txt (1 records)

Done.

Done.
Summary table updated.
History saved: /var/www/ScriptEngine/Python-Application/New-Hotel-Id-Collection-Function/id_separation_function/history/mgholiday/2026-07-28.json
Finished: mgholiday
End Time: Tue Jul 28 21:05:55 UTC 2026

===========================================
Running supplier: paximumhotel
Start Time: Tue Jul 28 21:05:55 UTC 2026
===========================================
Loading .env environment variables...
Supplier: paximumhotel
JSON Path: /var/www/Storage-Contents/Hotel-Supplier-Raw-Contents/paximumhotel
Output Path: /var/www/ScriptEngine/Python-Application/New-Hotel-Id-Collection-Function/id_separation_function/supplier/paximumhotel
Server JSON Count: 1385584
Database Hotel Count: 1385589
Database New Today Count: 0
ITTID Done: 109901
Pending ITTID: 1275688
Saved: /var/www/ScriptEngine/Python-Application/New-Hotel-Id-Collection-Function/id_separation_function/supplier/paximumhotel/server_file_list.txt (1385584 records)
Saved: /var/www/ScriptEngine/Python-Application/New-Hotel-Id-Collection-Function/id_separation_function/supplier/paximumhotel/db_hotel_id_list.txt (1385589 records)
Saved: /var/www/ScriptEngine/Python-Application/New-Hotel-Id-Collection-Function/id_separation_function/supplier/paximumhotel/server_present_but_db_id_not_present_list.txt (0 records)
Saved: /var/www/ScriptEngine/Python-Application/New-Hotel-Id-Collection-Function/id_separation_function/supplier/paximumhotel/db_present_but_server_json_not_present.txt (5 records)

Done.

Done.
Summary table updated.
History saved: /var/www/ScriptEngine/Python-Application/New-Hotel-Id-Collection-Function/id_separation_function/history/paximumhotel/2026-07-28.json
Finished: paximumhotel
End Time: Tue Jul 28 21:06:31 UTC 2026

===========================================
Running supplier: rakuten
Start Time: Tue Jul 28 21:06:31 UTC 2026
===========================================
Loading .env environment variables...
Supplier: rakuten
JSON Path: /var/www/Storage-Contents/Hotel-Supplier-Raw-Contents/rakuten
Output Path: /var/www/ScriptEngine/Python-Application/New-Hotel-Id-Collection-Function/id_separation_function/supplier/rakuten
Server JSON Count: 37864
Database Hotel Count: 37587
Database New Today Count: 0
ITTID Done: 14079
Pending ITTID: 23508
Saved: /var/www/ScriptEngine/Python-Application/New-Hotel-Id-Collection-Function/id_separation_function/supplier/rakuten/server_file_list.txt (37864 records)
Saved: /var/www/ScriptEngine/Python-Application/New-Hotel-Id-Collection-Function/id_separation_function/supplier/rakuten/db_hotel_id_list.txt (37587 records)
Saved: /var/www/ScriptEngine/Python-Application/New-Hotel-Id-Collection-Function/id_separation_function/supplier/rakuten/server_present_but_db_id_not_present_list.txt (277 records)
Saved: /var/www/ScriptEngine/Python-Application/New-Hotel-Id-Collection-Function/id_separation_function/supplier/rakuten/db_present_but_server_json_not_present.txt (0 records)

Done.

Done.
Summary table updated.
History saved: /var/www/ScriptEngine/Python-Application/New-Hotel-Id-Collection-Function/id_separation_function/history/rakuten/2026-07-28.json
Finished: rakuten
End Time: Tue Jul 28 21:06:33 UTC 2026

===========================================
Running supplier: ratehawkhotel
Start Time: Tue Jul 28 21:06:33 UTC 2026
===========================================
Loading .env environment variables...
Supplier: ratehawkhotel
JSON Path: /var/www/Storage-Contents/Hotel-Supplier-Raw-Contents/ratehawkhotel
Output Path: /var/www/ScriptEngine/Python-Application/New-Hotel-Id-Collection-Function/id_separation_function/supplier/ratehawkhotel
Server JSON Count: 2771500
Database Hotel Count: 2767561
Database New Today Count: 2
ITTID Done: 1372052
Pending ITTID: 1395509
Saved: /var/www/ScriptEngine/Python-Application/New-Hotel-Id-Collection-Function/id_separation_function/supplier/ratehawkhotel/server_file_list.txt (2771500 records)
Saved: /var/www/ScriptEngine/Python-Application/New-Hotel-Id-Collection-Function/id_separation_function/supplier/ratehawkhotel/db_hotel_id_list.txt (2767561 records)
Saved: /var/www/ScriptEngine/Python-Application/New-Hotel-Id-Collection-Function/id_separation_function/supplier/ratehawkhotel/server_present_but_db_id_not_present_list.txt (4902 records)
Saved: /var/www/ScriptEngine/Python-Application/New-Hotel-Id-Collection-Function/id_separation_function/supplier/ratehawkhotel/db_present_but_server_json_not_present.txt (963 records)

Done.

Done.
Summary table updated.
History saved: /var/www/ScriptEngine/Python-Application/New-Hotel-Id-Collection-Function/id_separation_function/history/ratehawkhotel/2026-07-28.json
Finished: ratehawkhotel
End Time: Tue Jul 28 21:07:51 UTC 2026

===========================================
Running supplier: restel
Start Time: Tue Jul 28 21:07:51 UTC 2026
===========================================
Loading .env environment variables...
Supplier: restel
JSON Path: /var/www/Storage-Contents/Hotel-Supplier-Raw-Contents/restel
Output Path: /var/www/ScriptEngine/Python-Application/New-Hotel-Id-Collection-Function/id_separation_function/supplier/restel
Server JSON Count: 144469
Database Hotel Count: 144462
Database New Today Count: 1
ITTID Done: 87229
Pending ITTID: 57233
Saved: /var/www/ScriptEngine/Python-Application/New-Hotel-Id-Collection-Function/id_separation_function/supplier/restel/server_file_list.txt (144469 records)
Saved: /var/www/ScriptEngine/Python-Application/New-Hotel-Id-Collection-Function/id_separation_function/supplier/restel/db_hotel_id_list.txt (144462 records)
Saved: /var/www/ScriptEngine/Python-Application/New-Hotel-Id-Collection-Function/id_separation_function/supplier/restel/server_present_but_db_id_not_present_list.txt (7 records)
Saved: /var/www/ScriptEngine/Python-Application/New-Hotel-Id-Collection-Function/id_separation_function/supplier/restel/db_present_but_server_json_not_present.txt (0 records)

Done.

Done.
Summary table updated.
History saved: /var/www/ScriptEngine/Python-Application/New-Hotel-Id-Collection-Function/id_separation_function/history/restel/2026-07-28.json
Finished: restel
End Time: Tue Jul 28 21:07:53 UTC 2026

===========================================
Running supplier: rnrhotel
Start Time: Tue Jul 28 21:07:53 UTC 2026
===========================================
Loading .env environment variables...
Supplier: rnrhotel
JSON Path: /var/www/Storage-Contents/Hotel-Supplier-Raw-Contents/rnrhotel
Output Path: /var/www/ScriptEngine/Python-Application/New-Hotel-Id-Collection-Function/id_separation_function/supplier/rnrhotel
Server JSON Count: 112
Database Hotel Count: 112
Database New Today Count: 0
ITTID Done: 106
Pending ITTID: 6
Saved: /var/www/ScriptEngine/Python-Application/New-Hotel-Id-Collection-Function/id_separation_function/supplier/rnrhotel/server_file_list.txt (112 records)
Saved: /var/www/ScriptEngine/Python-Application/New-Hotel-Id-Collection-Function/id_separation_function/supplier/rnrhotel/db_hotel_id_list.txt (112 records)
Saved: /var/www/ScriptEngine/Python-Application/New-Hotel-Id-Collection-Function/id_separation_function/supplier/rnrhotel/server_present_but_db_id_not_present_list.txt (0 records)
Saved: /var/www/ScriptEngine/Python-Application/New-Hotel-Id-Collection-Function/id_separation_function/supplier/rnrhotel/db_present_but_server_json_not_present.txt (0 records)

Done.

Done.
Summary table updated.
History saved: /var/www/ScriptEngine/Python-Application/New-Hotel-Id-Collection-Function/id_separation_function/history/rnrhotel/2026-07-28.json
Finished: rnrhotel
End Time: Tue Jul 28 21:07:54 UTC 2026

===========================================
Running supplier: roomerang
Start Time: Tue Jul 28 21:07:54 UTC 2026
===========================================
Loading .env environment variables...
Supplier: roomerang
JSON Path: /var/www/Storage-Contents/Hotel-Supplier-Raw-Contents/roomerang
Output Path: /var/www/ScriptEngine/Python-Application/New-Hotel-Id-Collection-Function/id_separation_function/supplier/roomerang
Server JSON Count: 708546
Database Hotel Count: 708527
Database New Today Count: 0
ITTID Done: 181282
Pending ITTID: 527245
Saved: /var/www/ScriptEngine/Python-Application/New-Hotel-Id-Collection-Function/id_separation_function/supplier/roomerang/server_file_list.txt (708546 records)
Saved: /var/www/ScriptEngine/Python-Application/New-Hotel-Id-Collection-Function/id_separation_function/supplier/roomerang/db_hotel_id_list.txt (708527 records)
Saved: /var/www/ScriptEngine/Python-Application/New-Hotel-Id-Collection-Function/id_separation_function/supplier/roomerang/server_present_but_db_id_not_present_list.txt (19 records)
Saved: /var/www/ScriptEngine/Python-Application/New-Hotel-Id-Collection-Function/id_separation_function/supplier/roomerang/db_present_but_server_json_not_present.txt (0 records)

Done.

Done.
Summary table updated.
History saved: /var/www/ScriptEngine/Python-Application/New-Hotel-Id-Collection-Function/id_separation_function/history/roomerang/2026-07-28.json
Finished: roomerang
End Time: Tue Jul 28 21:08:03 UTC 2026

===========================================
Running supplier: stuba
Start Time: Tue Jul 28 21:08:03 UTC 2026
===========================================
Loading .env environment variables...
Supplier: stuba
JSON Path: /var/www/Storage-Contents/Hotel-Supplier-Raw-Contents/stuba
Output Path: /var/www/ScriptEngine/Python-Application/New-Hotel-Id-Collection-Function/id_separation_function/supplier/stuba
Server JSON Count: 128611
Database Hotel Count: 128611
Database New Today Count: 0
ITTID Done: 115926
Pending ITTID: 12685
Saved: /var/www/ScriptEngine/Python-Application/New-Hotel-Id-Collection-Function/id_separation_function/supplier/stuba/server_file_list.txt (128611 records)
Saved: /var/www/ScriptEngine/Python-Application/New-Hotel-Id-Collection-Function/id_separation_function/supplier/stuba/db_hotel_id_list.txt (128611 records)
Saved: /var/www/ScriptEngine/Python-Application/New-Hotel-Id-Collection-Function/id_separation_function/supplier/stuba/server_present_but_db_id_not_present_list.txt (0 records)
Saved: /var/www/ScriptEngine/Python-Application/New-Hotel-Id-Collection-Function/id_separation_function/supplier/stuba/db_present_but_server_json_not_present.txt (0 records)

Done.

Done.
Summary table updated.
History saved: /var/www/ScriptEngine/Python-Application/New-Hotel-Id-Collection-Function/id_separation_function/history/stuba/2026-07-28.json
Finished: stuba
End Time: Tue Jul 28 21:08:06 UTC 2026

===========================================
Running supplier: tbohotel
Start Time: Tue Jul 28 21:08:06 UTC 2026
===========================================
Loading .env environment variables...
Supplier: tbohotel
JSON Path: /var/www/Storage-Contents/Hotel-Supplier-Raw-Contents/tbohotel
Output Path: /var/www/ScriptEngine/Python-Application/New-Hotel-Id-Collection-Function/id_separation_function/supplier/tbohotel
Server JSON Count: 1048323
Database Hotel Count: 1048321
Database New Today Count: 0
ITTID Done: 1035336
Pending ITTID: 12985
Saved: /var/www/ScriptEngine/Python-Application/New-Hotel-Id-Collection-Function/id_separation_function/supplier/tbohotel/server_file_list.txt (1048323 records)
Saved: /var/www/ScriptEngine/Python-Application/New-Hotel-Id-Collection-Function/id_separation_function/supplier/tbohotel/db_hotel_id_list.txt (1048321 records)
Saved: /var/www/ScriptEngine/Python-Application/New-Hotel-Id-Collection-Function/id_separation_function/supplier/tbohotel/server_present_but_db_id_not_present_list.txt (2 records)
Saved: /var/www/ScriptEngine/Python-Application/New-Hotel-Id-Collection-Function/id_separation_function/supplier/tbohotel/db_present_but_server_json_not_present.txt (0 records)

Done.

Done.
Summary table updated.
History saved: /var/www/ScriptEngine/Python-Application/New-Hotel-Id-Collection-Function/id_separation_function/history/tbohotel/2026-07-28.json
Finished: tbohotel
End Time: Tue Jul 28 21:08:23 UTC 2026

===========================================
Running supplier: travelrobothotel
Start Time: Tue Jul 28 21:08:23 UTC 2026
===========================================
Loading .env environment variables...
Supplier: travelrobothotel
JSON Path: /var/www/Storage-Contents/Hotel-Supplier-Raw-Contents/travelrobothotel
Output Path: /var/www/ScriptEngine/Python-Application/New-Hotel-Id-Collection-Function/id_separation_function/supplier/travelrobothotel
Server JSON Count: 1461694
Database Hotel Count: 1461693
Database New Today Count: 0
ITTID Done: 0
Pending ITTID: 1461693
Saved: /var/www/ScriptEngine/Python-Application/New-Hotel-Id-Collection-Function/id_separation_function/supplier/travelrobothotel/server_file_list.txt (1461694 records)
Saved: /var/www/ScriptEngine/Python-Application/New-Hotel-Id-Collection-Function/id_separation_function/supplier/travelrobothotel/db_hotel_id_list.txt (1461693 records)
Saved: /var/www/ScriptEngine/Python-Application/New-Hotel-Id-Collection-Function/id_separation_function/supplier/travelrobothotel/server_present_but_db_id_not_present_list.txt (1 records)
Saved: /var/www/ScriptEngine/Python-Application/New-Hotel-Id-Collection-Function/id_separation_function/supplier/travelrobothotel/db_present_but_server_json_not_present.txt (0 records)

Done.

Done.
Summary table updated.
History saved: /var/www/ScriptEngine/Python-Application/New-Hotel-Id-Collection-Function/id_separation_function/history/travelrobothotel/2026-07-28.json
Finished: travelrobothotel
End Time: Tue Jul 28 21:08:43 UTC 2026

===========================================
All suppliers completed.
Finished at: Tue Jul 28 21:08:43 UTC 2026
===========================================
===========================================
Started at: Wed Jul 29 21:00:01 UTC 2026
===========================================

===========================================
Running supplier: agoda
Start Time: Wed Jul 29 21:00:01 UTC 2026
===========================================
Loading .env environment variables...
Supplier: agoda
JSON Path: /var/www/Storage-Contents/Hotel-Supplier-Raw-Contents/agoda
Output Path: /var/www/ScriptEngine/Python-Application/New-Hotel-Id-Collection-Function/id_separation_function/supplier/agoda
Server JSON Count: 1045695
Database Hotel Count: 1045695
Database New Today Count: 1583
ITTID Done: 1044112
Pending ITTID: 1583
Saved: /var/www/ScriptEngine/Python-Application/New-Hotel-Id-Collection-Function/id_separation_function/supplier/agoda/server_file_list.txt (1045695 records)
Saved: /var/www/ScriptEngine/Python-Application/New-Hotel-Id-Collection-Function/id_separation_function/supplier/agoda/db_hotel_id_list.txt (1045695 records)
Saved: /var/www/ScriptEngine/Python-Application/New-Hotel-Id-Collection-Function/id_separation_function/supplier/agoda/server_present_but_db_id_not_present_list.txt (0 records)
Saved: /var/www/ScriptEngine/Python-Application/New-Hotel-Id-Collection-Function/id_separation_function/supplier/agoda/db_present_but_server_json_not_present.txt (0 records)

Done.

Done.
Summary table updated.
History saved: /var/www/ScriptEngine/Python-Application/New-Hotel-Id-Collection-Function/id_separation_function/history/agoda/2026-07-29.json
Finished: agoda
End Time: Wed Jul 29 21:00:30 UTC 2026

===========================================
Running supplier: amadeushotel
Start Time: Wed Jul 29 21:00:30 UTC 2026
===========================================
Loading .env environment variables...
Supplier: amadeushotel
JSON Path: /var/www/Storage-Contents/Hotel-Supplier-Raw-Contents/amadeushotel
Output Path: /var/www/ScriptEngine/Python-Application/New-Hotel-Id-Collection-Function/id_separation_function/supplier/amadeushotel
Server JSON Count: 94196
Database Hotel Count: 94196
Database New Today Count: 0
ITTID Done: 0
Pending ITTID: 94196
Saved: /var/www/ScriptEngine/Python-Application/New-Hotel-Id-Collection-Function/id_separation_function/supplier/amadeushotel/server_file_list.txt (94196 records)
Saved: /var/www/ScriptEngine/Python-Application/New-Hotel-Id-Collection-Function/id_separation_function/supplier/amadeushotel/db_hotel_id_list.txt (94196 records)
Saved: /var/www/ScriptEngine/Python-Application/New-Hotel-Id-Collection-Function/id_separation_function/supplier/amadeushotel/server_present_but_db_id_not_present_list.txt (0 records)
Saved: /var/www/ScriptEngine/Python-Application/New-Hotel-Id-Collection-Function/id_separation_function/supplier/amadeushotel/db_present_but_server_json_not_present.txt (0 records)

Done.

Done.
Summary table updated.
History saved: /var/www/ScriptEngine/Python-Application/New-Hotel-Id-Collection-Function/id_separation_function/history/amadeushotel/2026-07-29.json
Finished: amadeushotel
End Time: Wed Jul 29 21:00:32 UTC 2026

===========================================
Running supplier: didahotel
Start Time: Wed Jul 29 21:00:32 UTC 2026
===========================================
Loading .env environment variables...
Supplier: didahotel
JSON Path: /var/www/Storage-Contents/Hotel-Supplier-Raw-Contents/didahotel
Output Path: /var/www/ScriptEngine/Python-Application/New-Hotel-Id-Collection-Function/id_separation_function/supplier/didahotel
Server JSON Count: 209784
Database Hotel Count: 209784
Database New Today Count: 0
ITTID Done: 180325
Pending ITTID: 29459
Saved: /var/www/ScriptEngine/Python-Application/New-Hotel-Id-Collection-Function/id_separation_function/supplier/didahotel/server_file_list.txt (209784 records)
Saved: /var/www/ScriptEngine/Python-Application/New-Hotel-Id-Collection-Function/id_separation_function/supplier/didahotel/db_hotel_id_list.txt (209784 records)
Saved: /var/www/ScriptEngine/Python-Application/New-Hotel-Id-Collection-Function/id_separation_function/supplier/didahotel/server_present_but_db_id_not_present_list.txt (0 records)
Saved: /var/www/ScriptEngine/Python-Application/New-Hotel-Id-Collection-Function/id_separation_function/supplier/didahotel/db_present_but_server_json_not_present.txt (0 records)

Done.

Done.
Summary table updated.
History saved: /var/www/ScriptEngine/Python-Application/New-Hotel-Id-Collection-Function/id_separation_function/history/didahotel/2026-07-29.json
Finished: didahotel
End Time: Wed Jul 29 21:00:36 UTC 2026

===========================================
Running supplier: dotw
Start Time: Wed Jul 29 21:00:36 UTC 2026
===========================================
Loading .env environment variables...
Supplier: dotw
JSON Path: /var/www/Storage-Contents/Hotel-Supplier-Raw-Contents/dotw
Output Path: /var/www/ScriptEngine/Python-Application/New-Hotel-Id-Collection-Function/id_separation_function/supplier/dotw
Server JSON Count: 227144
Database Hotel Count: 227143
Database New Today Count: 0
ITTID Done: 215632
Pending ITTID: 11511
Saved: /var/www/ScriptEngine/Python-Application/New-Hotel-Id-Collection-Function/id_separation_function/supplier/dotw/server_file_list.txt (227144 records)
Saved: /var/www/ScriptEngine/Python-Application/New-Hotel-Id-Collection-Function/id_separation_function/supplier/dotw/db_hotel_id_list.txt (227143 records)
Saved: /var/www/ScriptEngine/Python-Application/New-Hotel-Id-Collection-Function/id_separation_function/supplier/dotw/server_present_but_db_id_not_present_list.txt (1 records)
Saved: /var/www/ScriptEngine/Python-Application/New-Hotel-Id-Collection-Function/id_separation_function/supplier/dotw/db_present_but_server_json_not_present.txt (0 records)

Done.

Done.
Summary table updated.
History saved: /var/www/ScriptEngine/Python-Application/New-Hotel-Id-Collection-Function/id_separation_function/history/dotw/2026-07-29.json
Finished: dotw
End Time: Wed Jul 29 21:00:40 UTC 2026

===========================================
Running supplier: ean
Start Time: Wed Jul 29 21:00:40 UTC 2026
===========================================
Loading .env environment variables...
Supplier: ean
JSON Path: /var/www/Storage-Contents/Hotel-Supplier-Raw-Contents/ean
Output Path: /var/www/ScriptEngine/Python-Application/New-Hotel-Id-Collection-Function/id_separation_function/supplier/ean
Server JSON Count: 618504
Database Hotel Count: 618504
Database New Today Count: 235
ITTID Done: 508942
Pending ITTID: 109562
Saved: /var/www/ScriptEngine/Python-Application/New-Hotel-Id-Collection-Function/id_separation_function/supplier/ean/server_file_list.txt (618504 records)
Saved: /var/www/ScriptEngine/Python-Application/New-Hotel-Id-Collection-Function/id_separation_function/supplier/ean/db_hotel_id_list.txt (618504 records)
Saved: /var/www/ScriptEngine/Python-Application/New-Hotel-Id-Collection-Function/id_separation_function/supplier/ean/server_present_but_db_id_not_present_list.txt (0 records)
Saved: /var/www/ScriptEngine/Python-Application/New-Hotel-Id-Collection-Function/id_separation_function/supplier/ean/db_present_but_server_json_not_present.txt (0 records)

Done.

Done.
Summary table updated.
History saved: /var/www/ScriptEngine/Python-Application/New-Hotel-Id-Collection-Function/id_separation_function/history/ean/2026-07-29.json
Finished: ean
End Time: Wed Jul 29 21:00:51 UTC 2026

===========================================
Running supplier: ebookinghotel
Start Time: Wed Jul 29 21:00:51 UTC 2026
===========================================
Loading .env environment variables...
Supplier: ebookinghotel
JSON Path: /var/www/Storage-Contents/Hotel-Supplier-Raw-Contents/ebookinghotel
Output Path: /var/www/ScriptEngine/Python-Application/New-Hotel-Id-Collection-Function/id_separation_function/supplier/ebookinghotel
Server JSON Count: 878990
Database Hotel Count: 878990
Database New Today Count: 0
ITTID Done: 0
Pending ITTID: 878990
Saved: /var/www/ScriptEngine/Python-Application/New-Hotel-Id-Collection-Function/id_separation_function/supplier/ebookinghotel/server_file_list.txt (878990 records)
Saved: /var/www/ScriptEngine/Python-Application/New-Hotel-Id-Collection-Function/id_separation_function/supplier/ebookinghotel/db_hotel_id_list.txt (878990 records)
Saved: /var/www/ScriptEngine/Python-Application/New-Hotel-Id-Collection-Function/id_separation_function/supplier/ebookinghotel/server_present_but_db_id_not_present_list.txt (0 records)
Saved: /var/www/ScriptEngine/Python-Application/New-Hotel-Id-Collection-Function/id_separation_function/supplier/ebookinghotel/db_present_but_server_json_not_present.txt (0 records)

Done.

Done.
Summary table updated.
History saved: /var/www/ScriptEngine/Python-Application/New-Hotel-Id-Collection-Function/id_separation_function/history/ebookinghotel/2026-07-29.json
Finished: ebookinghotel
End Time: Wed Jul 29 21:01:05 UTC 2026

===========================================
Running supplier: goglobal
Start Time: Wed Jul 29 21:01:05 UTC 2026
===========================================
Loading .env environment variables...
Supplier: goglobal
JSON Path: /var/www/Storage-Contents/Hotel-Supplier-Raw-Contents/goglobal
Output Path: /var/www/ScriptEngine/Python-Application/New-Hotel-Id-Collection-Function/id_separation_function/supplier/goglobal
Server JSON Count: 221411
Database Hotel Count: 221393
Database New Today Count: 0
ITTID Done: 215415
Pending ITTID: 5978
Saved: /var/www/ScriptEngine/Python-Application/New-Hotel-Id-Collection-Function/id_separation_function/supplier/goglobal/server_file_list.txt (221411 records)
Saved: /var/www/ScriptEngine/Python-Application/New-Hotel-Id-Collection-Function/id_separation_function/supplier/goglobal/db_hotel_id_list.txt (221393 records)
Saved: /var/www/ScriptEngine/Python-Application/New-Hotel-Id-Collection-Function/id_separation_function/supplier/goglobal/server_present_but_db_id_not_present_list.txt (18 records)
Saved: /var/www/ScriptEngine/Python-Application/New-Hotel-Id-Collection-Function/id_separation_function/supplier/goglobal/db_present_but_server_json_not_present.txt (0 records)

Done.

Done.
Summary table updated.
History saved: /var/www/ScriptEngine/Python-Application/New-Hotel-Id-Collection-Function/id_separation_function/history/goglobal/2026-07-29.json
Finished: goglobal
End Time: Wed Jul 29 21:01:09 UTC 2026

===========================================
Running supplier: grnconnect
Start Time: Wed Jul 29 21:01:09 UTC 2026
===========================================
Loading .env environment variables...
Supplier: grnconnect
JSON Path: /var/www/Storage-Contents/Hotel-Supplier-Raw-Contents/grnconnect
Output Path: /var/www/ScriptEngine/Python-Application/New-Hotel-Id-Collection-Function/id_separation_function/supplier/grnconnect
Server JSON Count: 214625
Database Hotel Count: 214625
Database New Today Count: 0
ITTID Done: 185747
Pending ITTID: 28878
Saved: /var/www/ScriptEngine/Python-Application/New-Hotel-Id-Collection-Function/id_separation_function/supplier/grnconnect/server_file_list.txt (214625 records)
Saved: /var/www/ScriptEngine/Python-Application/New-Hotel-Id-Collection-Function/id_separation_function/supplier/grnconnect/db_hotel_id_list.txt (214625 records)
Saved: /var/www/ScriptEngine/Python-Application/New-Hotel-Id-Collection-Function/id_separation_function/supplier/grnconnect/server_present_but_db_id_not_present_list.txt (0 records)
Saved: /var/www/ScriptEngine/Python-Application/New-Hotel-Id-Collection-Function/id_separation_function/supplier/grnconnect/db_present_but_server_json_not_present.txt (0 records)

Done.

Done.
Summary table updated.
History saved: /var/www/ScriptEngine/Python-Application/New-Hotel-Id-Collection-Function/id_separation_function/history/grnconnect/2026-07-29.json
Finished: grnconnect
End Time: Wed Jul 29 21:01:13 UTC 2026

===========================================
Running supplier: hotelbeds
Start Time: Wed Jul 29 21:01:13 UTC 2026
===========================================
Loading .env environment variables...
Supplier: hotelbeds
JSON Path: /var/www/Storage-Contents/Hotel-Supplier-Raw-Contents/hotelbeds
Output Path: /var/www/ScriptEngine/Python-Application/New-Hotel-Id-Collection-Function/id_separation_function/supplier/hotelbeds
Server JSON Count: 474660
Database Hotel Count: 474660
Database New Today Count: 474660
ITTID Done: 0
Pending ITTID: 474660
Saved: /var/www/ScriptEngine/Python-Application/New-Hotel-Id-Collection-Function/id_separation_function/supplier/hotelbeds/server_file_list.txt (474660 records)
Saved: /var/www/ScriptEngine/Python-Application/New-Hotel-Id-Collection-Function/id_separation_function/supplier/hotelbeds/db_hotel_id_list.txt (474660 records)
Saved: /var/www/ScriptEngine/Python-Application/New-Hotel-Id-Collection-Function/id_separation_function/supplier/hotelbeds/server_present_but_db_id_not_present_list.txt (0 records)
Saved: /var/www/ScriptEngine/Python-Application/New-Hotel-Id-Collection-Function/id_separation_function/supplier/hotelbeds/db_present_but_server_json_not_present.txt (0 records)

Done.

Done.
Summary table updated.
History saved: /var/www/ScriptEngine/Python-Application/New-Hotel-Id-Collection-Function/id_separation_function/history/hotelbeds/2026-07-29.json
Finished: hotelbeds
End Time: Wed Jul 29 21:01:22 UTC 2026

===========================================
Running supplier: hotelston
Start Time: Wed Jul 29 21:01:22 UTC 2026
===========================================
Loading .env environment variables...
Supplier: hotelston
JSON Path: /var/www/Storage-Contents/Hotel-Supplier-Raw-Contents/hotelston
Output Path: /var/www/ScriptEngine/Python-Application/New-Hotel-Id-Collection-Function/id_separation_function/supplier/hotelston
Server JSON Count: 3693299
Database Hotel Count: 3693299
Database New Today Count: 0
ITTID Done: 603685
Pending ITTID: 3089614
Saved: /var/www/ScriptEngine/Python-Application/New-Hotel-Id-Collection-Function/id_separation_function/supplier/hotelston/server_file_list.txt (3693299 records)
Saved: /var/www/ScriptEngine/Python-Application/New-Hotel-Id-Collection-Function/id_separation_function/supplier/hotelston/db_hotel_id_list.txt (3693299 records)
Saved: /var/www/ScriptEngine/Python-Application/New-Hotel-Id-Collection-Function/id_separation_function/supplier/hotelston/server_present_but_db_id_not_present_list.txt (0 records)
Saved: /var/www/ScriptEngine/Python-Application/New-Hotel-Id-Collection-Function/id_separation_function/supplier/hotelston/db_present_but_server_json_not_present.txt (0 records)

Done.

Done.
Summary table updated.
History saved: /var/www/ScriptEngine/Python-Application/New-Hotel-Id-Collection-Function/id_separation_function/history/hotelston/2026-07-29.json
Finished: hotelston
End Time: Wed Jul 29 21:02:38 UTC 2026

===========================================
Running supplier: hyperguestdirect
Start Time: Wed Jul 29 21:02:38 UTC 2026
===========================================
Loading .env environment variables...
Supplier: hyperguestdirect
JSON Path: /var/www/Storage-Contents/Hotel-Supplier-Raw-Contents/hyperguestdirect
Output Path: /var/www/ScriptEngine/Python-Application/New-Hotel-Id-Collection-Function/id_separation_function/supplier/hyperguestdirect
Server JSON Count: 66754
Database Hotel Count: 66754
Database New Today Count: 30
ITTID Done: 49276
Pending ITTID: 17478
Saved: /var/www/ScriptEngine/Python-Application/New-Hotel-Id-Collection-Function/id_separation_function/supplier/hyperguestdirect/server_file_list.txt (66754 records)
Saved: /var/www/ScriptEngine/Python-Application/New-Hotel-Id-Collection-Function/id_separation_function/supplier/hyperguestdirect/db_hotel_id_list.txt (66754 records)
Saved: /var/www/ScriptEngine/Python-Application/New-Hotel-Id-Collection-Function/id_separation_function/supplier/hyperguestdirect/server_present_but_db_id_not_present_list.txt (0 records)
Saved: /var/www/ScriptEngine/Python-Application/New-Hotel-Id-Collection-Function/id_separation_function/supplier/hyperguestdirect/db_present_but_server_json_not_present.txt (0 records)

Done.

Done.
Summary table updated.
History saved: /var/www/ScriptEngine/Python-Application/New-Hotel-Id-Collection-Function/id_separation_function/history/hyperguestdirect/2026-07-29.json
Finished: hyperguestdirect
End Time: Wed Jul 29 21:02:39 UTC 2026

===========================================
Running supplier: illusionshotel
Start Time: Wed Jul 29 21:02:39 UTC 2026
===========================================
Loading .env environment variables...
Supplier: illusionshotel
JSON Path: /var/www/Storage-Contents/Hotel-Supplier-Raw-Contents/illusionshotel
Output Path: /var/www/ScriptEngine/Python-Application/New-Hotel-Id-Collection-Function/id_separation_function/supplier/illusionshotel
Server JSON Count: 395727
Database Hotel Count: 395727
Database New Today Count: 0
ITTID Done: 42240
Pending ITTID: 353487
Saved: /var/www/ScriptEngine/Python-Application/New-Hotel-Id-Collection-Function/id_separation_function/supplier/illusionshotel/server_file_list.txt (395727 records)
Saved: /var/www/ScriptEngine/Python-Application/New-Hotel-Id-Collection-Function/id_separation_function/supplier/illusionshotel/db_hotel_id_list.txt (395727 records)
Saved: /var/www/ScriptEngine/Python-Application/New-Hotel-Id-Collection-Function/id_separation_function/supplier/illusionshotel/server_present_but_db_id_not_present_list.txt (0 records)
Saved: /var/www/ScriptEngine/Python-Application/New-Hotel-Id-Collection-Function/id_separation_function/supplier/illusionshotel/db_present_but_server_json_not_present.txt (0 records)

Done.

Done.
Summary table updated.
History saved: /var/www/ScriptEngine/Python-Application/New-Hotel-Id-Collection-Function/id_separation_function/history/illusionshotel/2026-07-29.json
Finished: illusionshotel
End Time: Wed Jul 29 21:02:46 UTC 2026

===========================================
Running supplier: innstant
Start Time: Wed Jul 29 21:02:46 UTC 2026
===========================================
Loading .env environment variables...
Supplier: innstant
JSON Path: /var/www/Storage-Contents/Hotel-Supplier-Raw-Contents/innstant
Output Path: /var/www/ScriptEngine/Python-Application/New-Hotel-Id-Collection-Function/id_separation_function/supplier/innstant
Server JSON Count: 649448
Database Hotel Count: 649436
Database New Today Count: 0
ITTID Done: 555240
Pending ITTID: 94196
Saved: /var/www/ScriptEngine/Python-Application/New-Hotel-Id-Collection-Function/id_separation_function/supplier/innstant/server_file_list.txt (649448 records)
Saved: /var/www/ScriptEngine/Python-Application/New-Hotel-Id-Collection-Function/id_separation_function/supplier/innstant/db_hotel_id_list.txt (649436 records)
Saved: /var/www/ScriptEngine/Python-Application/New-Hotel-Id-Collection-Function/id_separation_function/supplier/innstant/server_present_but_db_id_not_present_list.txt (12 records)
Saved: /var/www/ScriptEngine/Python-Application/New-Hotel-Id-Collection-Function/id_separation_function/supplier/innstant/db_present_but_server_json_not_present.txt (0 records)

Done.

Done.
Summary table updated.
History saved: /var/www/ScriptEngine/Python-Application/New-Hotel-Id-Collection-Function/id_separation_function/history/innstant/2026-07-29.json
Finished: innstant
End Time: Wed Jul 29 21:03:06 UTC 2026

===========================================
Running supplier: juniperhotel
Start Time: Wed Jul 29 21:03:06 UTC 2026
===========================================
Loading .env environment variables...
Supplier: juniperhotel
JSON Path: /var/www/Storage-Contents/Hotel-Supplier-Raw-Contents/juniperhotel
Output Path: /var/www/ScriptEngine/Python-Application/New-Hotel-Id-Collection-Function/id_separation_function/supplier/juniperhotel
Server JSON Count: 428859
Database Hotel Count: 429113
Database New Today Count: 0
ITTID Done: 427080
Pending ITTID: 2033
Saved: /var/www/ScriptEngine/Python-Application/New-Hotel-Id-Collection-Function/id_separation_function/supplier/juniperhotel/server_file_list.txt (428859 records)
Saved: /var/www/ScriptEngine/Python-Application/New-Hotel-Id-Collection-Function/id_separation_function/supplier/juniperhotel/db_hotel_id_list.txt (429113 records)
Saved: /var/www/ScriptEngine/Python-Application/New-Hotel-Id-Collection-Function/id_separation_function/supplier/juniperhotel/server_present_but_db_id_not_present_list.txt (0 records)
Saved: /var/www/ScriptEngine/Python-Application/New-Hotel-Id-Collection-Function/id_separation_function/supplier/juniperhotel/db_present_but_server_json_not_present.txt (254 records)

Done.

Done.
Summary table updated.
History saved: /var/www/ScriptEngine/Python-Application/New-Hotel-Id-Collection-Function/id_separation_function/history/juniperhotel/2026-07-29.json
Finished: juniperhotel
End Time: Wed Jul 29 21:03:19 UTC 2026

===========================================
Running supplier: kiwihotel
Start Time: Wed Jul 29 21:03:19 UTC 2026
===========================================
Loading .env environment variables...
Supplier: kiwihotel
JSON Path: /var/www/Storage-Contents/Hotel-Supplier-Raw-Contents/kiwihotel
Output Path: /var/www/ScriptEngine/Python-Application/New-Hotel-Id-Collection-Function/id_separation_function/supplier/kiwihotel
Server JSON Count: 1943
Database Hotel Count: 1943
Database New Today Count: 0
ITTID Done: 0
Pending ITTID: 1943
Saved: /var/www/ScriptEngine/Python-Application/New-Hotel-Id-Collection-Function/id_separation_function/supplier/kiwihotel/server_file_list.txt (1943 records)
Saved: /var/www/ScriptEngine/Python-Application/New-Hotel-Id-Collection-Function/id_separation_function/supplier/kiwihotel/db_hotel_id_list.txt (1943 records)
Saved: /var/www/ScriptEngine/Python-Application/New-Hotel-Id-Collection-Function/id_separation_function/supplier/kiwihotel/server_present_but_db_id_not_present_list.txt (0 records)
Saved: /var/www/ScriptEngine/Python-Application/New-Hotel-Id-Collection-Function/id_separation_function/supplier/kiwihotel/db_present_but_server_json_not_present.txt (0 records)

Done.

Done.
Summary table updated.
History saved: /var/www/ScriptEngine/Python-Application/New-Hotel-Id-Collection-Function/id_separation_function/history/kiwihotel/2026-07-29.json
Finished: kiwihotel
End Time: Wed Jul 29 21:03:20 UTC 2026

===========================================
Running supplier: mgholiday
Start Time: Wed Jul 29 21:03:20 UTC 2026
===========================================
Loading .env environment variables...
Supplier: mgholiday
JSON Path: /var/www/Storage-Contents/Hotel-Supplier-Raw-Contents/mgholiday
Output Path: /var/www/ScriptEngine/Python-Application/New-Hotel-Id-Collection-Function/id_separation_function/supplier/mgholiday
Server JSON Count: 237610
Database Hotel Count: 237609
Database New Today Count: 0
ITTID Done: 196323
Pending ITTID: 41286
Saved: /var/www/ScriptEngine/Python-Application/New-Hotel-Id-Collection-Function/id_separation_function/supplier/mgholiday/server_file_list.txt (237610 records)
Saved: /var/www/ScriptEngine/Python-Application/New-Hotel-Id-Collection-Function/id_separation_function/supplier/mgholiday/db_hotel_id_list.txt (237609 records)
Saved: /var/www/ScriptEngine/Python-Application/New-Hotel-Id-Collection-Function/id_separation_function/supplier/mgholiday/server_present_but_db_id_not_present_list.txt (2 records)
Saved: /var/www/ScriptEngine/Python-Application/New-Hotel-Id-Collection-Function/id_separation_function/supplier/mgholiday/db_present_but_server_json_not_present.txt (1 records)

Done.

Done.
Summary table updated.
History saved: /var/www/ScriptEngine/Python-Application/New-Hotel-Id-Collection-Function/id_separation_function/history/mgholiday/2026-07-29.json
Finished: mgholiday
End Time: Wed Jul 29 21:03:26 UTC 2026

===========================================
Running supplier: paximumhotel
Start Time: Wed Jul 29 21:03:26 UTC 2026
===========================================
Loading .env environment variables...
Supplier: paximumhotel
JSON Path: /var/www/Storage-Contents/Hotel-Supplier-Raw-Contents/paximumhotel
Output Path: /var/www/ScriptEngine/Python-Application/New-Hotel-Id-Collection-Function/id_separation_function/supplier/paximumhotel
Server JSON Count: 1385584
Database Hotel Count: 1385589
Database New Today Count: 0
ITTID Done: 109901
Pending ITTID: 1275688
Saved: /var/www/ScriptEngine/Python-Application/New-Hotel-Id-Collection-Function/id_separation_function/supplier/paximumhotel/server_file_list.txt (1385584 records)
Saved: /var/www/ScriptEngine/Python-Application/New-Hotel-Id-Collection-Function/id_separation_function/supplier/paximumhotel/db_hotel_id_list.txt (1385589 records)
Saved: /var/www/ScriptEngine/Python-Application/New-Hotel-Id-Collection-Function/id_separation_function/supplier/paximumhotel/server_present_but_db_id_not_present_list.txt (0 records)
Saved: /var/www/ScriptEngine/Python-Application/New-Hotel-Id-Collection-Function/id_separation_function/supplier/paximumhotel/db_present_but_server_json_not_present.txt (5 records)

Done.

Done.
Summary table updated.
History saved: /var/www/ScriptEngine/Python-Application/New-Hotel-Id-Collection-Function/id_separation_function/history/paximumhotel/2026-07-29.json
Finished: paximumhotel
End Time: Wed Jul 29 21:03:58 UTC 2026

===========================================
Running supplier: rakuten
Start Time: Wed Jul 29 21:03:58 UTC 2026
===========================================
Loading .env environment variables...
Supplier: rakuten
JSON Path: /var/www/Storage-Contents/Hotel-Supplier-Raw-Contents/rakuten
Output Path: /var/www/ScriptEngine/Python-Application/New-Hotel-Id-Collection-Function/id_separation_function/supplier/rakuten
Server JSON Count: 37864
Database Hotel Count: 37587
Database New Today Count: 0
ITTID Done: 14079
Pending ITTID: 23508
Saved: /var/www/ScriptEngine/Python-Application/New-Hotel-Id-Collection-Function/id_separation_function/supplier/rakuten/server_file_list.txt (37864 records)
Saved: /var/www/ScriptEngine/Python-Application/New-Hotel-Id-Collection-Function/id_separation_function/supplier/rakuten/db_hotel_id_list.txt (37587 records)
Saved: /var/www/ScriptEngine/Python-Application/New-Hotel-Id-Collection-Function/id_separation_function/supplier/rakuten/server_present_but_db_id_not_present_list.txt (277 records)
Saved: /var/www/ScriptEngine/Python-Application/New-Hotel-Id-Collection-Function/id_separation_function/supplier/rakuten/db_present_but_server_json_not_present.txt (0 records)

Done.

Done.
Summary table updated.
History saved: /var/www/ScriptEngine/Python-Application/New-Hotel-Id-Collection-Function/id_separation_function/history/rakuten/2026-07-29.json
Finished: rakuten
End Time: Wed Jul 29 21:03:59 UTC 2026

===========================================
Running supplier: ratehawkhotel
Start Time: Wed Jul 29 21:03:59 UTC 2026
===========================================
Loading .env environment variables...
Supplier: ratehawkhotel
JSON Path: /var/www/Storage-Contents/Hotel-Supplier-Raw-Contents/ratehawkhotel
Output Path: /var/www/ScriptEngine/Python-Application/New-Hotel-Id-Collection-Function/id_separation_function/supplier/ratehawkhotel
Server JSON Count: 2771500
Database Hotel Count: 2767561
Database New Today Count: 0
ITTID Done: 1373133
Pending ITTID: 1394428
Saved: /var/www/ScriptEngine/Python-Application/New-Hotel-Id-Collection-Function/id_separation_function/supplier/ratehawkhotel/server_file_list.txt (2771500 records)
Saved: /var/www/ScriptEngine/Python-Application/New-Hotel-Id-Collection-Function/id_separation_function/supplier/ratehawkhotel/db_hotel_id_list.txt (2767561 records)
Saved: /var/www/ScriptEngine/Python-Application/New-Hotel-Id-Collection-Function/id_separation_function/supplier/ratehawkhotel/server_present_but_db_id_not_present_list.txt (4902 records)
Saved: /var/www/ScriptEngine/Python-Application/New-Hotel-Id-Collection-Function/id_separation_function/supplier/ratehawkhotel/db_present_but_server_json_not_present.txt (963 records)

Done.

Done.
Summary table updated.
History saved: /var/www/ScriptEngine/Python-Application/New-Hotel-Id-Collection-Function/id_separation_function/history/ratehawkhotel/2026-07-29.json
Finished: ratehawkhotel
End Time: Wed Jul 29 21:04:46 UTC 2026

===========================================
Running supplier: restel
Start Time: Wed Jul 29 21:04:46 UTC 2026
===========================================
Loading .env environment variables...
Supplier: restel
JSON Path: /var/www/Storage-Contents/Hotel-Supplier-Raw-Contents/restel
Output Path: /var/www/ScriptEngine/Python-Application/New-Hotel-Id-Collection-Function/id_separation_function/supplier/restel
Server JSON Count: 144478
Database Hotel Count: 144471
Database New Today Count: 9
ITTID Done: 87229
Pending ITTID: 57242
Saved: /var/www/ScriptEngine/Python-Application/New-Hotel-Id-Collection-Function/id_separation_function/supplier/restel/server_file_list.txt (144478 records)
Saved: /var/www/ScriptEngine/Python-Application/New-Hotel-Id-Collection-Function/id_separation_function/supplier/restel/db_hotel_id_list.txt (144471 records)
Saved: /var/www/ScriptEngine/Python-Application/New-Hotel-Id-Collection-Function/id_separation_function/supplier/restel/server_present_but_db_id_not_present_list.txt (7 records)
Saved: /var/www/ScriptEngine/Python-Application/New-Hotel-Id-Collection-Function/id_separation_function/supplier/restel/db_present_but_server_json_not_present.txt (0 records)

Done.

Done.
Summary table updated.
History saved: /var/www/ScriptEngine/Python-Application/New-Hotel-Id-Collection-Function/id_separation_function/history/restel/2026-07-29.json
Finished: restel
End Time: Wed Jul 29 21:04:49 UTC 2026

===========================================
Running supplier: rnrhotel
Start Time: Wed Jul 29 21:04:49 UTC 2026
===========================================
Loading .env environment variables...
Supplier: rnrhotel
JSON Path: /var/www/Storage-Contents/Hotel-Supplier-Raw-Contents/rnrhotel
Output Path: /var/www/ScriptEngine/Python-Application/New-Hotel-Id-Collection-Function/id_separation_function/supplier/rnrhotel
Server JSON Count: 112
Database Hotel Count: 112
Database New Today Count: 0
ITTID Done: 106
Pending ITTID: 6
Saved: /var/www/ScriptEngine/Python-Application/New-Hotel-Id-Collection-Function/id_separation_function/supplier/rnrhotel/server_file_list.txt (112 records)
Saved: /var/www/ScriptEngine/Python-Application/New-Hotel-Id-Collection-Function/id_separation_function/supplier/rnrhotel/db_hotel_id_list.txt (112 records)
Saved: /var/www/ScriptEngine/Python-Application/New-Hotel-Id-Collection-Function/id_separation_function/supplier/rnrhotel/server_present_but_db_id_not_present_list.txt (0 records)
Saved: /var/www/ScriptEngine/Python-Application/New-Hotel-Id-Collection-Function/id_separation_function/supplier/rnrhotel/db_present_but_server_json_not_present.txt (0 records)

Done.

Done.
Summary table updated.
History saved: /var/www/ScriptEngine/Python-Application/New-Hotel-Id-Collection-Function/id_separation_function/history/rnrhotel/2026-07-29.json
Finished: rnrhotel
End Time: Wed Jul 29 21:04:49 UTC 2026

===========================================
Running supplier: roomerang
Start Time: Wed Jul 29 21:04:49 UTC 2026
===========================================
Loading .env environment variables...
Supplier: roomerang
JSON Path: /var/www/Storage-Contents/Hotel-Supplier-Raw-Contents/roomerang
Output Path: /var/www/ScriptEngine/Python-Application/New-Hotel-Id-Collection-Function/id_separation_function/supplier/roomerang
Server JSON Count: 708546
Database Hotel Count: 708527
Database New Today Count: 0
ITTID Done: 181282
Pending ITTID: 527245
Saved: /var/www/ScriptEngine/Python-Application/New-Hotel-Id-Collection-Function/id_separation_function/supplier/roomerang/server_file_list.txt (708546 records)
Saved: /var/www/ScriptEngine/Python-Application/New-Hotel-Id-Collection-Function/id_separation_function/supplier/roomerang/db_hotel_id_list.txt (708527 records)
Saved: /var/www/ScriptEngine/Python-Application/New-Hotel-Id-Collection-Function/id_separation_function/supplier/roomerang/server_present_but_db_id_not_present_list.txt (19 records)
Saved: /var/www/ScriptEngine/Python-Application/New-Hotel-Id-Collection-Function/id_separation_function/supplier/roomerang/db_present_but_server_json_not_present.txt (0 records)

Done.

Done.
Summary table updated.
History saved: /var/www/ScriptEngine/Python-Application/New-Hotel-Id-Collection-Function/id_separation_function/history/roomerang/2026-07-29.json
Finished: roomerang
End Time: Wed Jul 29 21:04:58 UTC 2026

===========================================
Running supplier: stuba
Start Time: Wed Jul 29 21:04:58 UTC 2026
===========================================
Loading .env environment variables...
Supplier: stuba
JSON Path: /var/www/Storage-Contents/Hotel-Supplier-Raw-Contents/stuba
Output Path: /var/www/ScriptEngine/Python-Application/New-Hotel-Id-Collection-Function/id_separation_function/supplier/stuba
Server JSON Count: 128611
Database Hotel Count: 128611
Database New Today Count: 0
ITTID Done: 115926
Pending ITTID: 12685
Saved: /var/www/ScriptEngine/Python-Application/New-Hotel-Id-Collection-Function/id_separation_function/supplier/stuba/server_file_list.txt (128611 records)
Saved: /var/www/ScriptEngine/Python-Application/New-Hotel-Id-Collection-Function/id_separation_function/supplier/stuba/db_hotel_id_list.txt (128611 records)
Saved: /var/www/ScriptEngine/Python-Application/New-Hotel-Id-Collection-Function/id_separation_function/supplier/stuba/server_present_but_db_id_not_present_list.txt (0 records)
Saved: /var/www/ScriptEngine/Python-Application/New-Hotel-Id-Collection-Function/id_separation_function/supplier/stuba/db_present_but_server_json_not_present.txt (0 records)

Done.

Done.
Summary table updated.
History saved: /var/www/ScriptEngine/Python-Application/New-Hotel-Id-Collection-Function/id_separation_function/history/stuba/2026-07-29.json
Finished: stuba
End Time: Wed Jul 29 21:05:00 UTC 2026

===========================================
Running supplier: tbohotel
Start Time: Wed Jul 29 21:05:00 UTC 2026
===========================================
Loading .env environment variables...
Supplier: tbohotel
JSON Path: /var/www/Storage-Contents/Hotel-Supplier-Raw-Contents/tbohotel
Output Path: /var/www/ScriptEngine/Python-Application/New-Hotel-Id-Collection-Function/id_separation_function/supplier/tbohotel
Server JSON Count: 1048323
Database Hotel Count: 1048321
Database New Today Count: 0
ITTID Done: 1036167
Pending ITTID: 12154
Saved: /var/www/ScriptEngine/Python-Application/New-Hotel-Id-Collection-Function/id_separation_function/supplier/tbohotel/server_file_list.txt (1048323 records)
Saved: /var/www/ScriptEngine/Python-Application/New-Hotel-Id-Collection-Function/id_separation_function/supplier/tbohotel/db_hotel_id_list.txt (1048321 records)
Saved: /var/www/ScriptEngine/Python-Application/New-Hotel-Id-Collection-Function/id_separation_function/supplier/tbohotel/server_present_but_db_id_not_present_list.txt (2 records)
Saved: /var/www/ScriptEngine/Python-Application/New-Hotel-Id-Collection-Function/id_separation_function/supplier/tbohotel/db_present_but_server_json_not_present.txt (0 records)

Done.

Done.
Summary table updated.
History saved: /var/www/ScriptEngine/Python-Application/New-Hotel-Id-Collection-Function/id_separation_function/history/tbohotel/2026-07-29.json
Finished: tbohotel
End Time: Wed Jul 29 21:05:17 UTC 2026

===========================================
Running supplier: travelrobothotel
Start Time: Wed Jul 29 21:05:17 UTC 2026
===========================================
Loading .env environment variables...
Supplier: travelrobothotel
JSON Path: /var/www/Storage-Contents/Hotel-Supplier-Raw-Contents/travelrobothotel
Output Path: /var/www/ScriptEngine/Python-Application/New-Hotel-Id-Collection-Function/id_separation_function/supplier/travelrobothotel
Server JSON Count: 1461694
Database Hotel Count: 1461693
Database New Today Count: 0
ITTID Done: 0
Pending ITTID: 1461693
Saved: /var/www/ScriptEngine/Python-Application/New-Hotel-Id-Collection-Function/id_separation_function/supplier/travelrobothotel/server_file_list.txt (1461694 records)
Saved: /var/www/ScriptEngine/Python-Application/New-Hotel-Id-Collection-Function/id_separation_function/supplier/travelrobothotel/db_hotel_id_list.txt (1461693 records)
Saved: /var/www/ScriptEngine/Python-Application/New-Hotel-Id-Collection-Function/id_separation_function/supplier/travelrobothotel/server_present_but_db_id_not_present_list.txt (1 records)
Saved: /var/www/ScriptEngine/Python-Application/New-Hotel-Id-Collection-Function/id_separation_function/supplier/travelrobothotel/db_present_but_server_json_not_present.txt (0 records)

Done.

Done.
Summary table updated.
History saved: /var/www/ScriptEngine/Python-Application/New-Hotel-Id-Collection-Function/id_separation_function/history/travelrobothotel/2026-07-29.json
Finished: travelrobothotel
End Time: Wed Jul 29 21:05:38 UTC 2026

===========================================
All suppliers completed.
Finished at: Wed Jul 29 21:05:38 UTC 2026
===========================================
===========================================
Started at: Thu Jul 30 21:00:01 UTC 2026
===========================================

===========================================
Running supplier: agoda
Start Time: Thu Jul 30 21:00:01 UTC 2026
===========================================
Loading .env environment variables...
Supplier: agoda
JSON Path: /var/www/Storage-Contents/Hotel-Supplier-Raw-Contents/agoda
Output Path: /var/www/ScriptEngine/Python-Application/New-Hotel-Id-Collection-Function/id_separation_function/supplier/agoda
Server JSON Count: 1049998
Database Hotel Count: 1049998
Database New Today Count: 4303
ITTID Done: 1044112
Pending ITTID: 5886
Saved: /var/www/ScriptEngine/Python-Application/New-Hotel-Id-Collection-Function/id_separation_function/supplier/agoda/server_file_list.txt (1049998 records)
Saved: /var/www/ScriptEngine/Python-Application/New-Hotel-Id-Collection-Function/id_separation_function/supplier/agoda/db_hotel_id_list.txt (1049998 records)
Saved: /var/www/ScriptEngine/Python-Application/New-Hotel-Id-Collection-Function/id_separation_function/supplier/agoda/server_present_but_db_id_not_present_list.txt (0 records)
Saved: /var/www/ScriptEngine/Python-Application/New-Hotel-Id-Collection-Function/id_separation_function/supplier/agoda/db_present_but_server_json_not_present.txt (0 records)

Done.

Done.
Summary table updated.
History saved: /var/www/ScriptEngine/Python-Application/New-Hotel-Id-Collection-Function/id_separation_function/history/agoda/2026-07-30.json
Finished: agoda
End Time: Thu Jul 30 21:00:30 UTC 2026

===========================================
Running supplier: amadeushotel
Start Time: Thu Jul 30 21:00:30 UTC 2026
===========================================
Loading .env environment variables...
Supplier: amadeushotel
JSON Path: /var/www/Storage-Contents/Hotel-Supplier-Raw-Contents/amadeushotel
Output Path: /var/www/ScriptEngine/Python-Application/New-Hotel-Id-Collection-Function/id_separation_function/supplier/amadeushotel
Server JSON Count: 94196
Database Hotel Count: 94196
Database New Today Count: 0
ITTID Done: 0
Pending ITTID: 94196
Saved: /var/www/ScriptEngine/Python-Application/New-Hotel-Id-Collection-Function/id_separation_function/supplier/amadeushotel/server_file_list.txt (94196 records)
Saved: /var/www/ScriptEngine/Python-Application/New-Hotel-Id-Collection-Function/id_separation_function/supplier/amadeushotel/db_hotel_id_list.txt (94196 records)
Saved: /var/www/ScriptEngine/Python-Application/New-Hotel-Id-Collection-Function/id_separation_function/supplier/amadeushotel/server_present_but_db_id_not_present_list.txt (0 records)
Saved: /var/www/ScriptEngine/Python-Application/New-Hotel-Id-Collection-Function/id_separation_function/supplier/amadeushotel/db_present_but_server_json_not_present.txt (0 records)

Done.

Done.
Summary table updated.
History saved: /var/www/ScriptEngine/Python-Application/New-Hotel-Id-Collection-Function/id_separation_function/history/amadeushotel/2026-07-30.json
Finished: amadeushotel
End Time: Thu Jul 30 21:00:32 UTC 2026

===========================================
Running supplier: didahotel
Start Time: Thu Jul 30 21:00:32 UTC 2026
===========================================
Loading .env environment variables...
Supplier: didahotel
JSON Path: /var/www/Storage-Contents/Hotel-Supplier-Raw-Contents/didahotel
Output Path: /var/www/ScriptEngine/Python-Application/New-Hotel-Id-Collection-Function/id_separation_function/supplier/didahotel
Server JSON Count: 209784
Database Hotel Count: 209784
Database New Today Count: 0
ITTID Done: 180325
Pending ITTID: 29459
Saved: /var/www/ScriptEngine/Python-Application/New-Hotel-Id-Collection-Function/id_separation_function/supplier/didahotel/server_file_list.txt (209784 records)
Saved: /var/www/ScriptEngine/Python-Application/New-Hotel-Id-Collection-Function/id_separation_function/supplier/didahotel/db_hotel_id_list.txt (209784 records)
Saved: /var/www/ScriptEngine/Python-Application/New-Hotel-Id-Collection-Function/id_separation_function/supplier/didahotel/server_present_but_db_id_not_present_list.txt (0 records)
Saved: /var/www/ScriptEngine/Python-Application/New-Hotel-Id-Collection-Function/id_separation_function/supplier/didahotel/db_present_but_server_json_not_present.txt (0 records)

Done.

Done.
Summary table updated.
History saved: /var/www/ScriptEngine/Python-Application/New-Hotel-Id-Collection-Function/id_separation_function/history/didahotel/2026-07-30.json
Finished: didahotel
End Time: Thu Jul 30 21:00:35 UTC 2026

===========================================
Running supplier: dotw
Start Time: Thu Jul 30 21:00:35 UTC 2026
===========================================
Loading .env environment variables...
Supplier: dotw
JSON Path: /var/www/Storage-Contents/Hotel-Supplier-Raw-Contents/dotw
Output Path: /var/www/ScriptEngine/Python-Application/New-Hotel-Id-Collection-Function/id_separation_function/supplier/dotw
Server JSON Count: 227144
Database Hotel Count: 227143
Database New Today Count: 0
ITTID Done: 215632
Pending ITTID: 11511
Saved: /var/www/ScriptEngine/Python-Application/New-Hotel-Id-Collection-Function/id_separation_function/supplier/dotw/server_file_list.txt (227144 records)
Saved: /var/www/ScriptEngine/Python-Application/New-Hotel-Id-Collection-Function/id_separation_function/supplier/dotw/db_hotel_id_list.txt (227143 records)
Saved: /var/www/ScriptEngine/Python-Application/New-Hotel-Id-Collection-Function/id_separation_function/supplier/dotw/server_present_but_db_id_not_present_list.txt (1 records)
Saved: /var/www/ScriptEngine/Python-Application/New-Hotel-Id-Collection-Function/id_separation_function/supplier/dotw/db_present_but_server_json_not_present.txt (0 records)

Done.

Done.
Summary table updated.
History saved: /var/www/ScriptEngine/Python-Application/New-Hotel-Id-Collection-Function/id_separation_function/history/dotw/2026-07-30.json
Finished: dotw
End Time: Thu Jul 30 21:00:39 UTC 2026

===========================================
Running supplier: ean
Start Time: Thu Jul 30 21:00:39 UTC 2026
===========================================
Loading .env environment variables...
Supplier: ean
JSON Path: /var/www/Storage-Contents/Hotel-Supplier-Raw-Contents/ean
Output Path: /var/www/ScriptEngine/Python-Application/New-Hotel-Id-Collection-Function/id_separation_function/supplier/ean
Server JSON Count: 618662
Database Hotel Count: 618662
Database New Today Count: 158
ITTID Done: 508942
Pending ITTID: 109720
Saved: /var/www/ScriptEngine/Python-Application/New-Hotel-Id-Collection-Function/id_separation_function/supplier/ean/server_file_list.txt (618662 records)
Saved: /var/www/ScriptEngine/Python-Application/New-Hotel-Id-Collection-Function/id_separation_function/supplier/ean/db_hotel_id_list.txt (618662 records)
Saved: /var/www/ScriptEngine/Python-Application/New-Hotel-Id-Collection-Function/id_separation_function/supplier/ean/server_present_but_db_id_not_present_list.txt (0 records)
Saved: /var/www/ScriptEngine/Python-Application/New-Hotel-Id-Collection-Function/id_separation_function/supplier/ean/db_present_but_server_json_not_present.txt (0 records)

Done.

Done.
Summary table updated.
History saved: /var/www/ScriptEngine/Python-Application/New-Hotel-Id-Collection-Function/id_separation_function/history/ean/2026-07-30.json
Finished: ean
End Time: Thu Jul 30 21:00:50 UTC 2026

===========================================
Running supplier: ebookinghotel
Start Time: Thu Jul 30 21:00:50 UTC 2026
===========================================
Loading .env environment variables...
Supplier: ebookinghotel
JSON Path: /var/www/Storage-Contents/Hotel-Supplier-Raw-Contents/ebookinghotel
Output Path: /var/www/ScriptEngine/Python-Application/New-Hotel-Id-Collection-Function/id_separation_function/supplier/ebookinghotel
Server JSON Count: 878990
Database Hotel Count: 878990
Database New Today Count: 0
ITTID Done: 0
Pending ITTID: 878990
Saved: /var/www/ScriptEngine/Python-Application/New-Hotel-Id-Collection-Function/id_separation_function/supplier/ebookinghotel/server_file_list.txt (878990 records)
Saved: /var/www/ScriptEngine/Python-Application/New-Hotel-Id-Collection-Function/id_separation_function/supplier/ebookinghotel/db_hotel_id_list.txt (878990 records)
Saved: /var/www/ScriptEngine/Python-Application/New-Hotel-Id-Collection-Function/id_separation_function/supplier/ebookinghotel/server_present_but_db_id_not_present_list.txt (0 records)
Saved: /var/www/ScriptEngine/Python-Application/New-Hotel-Id-Collection-Function/id_separation_function/supplier/ebookinghotel/db_present_but_server_json_not_present.txt (0 records)

Done.

Done.
Summary table updated.
History saved: /var/www/ScriptEngine/Python-Application/New-Hotel-Id-Collection-Function/id_separation_function/history/ebookinghotel/2026-07-30.json
Finished: ebookinghotel
End Time: Thu Jul 30 21:01:05 UTC 2026

===========================================
Running supplier: goglobal
Start Time: Thu Jul 30 21:01:05 UTC 2026
===========================================
Loading .env environment variables...
Supplier: goglobal
JSON Path: /var/www/Storage-Contents/Hotel-Supplier-Raw-Contents/goglobal
Output Path: /var/www/ScriptEngine/Python-Application/New-Hotel-Id-Collection-Function/id_separation_function/supplier/goglobal
Server JSON Count: 221411
Database Hotel Count: 221393
Database New Today Count: 0
ITTID Done: 215415
Pending ITTID: 5978
Saved: /var/www/ScriptEngine/Python-Application/New-Hotel-Id-Collection-Function/id_separation_function/supplier/goglobal/server_file_list.txt (221411 records)
Saved: /var/www/ScriptEngine/Python-Application/New-Hotel-Id-Collection-Function/id_separation_function/supplier/goglobal/db_hotel_id_list.txt (221393 records)
Saved: /var/www/ScriptEngine/Python-Application/New-Hotel-Id-Collection-Function/id_separation_function/supplier/goglobal/server_present_but_db_id_not_present_list.txt (18 records)
Saved: /var/www/ScriptEngine/Python-Application/New-Hotel-Id-Collection-Function/id_separation_function/supplier/goglobal/db_present_but_server_json_not_present.txt (0 records)

Done.

Done.
Summary table updated.
History saved: /var/www/ScriptEngine/Python-Application/New-Hotel-Id-Collection-Function/id_separation_function/history/goglobal/2026-07-30.json
Finished: goglobal
End Time: Thu Jul 30 21:01:10 UTC 2026

===========================================
Running supplier: grnconnect
Start Time: Thu Jul 30 21:01:10 UTC 2026
===========================================
Loading .env environment variables...
Supplier: grnconnect
JSON Path: /var/www/Storage-Contents/Hotel-Supplier-Raw-Contents/grnconnect
Output Path: /var/www/ScriptEngine/Python-Application/New-Hotel-Id-Collection-Function/id_separation_function/supplier/grnconnect
Server JSON Count: 214625
Database Hotel Count: 214625
Database New Today Count: 0
ITTID Done: 185747
Pending ITTID: 28878
Saved: /var/www/ScriptEngine/Python-Application/New-Hotel-Id-Collection-Function/id_separation_function/supplier/grnconnect/server_file_list.txt (214625 records)
Saved: /var/www/ScriptEngine/Python-Application/New-Hotel-Id-Collection-Function/id_separation_function/supplier/grnconnect/db_hotel_id_list.txt (214625 records)
Saved: /var/www/ScriptEngine/Python-Application/New-Hotel-Id-Collection-Function/id_separation_function/supplier/grnconnect/server_present_but_db_id_not_present_list.txt (0 records)
Saved: /var/www/ScriptEngine/Python-Application/New-Hotel-Id-Collection-Function/id_separation_function/supplier/grnconnect/db_present_but_server_json_not_present.txt (0 records)

Done.

Done.
Summary table updated.
History saved: /var/www/ScriptEngine/Python-Application/New-Hotel-Id-Collection-Function/id_separation_function/history/grnconnect/2026-07-30.json
Finished: grnconnect
End Time: Thu Jul 30 21:01:14 UTC 2026

===========================================
Running supplier: hotelbeds
Start Time: Thu Jul 30 21:01:14 UTC 2026
===========================================
Loading .env environment variables...
Supplier: hotelbeds
JSON Path: /var/www/Storage-Contents/Hotel-Supplier-Raw-Contents/hotelbeds
Output Path: /var/www/ScriptEngine/Python-Application/New-Hotel-Id-Collection-Function/id_separation_function/supplier/hotelbeds
Server JSON Count: 474668
Database Hotel Count: 474668
Database New Today Count: 8
ITTID Done: 474581
Pending ITTID: 87
Saved: /var/www/ScriptEngine/Python-Application/New-Hotel-Id-Collection-Function/id_separation_function/supplier/hotelbeds/server_file_list.txt (474668 records)
Saved: /var/www/ScriptEngine/Python-Application/New-Hotel-Id-Collection-Function/id_separation_function/supplier/hotelbeds/db_hotel_id_list.txt (474668 records)
Saved: /var/www/ScriptEngine/Python-Application/New-Hotel-Id-Collection-Function/id_separation_function/supplier/hotelbeds/server_present_but_db_id_not_present_list.txt (0 records)
Saved: /var/www/ScriptEngine/Python-Application/New-Hotel-Id-Collection-Function/id_separation_function/supplier/hotelbeds/db_present_but_server_json_not_present.txt (0 records)

Done.

Done.
Summary table updated.
History saved: /var/www/ScriptEngine/Python-Application/New-Hotel-Id-Collection-Function/id_separation_function/history/hotelbeds/2026-07-30.json
Finished: hotelbeds
End Time: Thu Jul 30 21:01:32 UTC 2026

===========================================
Running supplier: hotelston
Start Time: Thu Jul 30 21:01:32 UTC 2026
===========================================
Loading .env environment variables...
Supplier: hotelston
JSON Path: /var/www/Storage-Contents/Hotel-Supplier-Raw-Contents/hotelston
Output Path: /var/www/ScriptEngine/Python-Application/New-Hotel-Id-Collection-Function/id_separation_function/supplier/hotelston
Server JSON Count: 3693299
Database Hotel Count: 3693299
Database New Today Count: 0
ITTID Done: 603685
Pending ITTID: 3089614
Saved: /var/www/ScriptEngine/Python-Application/New-Hotel-Id-Collection-Function/id_separation_function/supplier/hotelston/server_file_list.txt (3693299 records)
Saved: /var/www/ScriptEngine/Python-Application/New-Hotel-Id-Collection-Function/id_separation_function/supplier/hotelston/db_hotel_id_list.txt (3693299 records)
Saved: /var/www/ScriptEngine/Python-Application/New-Hotel-Id-Collection-Function/id_separation_function/supplier/hotelston/server_present_but_db_id_not_present_list.txt (0 records)
Saved: /var/www/ScriptEngine/Python-Application/New-Hotel-Id-Collection-Function/id_separation_function/supplier/hotelston/db_present_but_server_json_not_present.txt (0 records)

Done.

Done.
Summary table updated.
History saved: /var/www/ScriptEngine/Python-Application/New-Hotel-Id-Collection-Function/id_separation_function/history/hotelston/2026-07-30.json
Finished: hotelston
End Time: Thu Jul 30 21:03:46 UTC 2026

===========================================
Running supplier: hyperguestdirect
Start Time: Thu Jul 30 21:03:46 UTC 2026
===========================================
Loading .env environment variables...
Supplier: hyperguestdirect
JSON Path: /var/www/Storage-Contents/Hotel-Supplier-Raw-Contents/hyperguestdirect
Output Path: /var/www/ScriptEngine/Python-Application/New-Hotel-Id-Collection-Function/id_separation_function/supplier/hyperguestdirect
Server JSON Count: 66804
Database Hotel Count: 66804
Database New Today Count: 50
ITTID Done: 49276
Pending ITTID: 17528
Saved: /var/www/ScriptEngine/Python-Application/New-Hotel-Id-Collection-Function/id_separation_function/supplier/hyperguestdirect/server_file_list.txt (66804 records)
Saved: /var/www/ScriptEngine/Python-Application/New-Hotel-Id-Collection-Function/id_separation_function/supplier/hyperguestdirect/db_hotel_id_list.txt (66804 records)
Saved: /var/www/ScriptEngine/Python-Application/New-Hotel-Id-Collection-Function/id_separation_function/supplier/hyperguestdirect/server_present_but_db_id_not_present_list.txt (0 records)
Saved: /var/www/ScriptEngine/Python-Application/New-Hotel-Id-Collection-Function/id_separation_function/supplier/hyperguestdirect/db_present_but_server_json_not_present.txt (0 records)

Done.

Done.
Summary table updated.
History saved: /var/www/ScriptEngine/Python-Application/New-Hotel-Id-Collection-Function/id_separation_function/history/hyperguestdirect/2026-07-30.json
Finished: hyperguestdirect
End Time: Thu Jul 30 21:03:48 UTC 2026

===========================================
Running supplier: illusionshotel
Start Time: Thu Jul 30 21:03:48 UTC 2026
===========================================
Loading .env environment variables...
Supplier: illusionshotel
JSON Path: /var/www/Storage-Contents/Hotel-Supplier-Raw-Contents/illusionshotel
Output Path: /var/www/ScriptEngine/Python-Application/New-Hotel-Id-Collection-Function/id_separation_function/supplier/illusionshotel
Server JSON Count: 395727
Database Hotel Count: 395727
Database New Today Count: 0
ITTID Done: 42240
Pending ITTID: 353487
Saved: /var/www/ScriptEngine/Python-Application/New-Hotel-Id-Collection-Function/id_separation_function/supplier/illusionshotel/server_file_list.txt (395727 records)
Saved: /var/www/ScriptEngine/Python-Application/New-Hotel-Id-Collection-Function/id_separation_function/supplier/illusionshotel/db_hotel_id_list.txt (395727 records)
Saved: /var/www/ScriptEngine/Python-Application/New-Hotel-Id-Collection-Function/id_separation_function/supplier/illusionshotel/server_present_but_db_id_not_present_list.txt (0 records)
Saved: /var/www/ScriptEngine/Python-Application/New-Hotel-Id-Collection-Function/id_separation_function/supplier/illusionshotel/db_present_but_server_json_not_present.txt (0 records)

Done.

Done.
Summary table updated.
History saved: /var/www/ScriptEngine/Python-Application/New-Hotel-Id-Collection-Function/id_separation_function/history/illusionshotel/2026-07-30.json
Finished: illusionshotel
End Time: Thu Jul 30 21:03:55 UTC 2026

===========================================
Running supplier: innstant
Start Time: Thu Jul 30 21:03:55 UTC 2026
===========================================
Loading .env environment variables...
Supplier: innstant
JSON Path: /var/www/Storage-Contents/Hotel-Supplier-Raw-Contents/innstant
Output Path: /var/www/ScriptEngine/Python-Application/New-Hotel-Id-Collection-Function/id_separation_function/supplier/innstant
Server JSON Count: 649448
Database Hotel Count: 649436
Database New Today Count: 0
ITTID Done: 555240
Pending ITTID: 94196
Saved: /var/www/ScriptEngine/Python-Application/New-Hotel-Id-Collection-Function/id_separation_function/supplier/innstant/server_file_list.txt (649448 records)
Saved: /var/www/ScriptEngine/Python-Application/New-Hotel-Id-Collection-Function/id_separation_function/supplier/innstant/db_hotel_id_list.txt (649436 records)
Saved: /var/www/ScriptEngine/Python-Application/New-Hotel-Id-Collection-Function/id_separation_function/supplier/innstant/server_present_but_db_id_not_present_list.txt (12 records)
Saved: /var/www/ScriptEngine/Python-Application/New-Hotel-Id-Collection-Function/id_separation_function/supplier/innstant/db_present_but_server_json_not_present.txt (0 records)

Done.

Done.
Summary table updated.
History saved: /var/www/ScriptEngine/Python-Application/New-Hotel-Id-Collection-Function/id_separation_function/history/innstant/2026-07-30.json
Finished: innstant
End Time: Thu Jul 30 21:04:15 UTC 2026

===========================================
Running supplier: juniperhotel
Start Time: Thu Jul 30 21:04:15 UTC 2026
===========================================
Loading .env environment variables...
Supplier: juniperhotel
JSON Path: /var/www/Storage-Contents/Hotel-Supplier-Raw-Contents/juniperhotel
Output Path: /var/www/ScriptEngine/Python-Application/New-Hotel-Id-Collection-Function/id_separation_function/supplier/juniperhotel
Server JSON Count: 428859
Database Hotel Count: 429113
Database New Today Count: 0
ITTID Done: 427080
Pending ITTID: 2033
Saved: /var/www/ScriptEngine/Python-Application/New-Hotel-Id-Collection-Function/id_separation_function/supplier/juniperhotel/server_file_list.txt (428859 records)
Saved: /var/www/ScriptEngine/Python-Application/New-Hotel-Id-Collection-Function/id_separation_function/supplier/juniperhotel/db_hotel_id_list.txt (429113 records)
Saved: /var/www/ScriptEngine/Python-Application/New-Hotel-Id-Collection-Function/id_separation_function/supplier/juniperhotel/server_present_but_db_id_not_present_list.txt (0 records)
Saved: /var/www/ScriptEngine/Python-Application/New-Hotel-Id-Collection-Function/id_separation_function/supplier/juniperhotel/db_present_but_server_json_not_present.txt (254 records)

Done.

Done.
Summary table updated.
History saved: /var/www/ScriptEngine/Python-Application/New-Hotel-Id-Collection-Function/id_separation_function/history/juniperhotel/2026-07-30.json
Finished: juniperhotel
End Time: Thu Jul 30 21:04:28 UTC 2026

===========================================
Running supplier: kiwihotel
Start Time: Thu Jul 30 21:04:28 UTC 2026
===========================================
Loading .env environment variables...
Supplier: kiwihotel
JSON Path: /var/www/Storage-Contents/Hotel-Supplier-Raw-Contents/kiwihotel
Output Path: /var/www/ScriptEngine/Python-Application/New-Hotel-Id-Collection-Function/id_separation_function/supplier/kiwihotel
Server JSON Count: 1943
Database Hotel Count: 1943
Database New Today Count: 0
ITTID Done: 0
Pending ITTID: 1943
Saved: /var/www/ScriptEngine/Python-Application/New-Hotel-Id-Collection-Function/id_separation_function/supplier/kiwihotel/server_file_list.txt (1943 records)
Saved: /var/www/ScriptEngine/Python-Application/New-Hotel-Id-Collection-Function/id_separation_function/supplier/kiwihotel/db_hotel_id_list.txt (1943 records)
Saved: /var/www/ScriptEngine/Python-Application/New-Hotel-Id-Collection-Function/id_separation_function/supplier/kiwihotel/server_present_but_db_id_not_present_list.txt (0 records)
Saved: /var/www/ScriptEngine/Python-Application/New-Hotel-Id-Collection-Function/id_separation_function/supplier/kiwihotel/db_present_but_server_json_not_present.txt (0 records)

Done.

Done.
Summary table updated.
History saved: /var/www/ScriptEngine/Python-Application/New-Hotel-Id-Collection-Function/id_separation_function/history/kiwihotel/2026-07-30.json
Finished: kiwihotel
End Time: Thu Jul 30 21:04:29 UTC 2026

===========================================
Running supplier: mgholiday
Start Time: Thu Jul 30 21:04:29 UTC 2026
===========================================
Loading .env environment variables...
Supplier: mgholiday
JSON Path: /var/www/Storage-Contents/Hotel-Supplier-Raw-Contents/mgholiday
Output Path: /var/www/ScriptEngine/Python-Application/New-Hotel-Id-Collection-Function/id_separation_function/supplier/mgholiday
Server JSON Count: 237610
Database Hotel Count: 237609
Database New Today Count: 0
ITTID Done: 196323
Pending ITTID: 41286
Saved: /var/www/ScriptEngine/Python-Application/New-Hotel-Id-Collection-Function/id_separation_function/supplier/mgholiday/server_file_list.txt (237610 records)
Saved: /var/www/ScriptEngine/Python-Application/New-Hotel-Id-Collection-Function/id_separation_function/supplier/mgholiday/db_hotel_id_list.txt (237609 records)
Saved: /var/www/ScriptEngine/Python-Application/New-Hotel-Id-Collection-Function/id_separation_function/supplier/mgholiday/server_present_but_db_id_not_present_list.txt (2 records)
Saved: /var/www/ScriptEngine/Python-Application/New-Hotel-Id-Collection-Function/id_separation_function/supplier/mgholiday/db_present_but_server_json_not_present.txt (1 records)

Done.

Done.
Summary table updated.
History saved: /var/www/ScriptEngine/Python-Application/New-Hotel-Id-Collection-Function/id_separation_function/history/mgholiday/2026-07-30.json
Finished: mgholiday
End Time: Thu Jul 30 21:04:35 UTC 2026

===========================================
Running supplier: paximumhotel
Start Time: Thu Jul 30 21:04:35 UTC 2026
===========================================
Loading .env environment variables...
Supplier: paximumhotel
JSON Path: /var/www/Storage-Contents/Hotel-Supplier-Raw-Contents/paximumhotel
Output Path: /var/www/ScriptEngine/Python-Application/New-Hotel-Id-Collection-Function/id_separation_function/supplier/paximumhotel
Server JSON Count: 1385584
Database Hotel Count: 1385589
Database New Today Count: 0
ITTID Done: 109901
Pending ITTID: 1275688
Saved: /var/www/ScriptEngine/Python-Application/New-Hotel-Id-Collection-Function/id_separation_function/supplier/paximumhotel/server_file_list.txt (1385584 records)
Saved: /var/www/ScriptEngine/Python-Application/New-Hotel-Id-Collection-Function/id_separation_function/supplier/paximumhotel/db_hotel_id_list.txt (1385589 records)
Saved: /var/www/ScriptEngine/Python-Application/New-Hotel-Id-Collection-Function/id_separation_function/supplier/paximumhotel/server_present_but_db_id_not_present_list.txt (0 records)
Saved: /var/www/ScriptEngine/Python-Application/New-Hotel-Id-Collection-Function/id_separation_function/supplier/paximumhotel/db_present_but_server_json_not_present.txt (5 records)

Done.

Done.
Summary table updated.
History saved: /var/www/ScriptEngine/Python-Application/New-Hotel-Id-Collection-Function/id_separation_function/history/paximumhotel/2026-07-30.json
Finished: paximumhotel
End Time: Thu Jul 30 21:05:01 UTC 2026

===========================================
Running supplier: rakuten
Start Time: Thu Jul 30 21:05:01 UTC 2026
===========================================
Loading .env environment variables...
Supplier: rakuten
JSON Path: /var/www/Storage-Contents/Hotel-Supplier-Raw-Contents/rakuten
Output Path: /var/www/ScriptEngine/Python-Application/New-Hotel-Id-Collection-Function/id_separation_function/supplier/rakuten
Server JSON Count: 37864
Database Hotel Count: 37587
Database New Today Count: 0
ITTID Done: 14079
Pending ITTID: 23508
Saved: /var/www/ScriptEngine/Python-Application/New-Hotel-Id-Collection-Function/id_separation_function/supplier/rakuten/server_file_list.txt (37864 records)
Saved: /var/www/ScriptEngine/Python-Application/New-Hotel-Id-Collection-Function/id_separation_function/supplier/rakuten/db_hotel_id_list.txt (37587 records)
Saved: /var/www/ScriptEngine/Python-Application/New-Hotel-Id-Collection-Function/id_separation_function/supplier/rakuten/server_present_but_db_id_not_present_list.txt (277 records)
Saved: /var/www/ScriptEngine/Python-Application/New-Hotel-Id-Collection-Function/id_separation_function/supplier/rakuten/db_present_but_server_json_not_present.txt (0 records)

Done.

Done.
Summary table updated.
History saved: /var/www/ScriptEngine/Python-Application/New-Hotel-Id-Collection-Function/id_separation_function/history/rakuten/2026-07-30.json
Finished: rakuten
End Time: Thu Jul 30 21:05:03 UTC 2026

===========================================
Running supplier: ratehawkhotel
Start Time: Thu Jul 30 21:05:03 UTC 2026
===========================================
Loading .env environment variables...
Supplier: ratehawkhotel
JSON Path: /var/www/Storage-Contents/Hotel-Supplier-Raw-Contents/ratehawkhotel
Output Path: /var/www/ScriptEngine/Python-Application/New-Hotel-Id-Collection-Function/id_separation_function/supplier/ratehawkhotel
Server JSON Count: 2771500
Database Hotel Count: 2767561
Database New Today Count: 0
ITTID Done: 1373932
Pending ITTID: 1393629
Saved: /var/www/ScriptEngine/Python-Application/New-Hotel-Id-Collection-Function/id_separation_function/supplier/ratehawkhotel/server_file_list.txt (2771500 records)
Saved: /var/www/ScriptEngine/Python-Application/New-Hotel-Id-Collection-Function/id_separation_function/supplier/ratehawkhotel/db_hotel_id_list.txt (2767561 records)
Saved: /var/www/ScriptEngine/Python-Application/New-Hotel-Id-Collection-Function/id_separation_function/supplier/ratehawkhotel/server_present_but_db_id_not_present_list.txt (4902 records)
Saved: /var/www/ScriptEngine/Python-Application/New-Hotel-Id-Collection-Function/id_separation_function/supplier/ratehawkhotel/db_present_but_server_json_not_present.txt (963 records)

Done.

Done.
Summary table updated.
History saved: /var/www/ScriptEngine/Python-Application/New-Hotel-Id-Collection-Function/id_separation_function/history/ratehawkhotel/2026-07-30.json
Finished: ratehawkhotel
End Time: Thu Jul 30 21:05:47 UTC 2026

===========================================
Running supplier: restel
Start Time: Thu Jul 30 21:05:47 UTC 2026
===========================================
Loading .env environment variables...
Supplier: restel
JSON Path: /var/www/Storage-Contents/Hotel-Supplier-Raw-Contents/restel
Output Path: /var/www/ScriptEngine/Python-Application/New-Hotel-Id-Collection-Function/id_separation_function/supplier/restel
Server JSON Count: 144478
Database Hotel Count: 144471
Database New Today Count: 0
ITTID Done: 87229
Pending ITTID: 57242
Saved: /var/www/ScriptEngine/Python-Application/New-Hotel-Id-Collection-Function/id_separation_function/supplier/restel/server_file_list.txt (144478 records)
Saved: /var/www/ScriptEngine/Python-Application/New-Hotel-Id-Collection-Function/id_separation_function/supplier/restel/db_hotel_id_list.txt (144471 records)
Saved: /var/www/ScriptEngine/Python-Application/New-Hotel-Id-Collection-Function/id_separation_function/supplier/restel/server_present_but_db_id_not_present_list.txt (7 records)
Saved: /var/www/ScriptEngine/Python-Application/New-Hotel-Id-Collection-Function/id_separation_function/supplier/restel/db_present_but_server_json_not_present.txt (0 records)

Done.

Done.
Summary table updated.
History saved: /var/www/ScriptEngine/Python-Application/New-Hotel-Id-Collection-Function/id_separation_function/history/restel/2026-07-30.json
Finished: restel
End Time: Thu Jul 30 21:05:50 UTC 2026

===========================================
Running supplier: rnrhotel
Start Time: Thu Jul 30 21:05:50 UTC 2026
===========================================
Loading .env environment variables...
Supplier: rnrhotel
JSON Path: /var/www/Storage-Contents/Hotel-Supplier-Raw-Contents/rnrhotel
Output Path: /var/www/ScriptEngine/Python-Application/New-Hotel-Id-Collection-Function/id_separation_function/supplier/rnrhotel
Server JSON Count: 112
Database Hotel Count: 112
Database New Today Count: 0
ITTID Done: 106
Pending ITTID: 6
Saved: /var/www/ScriptEngine/Python-Application/New-Hotel-Id-Collection-Function/id_separation_function/supplier/rnrhotel/server_file_list.txt (112 records)
Saved: /var/www/ScriptEngine/Python-Application/New-Hotel-Id-Collection-Function/id_separation_function/supplier/rnrhotel/db_hotel_id_list.txt (112 records)
Saved: /var/www/ScriptEngine/Python-Application/New-Hotel-Id-Collection-Function/id_separation_function/supplier/rnrhotel/server_present_but_db_id_not_present_list.txt (0 records)
Saved: /var/www/ScriptEngine/Python-Application/New-Hotel-Id-Collection-Function/id_separation_function/supplier/rnrhotel/db_present_but_server_json_not_present.txt (0 records)

Done.

Done.
Summary table updated.
History saved: /var/www/ScriptEngine/Python-Application/New-Hotel-Id-Collection-Function/id_separation_function/history/rnrhotel/2026-07-30.json
Finished: rnrhotel
End Time: Thu Jul 30 21:05:50 UTC 2026

===========================================
Running supplier: roomerang
Start Time: Thu Jul 30 21:05:50 UTC 2026
===========================================
Loading .env environment variables...
Supplier: roomerang
JSON Path: /var/www/Storage-Contents/Hotel-Supplier-Raw-Contents/roomerang
Output Path: /var/www/ScriptEngine/Python-Application/New-Hotel-Id-Collection-Function/id_separation_function/supplier/roomerang
Server JSON Count: 708546
Database Hotel Count: 708527
Database New Today Count: 0
ITTID Done: 181282
Pending ITTID: 527245
Saved: /var/www/ScriptEngine/Python-Application/New-Hotel-Id-Collection-Function/id_separation_function/supplier/roomerang/server_file_list.txt (708546 records)
Saved: /var/www/ScriptEngine/Python-Application/New-Hotel-Id-Collection-Function/id_separation_function/supplier/roomerang/db_hotel_id_list.txt (708527 records)
Saved: /var/www/ScriptEngine/Python-Application/New-Hotel-Id-Collection-Function/id_separation_function/supplier/roomerang/server_present_but_db_id_not_present_list.txt (19 records)
Saved: /var/www/ScriptEngine/Python-Application/New-Hotel-Id-Collection-Function/id_separation_function/supplier/roomerang/db_present_but_server_json_not_present.txt (0 records)

Done.

Done.
Summary table updated.
History saved: /var/www/ScriptEngine/Python-Application/New-Hotel-Id-Collection-Function/id_separation_function/history/roomerang/2026-07-30.json
Finished: roomerang
End Time: Thu Jul 30 21:05:59 UTC 2026

===========================================
Running supplier: stuba
Start Time: Thu Jul 30 21:05:59 UTC 2026
===========================================
Loading .env environment variables...
Supplier: stuba
JSON Path: /var/www/Storage-Contents/Hotel-Supplier-Raw-Contents/stuba
Output Path: /var/www/ScriptEngine/Python-Application/New-Hotel-Id-Collection-Function/id_separation_function/supplier/stuba
Server JSON Count: 128611
Database Hotel Count: 128611
Database New Today Count: 0
ITTID Done: 115926
Pending ITTID: 12685
Saved: /var/www/ScriptEngine/Python-Application/New-Hotel-Id-Collection-Function/id_separation_function/supplier/stuba/server_file_list.txt (128611 records)
Saved: /var/www/ScriptEngine/Python-Application/New-Hotel-Id-Collection-Function/id_separation_function/supplier/stuba/db_hotel_id_list.txt (128611 records)
Saved: /var/www/ScriptEngine/Python-Application/New-Hotel-Id-Collection-Function/id_separation_function/supplier/stuba/server_present_but_db_id_not_present_list.txt (0 records)
Saved: /var/www/ScriptEngine/Python-Application/New-Hotel-Id-Collection-Function/id_separation_function/supplier/stuba/db_present_but_server_json_not_present.txt (0 records)

Done.

Done.
Summary table updated.
History saved: /var/www/ScriptEngine/Python-Application/New-Hotel-Id-Collection-Function/id_separation_function/history/stuba/2026-07-30.json
Finished: stuba
End Time: Thu Jul 30 21:06:01 UTC 2026

===========================================
Running supplier: tbohotel
Start Time: Thu Jul 30 21:06:01 UTC 2026
===========================================
Loading .env environment variables...
Supplier: tbohotel
JSON Path: /var/www/Storage-Contents/Hotel-Supplier-Raw-Contents/tbohotel
Output Path: /var/www/ScriptEngine/Python-Application/New-Hotel-Id-Collection-Function/id_separation_function/supplier/tbohotel
Server JSON Count: 1048323
Database Hotel Count: 1048321
Database New Today Count: 0
ITTID Done: 1036167
Pending ITTID: 12154
Saved: /var/www/ScriptEngine/Python-Application/New-Hotel-Id-Collection-Function/id_separation_function/supplier/tbohotel/server_file_list.txt (1048323 records)
Saved: /var/www/ScriptEngine/Python-Application/New-Hotel-Id-Collection-Function/id_separation_function/supplier/tbohotel/db_hotel_id_list.txt (1048321 records)
Saved: /var/www/ScriptEngine/Python-Application/New-Hotel-Id-Collection-Function/id_separation_function/supplier/tbohotel/server_present_but_db_id_not_present_list.txt (2 records)
Saved: /var/www/ScriptEngine/Python-Application/New-Hotel-Id-Collection-Function/id_separation_function/supplier/tbohotel/db_present_but_server_json_not_present.txt (0 records)

Done.

Done.
Summary table updated.
History saved: /var/www/ScriptEngine/Python-Application/New-Hotel-Id-Collection-Function/id_separation_function/history/tbohotel/2026-07-30.json
Finished: tbohotel
End Time: Thu Jul 30 21:06:19 UTC 2026

===========================================
Running supplier: travelrobothotel
Start Time: Thu Jul 30 21:06:19 UTC 2026
===========================================
Loading .env environment variables...
Supplier: travelrobothotel
JSON Path: /var/www/Storage-Contents/Hotel-Supplier-Raw-Contents/travelrobothotel
Output Path: /var/www/ScriptEngine/Python-Application/New-Hotel-Id-Collection-Function/id_separation_function/supplier/travelrobothotel
Server JSON Count: 1461694
Database Hotel Count: 1461693
Database New Today Count: 0
ITTID Done: 0
Pending ITTID: 1461693
Saved: /var/www/ScriptEngine/Python-Application/New-Hotel-Id-Collection-Function/id_separation_function/supplier/travelrobothotel/server_file_list.txt (1461694 records)
Saved: /var/www/ScriptEngine/Python-Application/New-Hotel-Id-Collection-Function/id_separation_function/supplier/travelrobothotel/db_hotel_id_list.txt (1461693 records)
Saved: /var/www/ScriptEngine/Python-Application/New-Hotel-Id-Collection-Function/id_separation_function/supplier/travelrobothotel/server_present_but_db_id_not_present_list.txt (1 records)
Saved: /var/www/ScriptEngine/Python-Application/New-Hotel-Id-Collection-Function/id_separation_function/supplier/travelrobothotel/db_present_but_server_json_not_present.txt (0 records)

Done.

Done.
Summary table updated.
History saved: /var/www/ScriptEngine/Python-Application/New-Hotel-Id-Collection-Function/id_separation_function/history/travelrobothotel/2026-07-30.json
Finished: travelrobothotel
End Time: Thu Jul 30 21:06:40 UTC 2026

===========================================
All suppliers completed.
Finished at: Thu Jul 30 21:06:40 UTC 2026
===========================================
===========================================
Started at: Fri Jul 31 21:00:01 UTC 2026
===========================================

===========================================
Running supplier: agoda
Start Time: Fri Jul 31 21:00:01 UTC 2026
===========================================
Loading .env environment variables...
Supplier: agoda
JSON Path: /var/www/Storage-Contents/Hotel-Supplier-Raw-Contents/agoda
Output Path: /var/www/ScriptEngine/Python-Application/New-Hotel-Id-Collection-Function/id_separation_function/supplier/agoda
Server JSON Count: 1053400
Database Hotel Count: 1053400
Database New Today Count: 3402
ITTID Done: 1044112
Pending ITTID: 9288
Saved: /var/www/ScriptEngine/Python-Application/New-Hotel-Id-Collection-Function/id_separation_function/supplier/agoda/server_file_list.txt (1053400 records)
Saved: /var/www/ScriptEngine/Python-Application/New-Hotel-Id-Collection-Function/id_separation_function/supplier/agoda/db_hotel_id_list.txt (1053400 records)
Saved: /var/www/ScriptEngine/Python-Application/New-Hotel-Id-Collection-Function/id_separation_function/supplier/agoda/server_present_but_db_id_not_present_list.txt (0 records)
Saved: /var/www/ScriptEngine/Python-Application/New-Hotel-Id-Collection-Function/id_separation_function/supplier/agoda/db_present_but_server_json_not_present.txt (0 records)

Done.

Done.
Summary table updated.
History saved: /var/www/ScriptEngine/Python-Application/New-Hotel-Id-Collection-Function/id_separation_function/history/agoda/2026-07-31.json
Finished: agoda
End Time: Fri Jul 31 21:00:31 UTC 2026

===========================================
Running supplier: amadeushotel
Start Time: Fri Jul 31 21:00:31 UTC 2026
===========================================
Loading .env environment variables...
Supplier: amadeushotel
JSON Path: /var/www/Storage-Contents/Hotel-Supplier-Raw-Contents/amadeushotel
Output Path: /var/www/ScriptEngine/Python-Application/New-Hotel-Id-Collection-Function/id_separation_function/supplier/amadeushotel
Server JSON Count: 94196
Database Hotel Count: 94196
Database New Today Count: 0
ITTID Done: 0
Pending ITTID: 94196
Saved: /var/www/ScriptEngine/Python-Application/New-Hotel-Id-Collection-Function/id_separation_function/supplier/amadeushotel/server_file_list.txt (94196 records)
Saved: /var/www/ScriptEngine/Python-Application/New-Hotel-Id-Collection-Function/id_separation_function/supplier/amadeushotel/db_hotel_id_list.txt (94196 records)
Saved: /var/www/ScriptEngine/Python-Application/New-Hotel-Id-Collection-Function/id_separation_function/supplier/amadeushotel/server_present_but_db_id_not_present_list.txt (0 records)
Saved: /var/www/ScriptEngine/Python-Application/New-Hotel-Id-Collection-Function/id_separation_function/supplier/amadeushotel/db_present_but_server_json_not_present.txt (0 records)

Done.

Done.
Summary table updated.
History saved: /var/www/ScriptEngine/Python-Application/New-Hotel-Id-Collection-Function/id_separation_function/history/amadeushotel/2026-07-31.json
Finished: amadeushotel
End Time: Fri Jul 31 21:00:33 UTC 2026

===========================================
Running supplier: didahotel
Start Time: Fri Jul 31 21:00:33 UTC 2026
===========================================
Loading .env environment variables...
Supplier: didahotel
JSON Path: /var/www/Storage-Contents/Hotel-Supplier-Raw-Contents/didahotel
Output Path: /var/www/ScriptEngine/Python-Application/New-Hotel-Id-Collection-Function/id_separation_function/supplier/didahotel
Server JSON Count: 209784
Database Hotel Count: 209784
Database New Today Count: 0
ITTID Done: 180325
Pending ITTID: 29459
Saved: /var/www/ScriptEngine/Python-Application/New-Hotel-Id-Collection-Function/id_separation_function/supplier/didahotel/server_file_list.txt (209784 records)
Saved: /var/www/ScriptEngine/Python-Application/New-Hotel-Id-Collection-Function/id_separation_function/supplier/didahotel/db_hotel_id_list.txt (209784 records)
Saved: /var/www/ScriptEngine/Python-Application/New-Hotel-Id-Collection-Function/id_separation_function/supplier/didahotel/server_present_but_db_id_not_present_list.txt (0 records)
Saved: /var/www/ScriptEngine/Python-Application/New-Hotel-Id-Collection-Function/id_separation_function/supplier/didahotel/db_present_but_server_json_not_present.txt (0 records)

Done.

Done.
Summary table updated.
History saved: /var/www/ScriptEngine/Python-Application/New-Hotel-Id-Collection-Function/id_separation_function/history/didahotel/2026-07-31.json
Finished: didahotel
End Time: Fri Jul 31 21:00:38 UTC 2026

===========================================
Running supplier: dotw
Start Time: Fri Jul 31 21:00:38 UTC 2026
===========================================
Loading .env environment variables...
Supplier: dotw
JSON Path: /var/www/Storage-Contents/Hotel-Supplier-Raw-Contents/dotw
Output Path: /var/www/ScriptEngine/Python-Application/New-Hotel-Id-Collection-Function/id_separation_function/supplier/dotw
Server JSON Count: 227144
Database Hotel Count: 227143
Database New Today Count: 0
ITTID Done: 215632
Pending ITTID: 11511
Saved: /var/www/ScriptEngine/Python-Application/New-Hotel-Id-Collection-Function/id_separation_function/supplier/dotw/server_file_list.txt (227144 records)
Saved: /var/www/ScriptEngine/Python-Application/New-Hotel-Id-Collection-Function/id_separation_function/supplier/dotw/db_hotel_id_list.txt (227143 records)
Saved: /var/www/ScriptEngine/Python-Application/New-Hotel-Id-Collection-Function/id_separation_function/supplier/dotw/server_present_but_db_id_not_present_list.txt (1 records)
Saved: /var/www/ScriptEngine/Python-Application/New-Hotel-Id-Collection-Function/id_separation_function/supplier/dotw/db_present_but_server_json_not_present.txt (0 records)

Done.

Done.
Summary table updated.
History saved: /var/www/ScriptEngine/Python-Application/New-Hotel-Id-Collection-Function/id_separation_function/history/dotw/2026-07-31.json
Finished: dotw
End Time: Fri Jul 31 21:00:42 UTC 2026

===========================================
Running supplier: ean
Start Time: Fri Jul 31 21:00:42 UTC 2026
===========================================
Loading .env environment variables...
Supplier: ean
JSON Path: /var/www/Storage-Contents/Hotel-Supplier-Raw-Contents/ean
Output Path: /var/www/ScriptEngine/Python-Application/New-Hotel-Id-Collection-Function/id_separation_function/supplier/ean
Server JSON Count: 618770
Database Hotel Count: 618770
Database New Today Count: 108
ITTID Done: 508942
Pending ITTID: 109828
Saved: /var/www/ScriptEngine/Python-Application/New-Hotel-Id-Collection-Function/id_separation_function/supplier/ean/server_file_list.txt (618770 records)
Saved: /var/www/ScriptEngine/Python-Application/New-Hotel-Id-Collection-Function/id_separation_function/supplier/ean/db_hotel_id_list.txt (618770 records)
Saved: /var/www/ScriptEngine/Python-Application/New-Hotel-Id-Collection-Function/id_separation_function/supplier/ean/server_present_but_db_id_not_present_list.txt (0 records)
Saved: /var/www/ScriptEngine/Python-Application/New-Hotel-Id-Collection-Function/id_separation_function/supplier/ean/db_present_but_server_json_not_present.txt (0 records)

Done.

Done.
Summary table updated.
History saved: /var/www/ScriptEngine/Python-Application/New-Hotel-Id-Collection-Function/id_separation_function/history/ean/2026-07-31.json
Finished: ean
End Time: Fri Jul 31 21:00:53 UTC 2026

===========================================
Running supplier: ebookinghotel
Start Time: Fri Jul 31 21:00:53 UTC 2026
===========================================
Loading .env environment variables...
Supplier: ebookinghotel
JSON Path: /var/www/Storage-Contents/Hotel-Supplier-Raw-Contents/ebookinghotel
Output Path: /var/www/ScriptEngine/Python-Application/New-Hotel-Id-Collection-Function/id_separation_function/supplier/ebookinghotel
Server JSON Count: 878990
Database Hotel Count: 878990
Database New Today Count: 0
ITTID Done: 0
Pending ITTID: 878990
Saved: /var/www/ScriptEngine/Python-Application/New-Hotel-Id-Collection-Function/id_separation_function/supplier/ebookinghotel/server_file_list.txt (878990 records)
Saved: /var/www/ScriptEngine/Python-Application/New-Hotel-Id-Collection-Function/id_separation_function/supplier/ebookinghotel/db_hotel_id_list.txt (878990 records)
Saved: /var/www/ScriptEngine/Python-Application/New-Hotel-Id-Collection-Function/id_separation_function/supplier/ebookinghotel/server_present_but_db_id_not_present_list.txt (0 records)
Saved: /var/www/ScriptEngine/Python-Application/New-Hotel-Id-Collection-Function/id_separation_function/supplier/ebookinghotel/db_present_but_server_json_not_present.txt (0 records)

Done.

Done.
Summary table updated.
History saved: /var/www/ScriptEngine/Python-Application/New-Hotel-Id-Collection-Function/id_separation_function/history/ebookinghotel/2026-07-31.json
Finished: ebookinghotel
End Time: Fri Jul 31 21:01:11 UTC 2026

===========================================
Running supplier: goglobal
Start Time: Fri Jul 31 21:01:11 UTC 2026
===========================================
Loading .env environment variables...
Supplier: goglobal
JSON Path: /var/www/Storage-Contents/Hotel-Supplier-Raw-Contents/goglobal
Output Path: /var/www/ScriptEngine/Python-Application/New-Hotel-Id-Collection-Function/id_separation_function/supplier/goglobal
Server JSON Count: 221411
Database Hotel Count: 221393
Database New Today Count: 0
ITTID Done: 215415
Pending ITTID: 5978
Saved: /var/www/ScriptEngine/Python-Application/New-Hotel-Id-Collection-Function/id_separation_function/supplier/goglobal/server_file_list.txt (221411 records)
Saved: /var/www/ScriptEngine/Python-Application/New-Hotel-Id-Collection-Function/id_separation_function/supplier/goglobal/db_hotel_id_list.txt (221393 records)
Saved: /var/www/ScriptEngine/Python-Application/New-Hotel-Id-Collection-Function/id_separation_function/supplier/goglobal/server_present_but_db_id_not_present_list.txt (18 records)
Saved: /var/www/ScriptEngine/Python-Application/New-Hotel-Id-Collection-Function/id_separation_function/supplier/goglobal/db_present_but_server_json_not_present.txt (0 records)

Done.

Done.
Summary table updated.
History saved: /var/www/ScriptEngine/Python-Application/New-Hotel-Id-Collection-Function/id_separation_function/history/goglobal/2026-07-31.json
Finished: goglobal
End Time: Fri Jul 31 21:01:16 UTC 2026

===========================================
Running supplier: grnconnect
Start Time: Fri Jul 31 21:01:16 UTC 2026
===========================================
Loading .env environment variables...
Supplier: grnconnect
JSON Path: /var/www/Storage-Contents/Hotel-Supplier-Raw-Contents/grnconnect
Output Path: /var/www/ScriptEngine/Python-Application/New-Hotel-Id-Collection-Function/id_separation_function/supplier/grnconnect
Server JSON Count: 214625
Database Hotel Count: 214625
Database New Today Count: 0
ITTID Done: 185747
Pending ITTID: 28878
Saved: /var/www/ScriptEngine/Python-Application/New-Hotel-Id-Collection-Function/id_separation_function/supplier/grnconnect/server_file_list.txt (214625 records)
Saved: /var/www/ScriptEngine/Python-Application/New-Hotel-Id-Collection-Function/id_separation_function/supplier/grnconnect/db_hotel_id_list.txt (214625 records)
Saved: /var/www/ScriptEngine/Python-Application/New-Hotel-Id-Collection-Function/id_separation_function/supplier/grnconnect/server_present_but_db_id_not_present_list.txt (0 records)
Saved: /var/www/ScriptEngine/Python-Application/New-Hotel-Id-Collection-Function/id_separation_function/supplier/grnconnect/db_present_but_server_json_not_present.txt (0 records)

Done.

Done.
Summary table updated.
History saved: /var/www/ScriptEngine/Python-Application/New-Hotel-Id-Collection-Function/id_separation_function/history/grnconnect/2026-07-31.json
Finished: grnconnect
End Time: Fri Jul 31 21:01:20 UTC 2026

===========================================
Running supplier: hotelbeds
Start Time: Fri Jul 31 21:01:20 UTC 2026
===========================================
Loading .env environment variables...
Supplier: hotelbeds
JSON Path: /var/www/Storage-Contents/Hotel-Supplier-Raw-Contents/hotelbeds
Output Path: /var/www/ScriptEngine/Python-Application/New-Hotel-Id-Collection-Function/id_separation_function/supplier/hotelbeds
Server JSON Count: 474686
Database Hotel Count: 474686
Database New Today Count: 18
ITTID Done: 474581
Pending ITTID: 105
Saved: /var/www/ScriptEngine/Python-Application/New-Hotel-Id-Collection-Function/id_separation_function/supplier/hotelbeds/server_file_list.txt (474686 records)
Saved: /var/www/ScriptEngine/Python-Application/New-Hotel-Id-Collection-Function/id_separation_function/supplier/hotelbeds/db_hotel_id_list.txt (474686 records)
Saved: /var/www/ScriptEngine/Python-Application/New-Hotel-Id-Collection-Function/id_separation_function/supplier/hotelbeds/server_present_but_db_id_not_present_list.txt (0 records)
Saved: /var/www/ScriptEngine/Python-Application/New-Hotel-Id-Collection-Function/id_separation_function/supplier/hotelbeds/db_present_but_server_json_not_present.txt (0 records)

Done.

Done.
Summary table updated.
History saved: /var/www/ScriptEngine/Python-Application/New-Hotel-Id-Collection-Function/id_separation_function/history/hotelbeds/2026-07-31.json
Finished: hotelbeds
End Time: Fri Jul 31 21:01:38 UTC 2026

===========================================
Running supplier: hotelston
Start Time: Fri Jul 31 21:01:38 UTC 2026
===========================================
Loading .env environment variables...
Supplier: hotelston
JSON Path: /var/www/Storage-Contents/Hotel-Supplier-Raw-Contents/hotelston
Output Path: /var/www/ScriptEngine/Python-Application/New-Hotel-Id-Collection-Function/id_separation_function/supplier/hotelston
Server JSON Count: 3693299
Database Hotel Count: 3693299
Database New Today Count: 0
ITTID Done: 603685
Pending ITTID: 3089614
Saved: /var/www/ScriptEngine/Python-Application/New-Hotel-Id-Collection-Function/id_separation_function/supplier/hotelston/server_file_list.txt (3693299 records)
Saved: /var/www/ScriptEngine/Python-Application/New-Hotel-Id-Collection-Function/id_separation_function/supplier/hotelston/db_hotel_id_list.txt (3693299 records)
Saved: /var/www/ScriptEngine/Python-Application/New-Hotel-Id-Collection-Function/id_separation_function/supplier/hotelston/server_present_but_db_id_not_present_list.txt (0 records)
Saved: /var/www/ScriptEngine/Python-Application/New-Hotel-Id-Collection-Function/id_separation_function/supplier/hotelston/db_present_but_server_json_not_present.txt (0 records)

Done.

Done.
Summary table updated.
History saved: /var/www/ScriptEngine/Python-Application/New-Hotel-Id-Collection-Function/id_separation_function/history/hotelston/2026-07-31.json
Finished: hotelston
End Time: Fri Jul 31 21:02:35 UTC 2026

===========================================
Running supplier: hyperguestdirect
Start Time: Fri Jul 31 21:02:35 UTC 2026
===========================================
Loading .env environment variables...
Supplier: hyperguestdirect
JSON Path: /var/www/Storage-Contents/Hotel-Supplier-Raw-Contents/hyperguestdirect
Output Path: /var/www/ScriptEngine/Python-Application/New-Hotel-Id-Collection-Function/id_separation_function/supplier/hyperguestdirect
Server JSON Count: 66833
Database Hotel Count: 66833
Database New Today Count: 29
ITTID Done: 49276
Pending ITTID: 17557
Saved: /var/www/ScriptEngine/Python-Application/New-Hotel-Id-Collection-Function/id_separation_function/supplier/hyperguestdirect/server_file_list.txt (66833 records)
Saved: /var/www/ScriptEngine/Python-Application/New-Hotel-Id-Collection-Function/id_separation_function/supplier/hyperguestdirect/db_hotel_id_list.txt (66833 records)
Saved: /var/www/ScriptEngine/Python-Application/New-Hotel-Id-Collection-Function/id_separation_function/supplier/hyperguestdirect/server_present_but_db_id_not_present_list.txt (0 records)
Saved: /var/www/ScriptEngine/Python-Application/New-Hotel-Id-Collection-Function/id_separation_function/supplier/hyperguestdirect/db_present_but_server_json_not_present.txt (0 records)

Done.

Done.
Summary table updated.
History saved: /var/www/ScriptEngine/Python-Application/New-Hotel-Id-Collection-Function/id_separation_function/history/hyperguestdirect/2026-07-31.json
Finished: hyperguestdirect
End Time: Fri Jul 31 21:02:37 UTC 2026

===========================================
Running supplier: illusionshotel
Start Time: Fri Jul 31 21:02:37 UTC 2026
===========================================
Loading .env environment variables...
Supplier: illusionshotel
JSON Path: /var/www/Storage-Contents/Hotel-Supplier-Raw-Contents/illusionshotel
Output Path: /var/www/ScriptEngine/Python-Application/New-Hotel-Id-Collection-Function/id_separation_function/supplier/illusionshotel
Server JSON Count: 395727
Database Hotel Count: 395727
Database New Today Count: 0
ITTID Done: 42240
Pending ITTID: 353487
Saved: /var/www/ScriptEngine/Python-Application/New-Hotel-Id-Collection-Function/id_separation_function/supplier/illusionshotel/server_file_list.txt (395727 records)
Saved: /var/www/ScriptEngine/Python-Application/New-Hotel-Id-Collection-Function/id_separation_function/supplier/illusionshotel/db_hotel_id_list.txt (395727 records)
Saved: /var/www/ScriptEngine/Python-Application/New-Hotel-Id-Collection-Function/id_separation_function/supplier/illusionshotel/server_present_but_db_id_not_present_list.txt (0 records)
Saved: /var/www/ScriptEngine/Python-Application/New-Hotel-Id-Collection-Function/id_separation_function/supplier/illusionshotel/db_present_but_server_json_not_present.txt (0 records)

Done.

Done.
Summary table updated.
History saved: /var/www/ScriptEngine/Python-Application/New-Hotel-Id-Collection-Function/id_separation_function/history/illusionshotel/2026-07-31.json
Finished: illusionshotel
End Time: Fri Jul 31 21:02:42 UTC 2026

===========================================
Running supplier: innstant
Start Time: Fri Jul 31 21:02:42 UTC 2026
===========================================
Loading .env environment variables...
Supplier: innstant
JSON Path: /var/www/Storage-Contents/Hotel-Supplier-Raw-Contents/innstant
Output Path: /var/www/ScriptEngine/Python-Application/New-Hotel-Id-Collection-Function/id_separation_function/supplier/innstant
Server JSON Count: 649448
Database Hotel Count: 649436
Database New Today Count: 0
ITTID Done: 555240
Pending ITTID: 94196
Saved: /var/www/ScriptEngine/Python-Application/New-Hotel-Id-Collection-Function/id_separation_function/supplier/innstant/server_file_list.txt (649448 records)
Saved: /var/www/ScriptEngine/Python-Application/New-Hotel-Id-Collection-Function/id_separation_function/supplier/innstant/db_hotel_id_list.txt (649436 records)
Saved: /var/www/ScriptEngine/Python-Application/New-Hotel-Id-Collection-Function/id_separation_function/supplier/innstant/server_present_but_db_id_not_present_list.txt (12 records)
Saved: /var/www/ScriptEngine/Python-Application/New-Hotel-Id-Collection-Function/id_separation_function/supplier/innstant/db_present_but_server_json_not_present.txt (0 records)

Done.

Done.
Summary table updated.
History saved: /var/www/ScriptEngine/Python-Application/New-Hotel-Id-Collection-Function/id_separation_function/history/innstant/2026-07-31.json
Finished: innstant
End Time: Fri Jul 31 21:03:02 UTC 2026

===========================================
Running supplier: juniperhotel
Start Time: Fri Jul 31 21:03:02 UTC 2026
===========================================
Loading .env environment variables...
Supplier: juniperhotel
JSON Path: /var/www/Storage-Contents/Hotel-Supplier-Raw-Contents/juniperhotel
Output Path: /var/www/ScriptEngine/Python-Application/New-Hotel-Id-Collection-Function/id_separation_function/supplier/juniperhotel
Server JSON Count: 428859
Database Hotel Count: 429113
Database New Today Count: 0
ITTID Done: 427080
Pending ITTID: 2033
Saved: /var/www/ScriptEngine/Python-Application/New-Hotel-Id-Collection-Function/id_separation_function/supplier/juniperhotel/server_file_list.txt (428859 records)
Saved: /var/www/ScriptEngine/Python-Application/New-Hotel-Id-Collection-Function/id_separation_function/supplier/juniperhotel/db_hotel_id_list.txt (429113 records)
Saved: /var/www/ScriptEngine/Python-Application/New-Hotel-Id-Collection-Function/id_separation_function/supplier/juniperhotel/server_present_but_db_id_not_present_list.txt (0 records)
Saved: /var/www/ScriptEngine/Python-Application/New-Hotel-Id-Collection-Function/id_separation_function/supplier/juniperhotel/db_present_but_server_json_not_present.txt (254 records)

Done.

Done.
Summary table updated.
History saved: /var/www/ScriptEngine/Python-Application/New-Hotel-Id-Collection-Function/id_separation_function/history/juniperhotel/2026-07-31.json
Finished: juniperhotel
End Time: Fri Jul 31 21:03:15 UTC 2026

===========================================
Running supplier: kiwihotel
Start Time: Fri Jul 31 21:03:15 UTC 2026
===========================================
Loading .env environment variables...
Supplier: kiwihotel
JSON Path: /var/www/Storage-Contents/Hotel-Supplier-Raw-Contents/kiwihotel
Output Path: /var/www/ScriptEngine/Python-Application/New-Hotel-Id-Collection-Function/id_separation_function/supplier/kiwihotel
Server JSON Count: 1943
Database Hotel Count: 1943
Database New Today Count: 0
ITTID Done: 0
Pending ITTID: 1943
Saved: /var/www/ScriptEngine/Python-Application/New-Hotel-Id-Collection-Function/id_separation_function/supplier/kiwihotel/server_file_list.txt (1943 records)
Saved: /var/www/ScriptEngine/Python-Application/New-Hotel-Id-Collection-Function/id_separation_function/supplier/kiwihotel/db_hotel_id_list.txt (1943 records)
Saved: /var/www/ScriptEngine/Python-Application/New-Hotel-Id-Collection-Function/id_separation_function/supplier/kiwihotel/server_present_but_db_id_not_present_list.txt (0 records)
Saved: /var/www/ScriptEngine/Python-Application/New-Hotel-Id-Collection-Function/id_separation_function/supplier/kiwihotel/db_present_but_server_json_not_present.txt (0 records)

Done.

Done.
Summary table updated.
History saved: /var/www/ScriptEngine/Python-Application/New-Hotel-Id-Collection-Function/id_separation_function/history/kiwihotel/2026-07-31.json
Finished: kiwihotel
End Time: Fri Jul 31 21:03:15 UTC 2026

===========================================
Running supplier: mgholiday
Start Time: Fri Jul 31 21:03:15 UTC 2026
===========================================
Loading .env environment variables...
Supplier: mgholiday
JSON Path: /var/www/Storage-Contents/Hotel-Supplier-Raw-Contents/mgholiday
Output Path: /var/www/ScriptEngine/Python-Application/New-Hotel-Id-Collection-Function/id_separation_function/supplier/mgholiday
Server JSON Count: 237610
Database Hotel Count: 237609
Database New Today Count: 0
ITTID Done: 196323
Pending ITTID: 41286
Saved: /var/www/ScriptEngine/Python-Application/New-Hotel-Id-Collection-Function/id_separation_function/supplier/mgholiday/server_file_list.txt (237610 records)
Saved: /var/www/ScriptEngine/Python-Application/New-Hotel-Id-Collection-Function/id_separation_function/supplier/mgholiday/db_hotel_id_list.txt (237609 records)
Saved: /var/www/ScriptEngine/Python-Application/New-Hotel-Id-Collection-Function/id_separation_function/supplier/mgholiday/server_present_but_db_id_not_present_list.txt (2 records)
Saved: /var/www/ScriptEngine/Python-Application/New-Hotel-Id-Collection-Function/id_separation_function/supplier/mgholiday/db_present_but_server_json_not_present.txt (1 records)

Done.

Done.
Summary table updated.
History saved: /var/www/ScriptEngine/Python-Application/New-Hotel-Id-Collection-Function/id_separation_function/history/mgholiday/2026-07-31.json
Finished: mgholiday
End Time: Fri Jul 31 21:03:21 UTC 2026

===========================================
Running supplier: paximumhotel
Start Time: Fri Jul 31 21:03:21 UTC 2026
===========================================
Loading .env environment variables...
Supplier: paximumhotel
JSON Path: /var/www/Storage-Contents/Hotel-Supplier-Raw-Contents/paximumhotel
Output Path: /var/www/ScriptEngine/Python-Application/New-Hotel-Id-Collection-Function/id_separation_function/supplier/paximumhotel
Server JSON Count: 1385584
Database Hotel Count: 1385589
Database New Today Count: 0
ITTID Done: 109901
Pending ITTID: 1275688
Saved: /var/www/ScriptEngine/Python-Application/New-Hotel-Id-Collection-Function/id_separation_function/supplier/paximumhotel/server_file_list.txt (1385584 records)
Saved: /var/www/ScriptEngine/Python-Application/New-Hotel-Id-Collection-Function/id_separation_function/supplier/paximumhotel/db_hotel_id_list.txt (1385589 records)
Saved: /var/www/ScriptEngine/Python-Application/New-Hotel-Id-Collection-Function/id_separation_function/supplier/paximumhotel/server_present_but_db_id_not_present_list.txt (0 records)
Saved: /var/www/ScriptEngine/Python-Application/New-Hotel-Id-Collection-Function/id_separation_function/supplier/paximumhotel/db_present_but_server_json_not_present.txt (5 records)

Done.

Done.
Summary table updated.
History saved: /var/www/ScriptEngine/Python-Application/New-Hotel-Id-Collection-Function/id_separation_function/history/paximumhotel/2026-07-31.json
Finished: paximumhotel
End Time: Fri Jul 31 21:03:44 UTC 2026

===========================================
Running supplier: rakuten
Start Time: Fri Jul 31 21:03:44 UTC 2026
===========================================
Loading .env environment variables...
Supplier: rakuten
JSON Path: /var/www/Storage-Contents/Hotel-Supplier-Raw-Contents/rakuten
Output Path: /var/www/ScriptEngine/Python-Application/New-Hotel-Id-Collection-Function/id_separation_function/supplier/rakuten
Server JSON Count: 37864
Database Hotel Count: 37587
Database New Today Count: 0
ITTID Done: 14079
Pending ITTID: 23508
Saved: /var/www/ScriptEngine/Python-Application/New-Hotel-Id-Collection-Function/id_separation_function/supplier/rakuten/server_file_list.txt (37864 records)
Saved: /var/www/ScriptEngine/Python-Application/New-Hotel-Id-Collection-Function/id_separation_function/supplier/rakuten/db_hotel_id_list.txt (37587 records)
Saved: /var/www/ScriptEngine/Python-Application/New-Hotel-Id-Collection-Function/id_separation_function/supplier/rakuten/server_present_but_db_id_not_present_list.txt (277 records)
Saved: /var/www/ScriptEngine/Python-Application/New-Hotel-Id-Collection-Function/id_separation_function/supplier/rakuten/db_present_but_server_json_not_present.txt (0 records)

Done.

Done.
Summary table updated.
History saved: /var/www/ScriptEngine/Python-Application/New-Hotel-Id-Collection-Function/id_separation_function/history/rakuten/2026-07-31.json
Finished: rakuten
End Time: Fri Jul 31 21:03:45 UTC 2026

===========================================
Running supplier: ratehawkhotel
Start Time: Fri Jul 31 21:03:45 UTC 2026
===========================================
Loading .env environment variables...
Supplier: ratehawkhotel
JSON Path: /var/www/Storage-Contents/Hotel-Supplier-Raw-Contents/ratehawkhotel
Output Path: /var/www/ScriptEngine/Python-Application/New-Hotel-Id-Collection-Function/id_separation_function/supplier/ratehawkhotel
Server JSON Count: 2771500
Database Hotel Count: 2767561
Database New Today Count: 0
ITTID Done: 1375064
Pending ITTID: 1392497
Saved: /var/www/ScriptEngine/Python-Application/New-Hotel-Id-Collection-Function/id_separation_function/supplier/ratehawkhotel/server_file_list.txt (2771500 records)
Saved: /var/www/ScriptEngine/Python-Application/New-Hotel-Id-Collection-Function/id_separation_function/supplier/ratehawkhotel/db_hotel_id_list.txt (2767561 records)
Saved: /var/www/ScriptEngine/Python-Application/New-Hotel-Id-Collection-Function/id_separation_function/supplier/ratehawkhotel/server_present_but_db_id_not_present_list.txt (4902 records)
Saved: /var/www/ScriptEngine/Python-Application/New-Hotel-Id-Collection-Function/id_separation_function/supplier/ratehawkhotel/db_present_but_server_json_not_present.txt (963 records)

Done.

Done.
Summary table updated.
History saved: /var/www/ScriptEngine/Python-Application/New-Hotel-Id-Collection-Function/id_separation_function/history/ratehawkhotel/2026-07-31.json
Finished: ratehawkhotel
End Time: Fri Jul 31 21:04:30 UTC 2026

===========================================
Running supplier: restel
Start Time: Fri Jul 31 21:04:30 UTC 2026
===========================================
Loading .env environment variables...
Supplier: restel
JSON Path: /var/www/Storage-Contents/Hotel-Supplier-Raw-Contents/restel
Output Path: /var/www/ScriptEngine/Python-Application/New-Hotel-Id-Collection-Function/id_separation_function/supplier/restel
Server JSON Count: 144480
Database Hotel Count: 144473
Database New Today Count: 2
ITTID Done: 87229
Pending ITTID: 57244
Saved: /var/www/ScriptEngine/Python-Application/New-Hotel-Id-Collection-Function/id_separation_function/supplier/restel/server_file_list.txt (144480 records)
Saved: /var/www/ScriptEngine/Python-Application/New-Hotel-Id-Collection-Function/id_separation_function/supplier/restel/db_hotel_id_list.txt (144473 records)
Saved: /var/www/ScriptEngine/Python-Application/New-Hotel-Id-Collection-Function/id_separation_function/supplier/restel/server_present_but_db_id_not_present_list.txt (7 records)
Saved: /var/www/ScriptEngine/Python-Application/New-Hotel-Id-Collection-Function/id_separation_function/supplier/restel/db_present_but_server_json_not_present.txt (0 records)

Done.

Done.
Summary table updated.
History saved: /var/www/ScriptEngine/Python-Application/New-Hotel-Id-Collection-Function/id_separation_function/history/restel/2026-07-31.json
Finished: restel
End Time: Fri Jul 31 21:04:32 UTC 2026

===========================================
Running supplier: rnrhotel
Start Time: Fri Jul 31 21:04:32 UTC 2026
===========================================
Loading .env environment variables...
Supplier: rnrhotel
JSON Path: /var/www/Storage-Contents/Hotel-Supplier-Raw-Contents/rnrhotel
Output Path: /var/www/ScriptEngine/Python-Application/New-Hotel-Id-Collection-Function/id_separation_function/supplier/rnrhotel
Server JSON Count: 112
Database Hotel Count: 112
Database New Today Count: 0
ITTID Done: 106
Pending ITTID: 6
Saved: /var/www/ScriptEngine/Python-Application/New-Hotel-Id-Collection-Function/id_separation_function/supplier/rnrhotel/server_file_list.txt (112 records)
Saved: /var/www/ScriptEngine/Python-Application/New-Hotel-Id-Collection-Function/id_separation_function/supplier/rnrhotel/db_hotel_id_list.txt (112 records)
Saved: /var/www/ScriptEngine/Python-Application/New-Hotel-Id-Collection-Function/id_separation_function/supplier/rnrhotel/server_present_but_db_id_not_present_list.txt (0 records)
Saved: /var/www/ScriptEngine/Python-Application/New-Hotel-Id-Collection-Function/id_separation_function/supplier/rnrhotel/db_present_but_server_json_not_present.txt (0 records)

Done.

Done.
Summary table updated.
History saved: /var/www/ScriptEngine/Python-Application/New-Hotel-Id-Collection-Function/id_separation_function/history/rnrhotel/2026-07-31.json
Finished: rnrhotel
End Time: Fri Jul 31 21:04:33 UTC 2026

===========================================
Running supplier: roomerang
Start Time: Fri Jul 31 21:04:33 UTC 2026
===========================================
Loading .env environment variables...
Supplier: roomerang
JSON Path: /var/www/Storage-Contents/Hotel-Supplier-Raw-Contents/roomerang
Output Path: /var/www/ScriptEngine/Python-Application/New-Hotel-Id-Collection-Function/id_separation_function/supplier/roomerang
Server JSON Count: 708546
Database Hotel Count: 708527
Database New Today Count: 0
ITTID Done: 181282
Pending ITTID: 527245
Saved: /var/www/ScriptEngine/Python-Application/New-Hotel-Id-Collection-Function/id_separation_function/supplier/roomerang/server_file_list.txt (708546 records)
Saved: /var/www/ScriptEngine/Python-Application/New-Hotel-Id-Collection-Function/id_separation_function/supplier/roomerang/db_hotel_id_list.txt (708527 records)
Saved: /var/www/ScriptEngine/Python-Application/New-Hotel-Id-Collection-Function/id_separation_function/supplier/roomerang/server_present_but_db_id_not_present_list.txt (19 records)
Saved: /var/www/ScriptEngine/Python-Application/New-Hotel-Id-Collection-Function/id_separation_function/supplier/roomerang/db_present_but_server_json_not_present.txt (0 records)

Done.

Done.
Summary table updated.
History saved: /var/www/ScriptEngine/Python-Application/New-Hotel-Id-Collection-Function/id_separation_function/history/roomerang/2026-07-31.json
Finished: roomerang
End Time: Fri Jul 31 21:04:42 UTC 2026

===========================================
Running supplier: stuba
Start Time: Fri Jul 31 21:04:42 UTC 2026
===========================================
Loading .env environment variables...
Supplier: stuba
JSON Path: /var/www/Storage-Contents/Hotel-Supplier-Raw-Contents/stuba
Output Path: /var/www/ScriptEngine/Python-Application/New-Hotel-Id-Collection-Function/id_separation_function/supplier/stuba
Server JSON Count: 128611
Database Hotel Count: 128611
Database New Today Count: 0
ITTID Done: 115926
Pending ITTID: 12685
Saved: /var/www/ScriptEngine/Python-Application/New-Hotel-Id-Collection-Function/id_separation_function/supplier/stuba/server_file_list.txt (128611 records)
Saved: /var/www/ScriptEngine/Python-Application/New-Hotel-Id-Collection-Function/id_separation_function/supplier/stuba/db_hotel_id_list.txt (128611 records)
Saved: /var/www/ScriptEngine/Python-Application/New-Hotel-Id-Collection-Function/id_separation_function/supplier/stuba/server_present_but_db_id_not_present_list.txt (0 records)
Saved: /var/www/ScriptEngine/Python-Application/New-Hotel-Id-Collection-Function/id_separation_function/supplier/stuba/db_present_but_server_json_not_present.txt (0 records)

Done.

Done.
Summary table updated.
History saved: /var/www/ScriptEngine/Python-Application/New-Hotel-Id-Collection-Function/id_separation_function/history/stuba/2026-07-31.json
Finished: stuba
End Time: Fri Jul 31 21:04:44 UTC 2026

===========================================
Running supplier: tbohotel
Start Time: Fri Jul 31 21:04:44 UTC 2026
===========================================
Loading .env environment variables...
Supplier: tbohotel
JSON Path: /var/www/Storage-Contents/Hotel-Supplier-Raw-Contents/tbohotel
Output Path: /var/www/ScriptEngine/Python-Application/New-Hotel-Id-Collection-Function/id_separation_function/supplier/tbohotel
Server JSON Count: 1048323
Database Hotel Count: 1048321
Database New Today Count: 0
ITTID Done: 1036167
Pending ITTID: 12154
Saved: /var/www/ScriptEngine/Python-Application/New-Hotel-Id-Collection-Function/id_separation_function/supplier/tbohotel/server_file_list.txt (1048323 records)
Saved: /var/www/ScriptEngine/Python-Application/New-Hotel-Id-Collection-Function/id_separation_function/supplier/tbohotel/db_hotel_id_list.txt (1048321 records)
Saved: /var/www/ScriptEngine/Python-Application/New-Hotel-Id-Collection-Function/id_separation_function/supplier/tbohotel/server_present_but_db_id_not_present_list.txt (2 records)
Saved: /var/www/ScriptEngine/Python-Application/New-Hotel-Id-Collection-Function/id_separation_function/supplier/tbohotel/db_present_but_server_json_not_present.txt (0 records)

Done.

Done.
Summary table updated.
History saved: /var/www/ScriptEngine/Python-Application/New-Hotel-Id-Collection-Function/id_separation_function/history/tbohotel/2026-07-31.json
Finished: tbohotel
End Time: Fri Jul 31 21:05:00 UTC 2026

===========================================
Running supplier: travelrobothotel
Start Time: Fri Jul 31 21:05:00 UTC 2026
===========================================
Loading .env environment variables...
Supplier: travelrobothotel
JSON Path: /var/www/Storage-Contents/Hotel-Supplier-Raw-Contents/travelrobothotel
Output Path: /var/www/ScriptEngine/Python-Application/New-Hotel-Id-Collection-Function/id_separation_function/supplier/travelrobothotel
Server JSON Count: 1461694
Database Hotel Count: 1461693
Database New Today Count: 0
ITTID Done: 0
Pending ITTID: 1461693
Saved: /var/www/ScriptEngine/Python-Application/New-Hotel-Id-Collection-Function/id_separation_function/supplier/travelrobothotel/server_file_list.txt (1461694 records)
Saved: /var/www/ScriptEngine/Python-Application/New-Hotel-Id-Collection-Function/id_separation_function/supplier/travelrobothotel/db_hotel_id_list.txt (1461693 records)
Saved: /var/www/ScriptEngine/Python-Application/New-Hotel-Id-Collection-Function/id_separation_function/supplier/travelrobothotel/server_present_but_db_id_not_present_list.txt (1 records)
Saved: /var/www/ScriptEngine/Python-Application/New-Hotel-Id-Collection-Function/id_separation_function/supplier/travelrobothotel/db_present_but_server_json_not_present.txt (0 records)

Done.

Done.
Summary table updated.
History saved: /var/www/ScriptEngine/Python-Application/New-Hotel-Id-Collection-Function/id_separation_function/history/travelrobothotel/2026-07-31.json
Finished: travelrobothotel
End Time: Fri Jul 31 21:05:20 UTC 2026

===========================================
All suppliers completed.
Finished at: Fri Jul 31 21:05:20 UTC 2026
===========================================
===========================================
Started at: Sat Aug  1 21:00:01 UTC 2026
===========================================

===========================================
Running supplier: agoda
Start Time: Sat Aug  1 21:00:01 UTC 2026
===========================================
Loading .env environment variables...
Supplier: agoda
JSON Path: /var/www/Storage-Contents/Hotel-Supplier-Raw-Contents/agoda
Output Path: /var/www/ScriptEngine/Python-Application/New-Hotel-Id-Collection-Function/id_separation_function/supplier/agoda
Server JSON Count: 1060807
Database Hotel Count: 1060807
Database New Today Count: 7407
ITTID Done: 1044112
Pending ITTID: 16695
Saved: /var/www/ScriptEngine/Python-Application/New-Hotel-Id-Collection-Function/id_separation_function/supplier/agoda/server_file_list.txt (1060807 records)
Saved: /var/www/ScriptEngine/Python-Application/New-Hotel-Id-Collection-Function/id_separation_function/supplier/agoda/db_hotel_id_list.txt (1060807 records)
Saved: /var/www/ScriptEngine/Python-Application/New-Hotel-Id-Collection-Function/id_separation_function/supplier/agoda/server_present_but_db_id_not_present_list.txt (0 records)
Saved: /var/www/ScriptEngine/Python-Application/New-Hotel-Id-Collection-Function/id_separation_function/supplier/agoda/db_present_but_server_json_not_present.txt (0 records)

Done.

Done.
Summary table updated.
History saved: /var/www/ScriptEngine/Python-Application/New-Hotel-Id-Collection-Function/id_separation_function/history/agoda/2026-08-01.json
Finished: agoda
End Time: Sat Aug  1 21:00:33 UTC 2026

===========================================
Running supplier: amadeushotel
Start Time: Sat Aug  1 21:00:33 UTC 2026
===========================================
Loading .env environment variables...
Supplier: amadeushotel
JSON Path: /var/www/Storage-Contents/Hotel-Supplier-Raw-Contents/amadeushotel
Output Path: /var/www/ScriptEngine/Python-Application/New-Hotel-Id-Collection-Function/id_separation_function/supplier/amadeushotel
Server JSON Count: 94196
Database Hotel Count: 94196
Database New Today Count: 0
ITTID Done: 0
Pending ITTID: 94196
Saved: /var/www/ScriptEngine/Python-Application/New-Hotel-Id-Collection-Function/id_separation_function/supplier/amadeushotel/server_file_list.txt (94196 records)
Saved: /var/www/ScriptEngine/Python-Application/New-Hotel-Id-Collection-Function/id_separation_function/supplier/amadeushotel/db_hotel_id_list.txt (94196 records)
Saved: /var/www/ScriptEngine/Python-Application/New-Hotel-Id-Collection-Function/id_separation_function/supplier/amadeushotel/server_present_but_db_id_not_present_list.txt (0 records)
Saved: /var/www/ScriptEngine/Python-Application/New-Hotel-Id-Collection-Function/id_separation_function/supplier/amadeushotel/db_present_but_server_json_not_present.txt (0 records)

Done.

Done.
Summary table updated.
History saved: /var/www/ScriptEngine/Python-Application/New-Hotel-Id-Collection-Function/id_separation_function/history/amadeushotel/2026-08-01.json
Finished: amadeushotel
End Time: Sat Aug  1 21:00:35 UTC 2026

===========================================
Running supplier: didahotel
Start Time: Sat Aug  1 21:00:35 UTC 2026
===========================================
Loading .env environment variables...
Supplier: didahotel
JSON Path: /var/www/Storage-Contents/Hotel-Supplier-Raw-Contents/didahotel
Output Path: /var/www/ScriptEngine/Python-Application/New-Hotel-Id-Collection-Function/id_separation_function/supplier/didahotel
Server JSON Count: 209784
Database Hotel Count: 209784
Database New Today Count: 0
ITTID Done: 180325
Pending ITTID: 29459
Saved: /var/www/ScriptEngine/Python-Application/New-Hotel-Id-Collection-Function/id_separation_function/supplier/didahotel/server_file_list.txt (209784 records)
Saved: /var/www/ScriptEngine/Python-Application/New-Hotel-Id-Collection-Function/id_separation_function/supplier/didahotel/db_hotel_id_list.txt (209784 records)
Saved: /var/www/ScriptEngine/Python-Application/New-Hotel-Id-Collection-Function/id_separation_function/supplier/didahotel/server_present_but_db_id_not_present_list.txt (0 records)
Saved: /var/www/ScriptEngine/Python-Application/New-Hotel-Id-Collection-Function/id_separation_function/supplier/didahotel/db_present_but_server_json_not_present.txt (0 records)

Done.

Done.
Summary table updated.
History saved: /var/www/ScriptEngine/Python-Application/New-Hotel-Id-Collection-Function/id_separation_function/history/didahotel/2026-08-01.json
Finished: didahotel
End Time: Sat Aug  1 21:00:38 UTC 2026

===========================================
Running supplier: dotw
Start Time: Sat Aug  1 21:00:38 UTC 2026
===========================================
Loading .env environment variables...
Supplier: dotw
JSON Path: /var/www/Storage-Contents/Hotel-Supplier-Raw-Contents/dotw
Output Path: /var/www/ScriptEngine/Python-Application/New-Hotel-Id-Collection-Function/id_separation_function/supplier/dotw
Server JSON Count: 227144
Database Hotel Count: 227143
Database New Today Count: 0
ITTID Done: 215632
Pending ITTID: 11511
Saved: /var/www/ScriptEngine/Python-Application/New-Hotel-Id-Collection-Function/id_separation_function/supplier/dotw/server_file_list.txt (227144 records)
Saved: /var/www/ScriptEngine/Python-Application/New-Hotel-Id-Collection-Function/id_separation_function/supplier/dotw/db_hotel_id_list.txt (227143 records)
Saved: /var/www/ScriptEngine/Python-Application/New-Hotel-Id-Collection-Function/id_separation_function/supplier/dotw/server_present_but_db_id_not_present_list.txt (1 records)
Saved: /var/www/ScriptEngine/Python-Application/New-Hotel-Id-Collection-Function/id_separation_function/supplier/dotw/db_present_but_server_json_not_present.txt (0 records)

Done.

Done.
Summary table updated.
History saved: /var/www/ScriptEngine/Python-Application/New-Hotel-Id-Collection-Function/id_separation_function/history/dotw/2026-08-01.json
Finished: dotw
End Time: Sat Aug  1 21:00:42 UTC 2026

===========================================
Running supplier: ean
Start Time: Sat Aug  1 21:00:42 UTC 2026
===========================================
Loading .env environment variables...
Supplier: ean
JSON Path: /var/www/Storage-Contents/Hotel-Supplier-Raw-Contents/ean
Output Path: /var/www/ScriptEngine/Python-Application/New-Hotel-Id-Collection-Function/id_separation_function/supplier/ean
Server JSON Count: 618848
Database Hotel Count: 618848
Database New Today Count: 78
ITTID Done: 508942
Pending ITTID: 109906
Saved: /var/www/ScriptEngine/Python-Application/New-Hotel-Id-Collection-Function/id_separation_function/supplier/ean/server_file_list.txt (618848 records)
Saved: /var/www/ScriptEngine/Python-Application/New-Hotel-Id-Collection-Function/id_separation_function/supplier/ean/db_hotel_id_list.txt (618848 records)
Saved: /var/www/ScriptEngine/Python-Application/New-Hotel-Id-Collection-Function/id_separation_function/supplier/ean/server_present_but_db_id_not_present_list.txt (0 records)
Saved: /var/www/ScriptEngine/Python-Application/New-Hotel-Id-Collection-Function/id_separation_function/supplier/ean/db_present_but_server_json_not_present.txt (0 records)

Done.

Done.
Summary table updated.
History saved: /var/www/ScriptEngine/Python-Application/New-Hotel-Id-Collection-Function/id_separation_function/history/ean/2026-08-01.json
Finished: ean
End Time: Sat Aug  1 21:00:53 UTC 2026

===========================================
Running supplier: ebookinghotel
Start Time: Sat Aug  1 21:00:53 UTC 2026
===========================================
Loading .env environment variables...
Supplier: ebookinghotel
JSON Path: /var/www/Storage-Contents/Hotel-Supplier-Raw-Contents/ebookinghotel
Output Path: /var/www/ScriptEngine/Python-Application/New-Hotel-Id-Collection-Function/id_separation_function/supplier/ebookinghotel
Server JSON Count: 878990
Database Hotel Count: 878990
Database New Today Count: 0
ITTID Done: 0
Pending ITTID: 878990
Saved: /var/www/ScriptEngine/Python-Application/New-Hotel-Id-Collection-Function/id_separation_function/supplier/ebookinghotel/server_file_list.txt (878990 records)
Saved: /var/www/ScriptEngine/Python-Application/New-Hotel-Id-Collection-Function/id_separation_function/supplier/ebookinghotel/db_hotel_id_list.txt (878990 records)
Saved: /var/www/ScriptEngine/Python-Application/New-Hotel-Id-Collection-Function/id_separation_function/supplier/ebookinghotel/server_present_but_db_id_not_present_list.txt (0 records)
Saved: /var/www/ScriptEngine/Python-Application/New-Hotel-Id-Collection-Function/id_separation_function/supplier/ebookinghotel/db_present_but_server_json_not_present.txt (0 records)

Done.

Done.
Summary table updated.
History saved: /var/www/ScriptEngine/Python-Application/New-Hotel-Id-Collection-Function/id_separation_function/history/ebookinghotel/2026-08-01.json
Finished: ebookinghotel
End Time: Sat Aug  1 21:01:09 UTC 2026

===========================================
Running supplier: goglobal
Start Time: Sat Aug  1 21:01:09 UTC 2026
===========================================
Loading .env environment variables...
Supplier: goglobal
JSON Path: /var/www/Storage-Contents/Hotel-Supplier-Raw-Contents/goglobal
Output Path: /var/www/ScriptEngine/Python-Application/New-Hotel-Id-Collection-Function/id_separation_function/supplier/goglobal
Server JSON Count: 221411
Database Hotel Count: 221393
Database New Today Count: 0
ITTID Done: 215415
Pending ITTID: 5978
Saved: /var/www/ScriptEngine/Python-Application/New-Hotel-Id-Collection-Function/id_separation_function/supplier/goglobal/server_file_list.txt (221411 records)
Saved: /var/www/ScriptEngine/Python-Application/New-Hotel-Id-Collection-Function/id_separation_function/supplier/goglobal/db_hotel_id_list.txt (221393 records)
Saved: /var/www/ScriptEngine/Python-Application/New-Hotel-Id-Collection-Function/id_separation_function/supplier/goglobal/server_present_but_db_id_not_present_list.txt (18 records)
Saved: /var/www/ScriptEngine/Python-Application/New-Hotel-Id-Collection-Function/id_separation_function/supplier/goglobal/db_present_but_server_json_not_present.txt (0 records)

Done.

Done.
Summary table updated.
History saved: /var/www/ScriptEngine/Python-Application/New-Hotel-Id-Collection-Function/id_separation_function/history/goglobal/2026-08-01.json
Finished: goglobal
End Time: Sat Aug  1 21:01:14 UTC 2026

===========================================
Running supplier: grnconnect
Start Time: Sat Aug  1 21:01:14 UTC 2026
===========================================
Loading .env environment variables...
Supplier: grnconnect
JSON Path: /var/www/Storage-Contents/Hotel-Supplier-Raw-Contents/grnconnect
Output Path: /var/www/ScriptEngine/Python-Application/New-Hotel-Id-Collection-Function/id_separation_function/supplier/grnconnect
Server JSON Count: 214625
Database Hotel Count: 214625
Database New Today Count: 0
ITTID Done: 185747
Pending ITTID: 28878
Saved: /var/www/ScriptEngine/Python-Application/New-Hotel-Id-Collection-Function/id_separation_function/supplier/grnconnect/server_file_list.txt (214625 records)
Saved: /var/www/ScriptEngine/Python-Application/New-Hotel-Id-Collection-Function/id_separation_function/supplier/grnconnect/db_hotel_id_list.txt (214625 records)
Saved: /var/www/ScriptEngine/Python-Application/New-Hotel-Id-Collection-Function/id_separation_function/supplier/grnconnect/server_present_but_db_id_not_present_list.txt (0 records)
Saved: /var/www/ScriptEngine/Python-Application/New-Hotel-Id-Collection-Function/id_separation_function/supplier/grnconnect/db_present_but_server_json_not_present.txt (0 records)

Done.

Done.
Summary table updated.
History saved: /var/www/ScriptEngine/Python-Application/New-Hotel-Id-Collection-Function/id_separation_function/history/grnconnect/2026-08-01.json
Finished: grnconnect
End Time: Sat Aug  1 21:01:18 UTC 2026

===========================================
Running supplier: hotelbeds
Start Time: Sat Aug  1 21:01:18 UTC 2026
===========================================
Loading .env environment variables...
Supplier: hotelbeds
JSON Path: /var/www/Storage-Contents/Hotel-Supplier-Raw-Contents/hotelbeds
Output Path: /var/www/ScriptEngine/Python-Application/New-Hotel-Id-Collection-Function/id_separation_function/supplier/hotelbeds
Server JSON Count: 474774
Database Hotel Count: 474774
Database New Today Count: 88
ITTID Done: 474581
Pending ITTID: 193
Saved: /var/www/ScriptEngine/Python-Application/New-Hotel-Id-Collection-Function/id_separation_function/supplier/hotelbeds/server_file_list.txt (474774 records)
Saved: /var/www/ScriptEngine/Python-Application/New-Hotel-Id-Collection-Function/id_separation_function/supplier/hotelbeds/db_hotel_id_list.txt (474774 records)
Saved: /var/www/ScriptEngine/Python-Application/New-Hotel-Id-Collection-Function/id_separation_function/supplier/hotelbeds/server_present_but_db_id_not_present_list.txt (0 records)
Saved: /var/www/ScriptEngine/Python-Application/New-Hotel-Id-Collection-Function/id_separation_function/supplier/hotelbeds/db_present_but_server_json_not_present.txt (0 records)

Done.

Done.
Summary table updated.
History saved: /var/www/ScriptEngine/Python-Application/New-Hotel-Id-Collection-Function/id_separation_function/history/hotelbeds/2026-08-01.json
Finished: hotelbeds
End Time: Sat Aug  1 21:01:36 UTC 2026

===========================================
Running supplier: hotelston
Start Time: Sat Aug  1 21:01:36 UTC 2026
===========================================
Loading .env environment variables...
Supplier: hotelston
JSON Path: /var/www/Storage-Contents/Hotel-Supplier-Raw-Contents/hotelston
Output Path: /var/www/ScriptEngine/Python-Application/New-Hotel-Id-Collection-Function/id_separation_function/supplier/hotelston
Server JSON Count: 3693299
Database Hotel Count: 3693299
Database New Today Count: 0
ITTID Done: 603685
Pending ITTID: 3089614
Saved: /var/www/ScriptEngine/Python-Application/New-Hotel-Id-Collection-Function/id_separation_function/supplier/hotelston/server_file_list.txt (3693299 records)
Saved: /var/www/ScriptEngine/Python-Application/New-Hotel-Id-Collection-Function/id_separation_function/supplier/hotelston/db_hotel_id_list.txt (3693299 records)
Saved: /var/www/ScriptEngine/Python-Application/New-Hotel-Id-Collection-Function/id_separation_function/supplier/hotelston/server_present_but_db_id_not_present_list.txt (0 records)
Saved: /var/www/ScriptEngine/Python-Application/New-Hotel-Id-Collection-Function/id_separation_function/supplier/hotelston/db_present_but_server_json_not_present.txt (0 records)

Done.

Done.
Summary table updated.
History saved: /var/www/ScriptEngine/Python-Application/New-Hotel-Id-Collection-Function/id_separation_function/history/hotelston/2026-08-01.json
Finished: hotelston
End Time: Sat Aug  1 21:02:24 UTC 2026

===========================================
Running supplier: hyperguestdirect
Start Time: Sat Aug  1 21:02:24 UTC 2026
===========================================
Loading .env environment variables...
Supplier: hyperguestdirect
JSON Path: /var/www/Storage-Contents/Hotel-Supplier-Raw-Contents/hyperguestdirect
Output Path: /var/www/ScriptEngine/Python-Application/New-Hotel-Id-Collection-Function/id_separation_function/supplier/hyperguestdirect
Server JSON Count: 66837
Database Hotel Count: 66837
Database New Today Count: 4
ITTID Done: 49276
Pending ITTID: 17561
Saved: /var/www/ScriptEngine/Python-Application/New-Hotel-Id-Collection-Function/id_separation_function/supplier/hyperguestdirect/server_file_list.txt (66837 records)
Saved: /var/www/ScriptEngine/Python-Application/New-Hotel-Id-Collection-Function/id_separation_function/supplier/hyperguestdirect/db_hotel_id_list.txt (66837 records)
Saved: /var/www/ScriptEngine/Python-Application/New-Hotel-Id-Collection-Function/id_separation_function/supplier/hyperguestdirect/server_present_but_db_id_not_present_list.txt (0 records)
Saved: /var/www/ScriptEngine/Python-Application/New-Hotel-Id-Collection-Function/id_separation_function/supplier/hyperguestdirect/db_present_but_server_json_not_present.txt (0 records)

Done.

Done.
Summary table updated.
History saved: /var/www/ScriptEngine/Python-Application/New-Hotel-Id-Collection-Function/id_separation_function/history/hyperguestdirect/2026-08-01.json
Finished: hyperguestdirect
End Time: Sat Aug  1 21:02:26 UTC 2026

===========================================
Running supplier: illusionshotel
Start Time: Sat Aug  1 21:02:26 UTC 2026
===========================================
Loading .env environment variables...
Supplier: illusionshotel
JSON Path: /var/www/Storage-Contents/Hotel-Supplier-Raw-Contents/illusionshotel
Output Path: /var/www/ScriptEngine/Python-Application/New-Hotel-Id-Collection-Function/id_separation_function/supplier/illusionshotel
Server JSON Count: 395727
Database Hotel Count: 395727
Database New Today Count: 0
ITTID Done: 42240
Pending ITTID: 353487
Saved: /var/www/ScriptEngine/Python-Application/New-Hotel-Id-Collection-Function/id_separation_function/supplier/illusionshotel/server_file_list.txt (395727 records)
Saved: /var/www/ScriptEngine/Python-Application/New-Hotel-Id-Collection-Function/id_separation_function/supplier/illusionshotel/db_hotel_id_list.txt (395727 records)
Saved: /var/www/ScriptEngine/Python-Application/New-Hotel-Id-Collection-Function/id_separation_function/supplier/illusionshotel/server_present_but_db_id_not_present_list.txt (0 records)
Saved: /var/www/ScriptEngine/Python-Application/New-Hotel-Id-Collection-Function/id_separation_function/supplier/illusionshotel/db_present_but_server_json_not_present.txt (0 records)

Done.

Done.
Summary table updated.
History saved: /var/www/ScriptEngine/Python-Application/New-Hotel-Id-Collection-Function/id_separation_function/history/illusionshotel/2026-08-01.json
Finished: illusionshotel
End Time: Sat Aug  1 21:02:32 UTC 2026

===========================================
Running supplier: innstant
Start Time: Sat Aug  1 21:02:32 UTC 2026
===========================================
Loading .env environment variables...
Supplier: innstant
JSON Path: /var/www/Storage-Contents/Hotel-Supplier-Raw-Contents/innstant
Output Path: /var/www/ScriptEngine/Python-Application/New-Hotel-Id-Collection-Function/id_separation_function/supplier/innstant
Server JSON Count: 649448
Database Hotel Count: 649436
Database New Today Count: 0
ITTID Done: 555240
Pending ITTID: 94196
Saved: /var/www/ScriptEngine/Python-Application/New-Hotel-Id-Collection-Function/id_separation_function/supplier/innstant/server_file_list.txt (649448 records)
Saved: /var/www/ScriptEngine/Python-Application/New-Hotel-Id-Collection-Function/id_separation_function/supplier/innstant/db_hotel_id_list.txt (649436 records)
Saved: /var/www/ScriptEngine/Python-Application/New-Hotel-Id-Collection-Function/id_separation_function/supplier/innstant/server_present_but_db_id_not_present_list.txt (12 records)
Saved: /var/www/ScriptEngine/Python-Application/New-Hotel-Id-Collection-Function/id_separation_function/supplier/innstant/db_present_but_server_json_not_present.txt (0 records)

Done.

Done.
Summary table updated.
History saved: /var/www/ScriptEngine/Python-Application/New-Hotel-Id-Collection-Function/id_separation_function/history/innstant/2026-08-01.json
Finished: innstant
End Time: Sat Aug  1 21:02:52 UTC 2026

===========================================
Running supplier: juniperhotel
Start Time: Sat Aug  1 21:02:52 UTC 2026
===========================================
Loading .env environment variables...
Supplier: juniperhotel
JSON Path: /var/www/Storage-Contents/Hotel-Supplier-Raw-Contents/juniperhotel
Output Path: /var/www/ScriptEngine/Python-Application/New-Hotel-Id-Collection-Function/id_separation_function/supplier/juniperhotel
Server JSON Count: 428859
Database Hotel Count: 429113
Database New Today Count: 0
ITTID Done: 427080
Pending ITTID: 2033
Saved: /var/www/ScriptEngine/Python-Application/New-Hotel-Id-Collection-Function/id_separation_function/supplier/juniperhotel/server_file_list.txt (428859 records)
Saved: /var/www/ScriptEngine/Python-Application/New-Hotel-Id-Collection-Function/id_separation_function/supplier/juniperhotel/db_hotel_id_list.txt (429113 records)
Saved: /var/www/ScriptEngine/Python-Application/New-Hotel-Id-Collection-Function/id_separation_function/supplier/juniperhotel/server_present_but_db_id_not_present_list.txt (0 records)
Saved: /var/www/ScriptEngine/Python-Application/New-Hotel-Id-Collection-Function/id_separation_function/supplier/juniperhotel/db_present_but_server_json_not_present.txt (254 records)

Done.

Done.
Summary table updated.
History saved: /var/www/ScriptEngine/Python-Application/New-Hotel-Id-Collection-Function/id_separation_function/history/juniperhotel/2026-08-01.json
Finished: juniperhotel
End Time: Sat Aug  1 21:03:03 UTC 2026

===========================================
Running supplier: kiwihotel
Start Time: Sat Aug  1 21:03:03 UTC 2026
===========================================
Loading .env environment variables...
Supplier: kiwihotel
JSON Path: /var/www/Storage-Contents/Hotel-Supplier-Raw-Contents/kiwihotel
Output Path: /var/www/ScriptEngine/Python-Application/New-Hotel-Id-Collection-Function/id_separation_function/supplier/kiwihotel
Server JSON Count: 1943
Database Hotel Count: 1943
Database New Today Count: 0
ITTID Done: 0
Pending ITTID: 1943
Saved: /var/www/ScriptEngine/Python-Application/New-Hotel-Id-Collection-Function/id_separation_function/supplier/kiwihotel/server_file_list.txt (1943 records)
Saved: /var/www/ScriptEngine/Python-Application/New-Hotel-Id-Collection-Function/id_separation_function/supplier/kiwihotel/db_hotel_id_list.txt (1943 records)
Saved: /var/www/ScriptEngine/Python-Application/New-Hotel-Id-Collection-Function/id_separation_function/supplier/kiwihotel/server_present_but_db_id_not_present_list.txt (0 records)
Saved: /var/www/ScriptEngine/Python-Application/New-Hotel-Id-Collection-Function/id_separation_function/supplier/kiwihotel/db_present_but_server_json_not_present.txt (0 records)

Done.

Done.
Summary table updated.
History saved: /var/www/ScriptEngine/Python-Application/New-Hotel-Id-Collection-Function/id_separation_function/history/kiwihotel/2026-08-01.json
Finished: kiwihotel
End Time: Sat Aug  1 21:03:04 UTC 2026

===========================================
Running supplier: mgholiday
Start Time: Sat Aug  1 21:03:04 UTC 2026
===========================================
Loading .env environment variables...
Supplier: mgholiday
JSON Path: /var/www/Storage-Contents/Hotel-Supplier-Raw-Contents/mgholiday
Output Path: /var/www/ScriptEngine/Python-Application/New-Hotel-Id-Collection-Function/id_separation_function/supplier/mgholiday
Server JSON Count: 237610
Database Hotel Count: 237609
Database New Today Count: 0
ITTID Done: 196323
Pending ITTID: 41286
Saved: /var/www/ScriptEngine/Python-Application/New-Hotel-Id-Collection-Function/id_separation_function/supplier/mgholiday/server_file_list.txt (237610 records)
Saved: /var/www/ScriptEngine/Python-Application/New-Hotel-Id-Collection-Function/id_separation_function/supplier/mgholiday/db_hotel_id_list.txt (237609 records)
Saved: /var/www/ScriptEngine/Python-Application/New-Hotel-Id-Collection-Function/id_separation_function/supplier/mgholiday/server_present_but_db_id_not_present_list.txt (2 records)
Saved: /var/www/ScriptEngine/Python-Application/New-Hotel-Id-Collection-Function/id_separation_function/supplier/mgholiday/db_present_but_server_json_not_present.txt (1 records)

Done.

Done.
Summary table updated.
History saved: /var/www/ScriptEngine/Python-Application/New-Hotel-Id-Collection-Function/id_separation_function/history/mgholiday/2026-08-01.json
Finished: mgholiday
End Time: Sat Aug  1 21:03:09 UTC 2026

===========================================
Running supplier: paximumhotel
Start Time: Sat Aug  1 21:03:09 UTC 2026
===========================================
Loading .env environment variables...
Supplier: paximumhotel
JSON Path: /var/www/Storage-Contents/Hotel-Supplier-Raw-Contents/paximumhotel
Output Path: /var/www/ScriptEngine/Python-Application/New-Hotel-Id-Collection-Function/id_separation_function/supplier/paximumhotel
Server JSON Count: 1385584
Database Hotel Count: 1385589
Database New Today Count: 0
ITTID Done: 109901
Pending ITTID: 1275688
Saved: /var/www/ScriptEngine/Python-Application/New-Hotel-Id-Collection-Function/id_separation_function/supplier/paximumhotel/server_file_list.txt (1385584 records)
Saved: /var/www/ScriptEngine/Python-Application/New-Hotel-Id-Collection-Function/id_separation_function/supplier/paximumhotel/db_hotel_id_list.txt (1385589 records)
Saved: /var/www/ScriptEngine/Python-Application/New-Hotel-Id-Collection-Function/id_separation_function/supplier/paximumhotel/server_present_but_db_id_not_present_list.txt (0 records)
Saved: /var/www/ScriptEngine/Python-Application/New-Hotel-Id-Collection-Function/id_separation_function/supplier/paximumhotel/db_present_but_server_json_not_present.txt (5 records)

Done.

Done.
Summary table updated.
History saved: /var/www/ScriptEngine/Python-Application/New-Hotel-Id-Collection-Function/id_separation_function/history/paximumhotel/2026-08-01.json
Finished: paximumhotel
End Time: Sat Aug  1 21:03:29 UTC 2026

===========================================
Running supplier: rakuten
Start Time: Sat Aug  1 21:03:29 UTC 2026
===========================================
Loading .env environment variables...
Supplier: rakuten
JSON Path: /var/www/Storage-Contents/Hotel-Supplier-Raw-Contents/rakuten
Output Path: /var/www/ScriptEngine/Python-Application/New-Hotel-Id-Collection-Function/id_separation_function/supplier/rakuten
Server JSON Count: 37864
Database Hotel Count: 37587
Database New Today Count: 0
ITTID Done: 14079
Pending ITTID: 23508
Saved: /var/www/ScriptEngine/Python-Application/New-Hotel-Id-Collection-Function/id_separation_function/supplier/rakuten/server_file_list.txt (37864 records)
Saved: /var/www/ScriptEngine/Python-Application/New-Hotel-Id-Collection-Function/id_separation_function/supplier/rakuten/db_hotel_id_list.txt (37587 records)
Saved: /var/www/ScriptEngine/Python-Application/New-Hotel-Id-Collection-Function/id_separation_function/supplier/rakuten/server_present_but_db_id_not_present_list.txt (277 records)
Saved: /var/www/ScriptEngine/Python-Application/New-Hotel-Id-Collection-Function/id_separation_function/supplier/rakuten/db_present_but_server_json_not_present.txt (0 records)

Done.

Done.
Summary table updated.
History saved: /var/www/ScriptEngine/Python-Application/New-Hotel-Id-Collection-Function/id_separation_function/history/rakuten/2026-08-01.json
Finished: rakuten
End Time: Sat Aug  1 21:03:30 UTC 2026

===========================================
Running supplier: ratehawkhotel
Start Time: Sat Aug  1 21:03:30 UTC 2026
===========================================
Loading .env environment variables...
Supplier: ratehawkhotel
JSON Path: /var/www/Storage-Contents/Hotel-Supplier-Raw-Contents/ratehawkhotel
Output Path: /var/www/ScriptEngine/Python-Application/New-Hotel-Id-Collection-Function/id_separation_function/supplier/ratehawkhotel
Server JSON Count: 2771500
Database Hotel Count: 2767561
Database New Today Count: 0
ITTID Done: 1376209
Pending ITTID: 1391352
Saved: /var/www/ScriptEngine/Python-Application/New-Hotel-Id-Collection-Function/id_separation_function/supplier/ratehawkhotel/server_file_list.txt (2771500 records)
Saved: /var/www/ScriptEngine/Python-Application/New-Hotel-Id-Collection-Function/id_separation_function/supplier/ratehawkhotel/db_hotel_id_list.txt (2767561 records)
Saved: /var/www/ScriptEngine/Python-Application/New-Hotel-Id-Collection-Function/id_separation_function/supplier/ratehawkhotel/server_present_but_db_id_not_present_list.txt (4902 records)
Saved: /var/www/ScriptEngine/Python-Application/New-Hotel-Id-Collection-Function/id_separation_function/supplier/ratehawkhotel/db_present_but_server_json_not_present.txt (963 records)

Done.

Done.
Summary table updated.
History saved: /var/www/ScriptEngine/Python-Application/New-Hotel-Id-Collection-Function/id_separation_function/history/ratehawkhotel/2026-08-01.json
Finished: ratehawkhotel
End Time: Sat Aug  1 21:04:15 UTC 2026

===========================================
Running supplier: restel
Start Time: Sat Aug  1 21:04:15 UTC 2026
===========================================
Loading .env environment variables...
Supplier: restel
JSON Path: /var/www/Storage-Contents/Hotel-Supplier-Raw-Contents/restel
Output Path: /var/www/ScriptEngine/Python-Application/New-Hotel-Id-Collection-Function/id_separation_function/supplier/restel
Server JSON Count: 144480
Database Hotel Count: 144473
Database New Today Count: 0
ITTID Done: 87229
Pending ITTID: 57244
Saved: /var/www/ScriptEngine/Python-Application/New-Hotel-Id-Collection-Function/id_separation_function/supplier/restel/server_file_list.txt (144480 records)
Saved: /var/www/ScriptEngine/Python-Application/New-Hotel-Id-Collection-Function/id_separation_function/supplier/restel/db_hotel_id_list.txt (144473 records)
Saved: /var/www/ScriptEngine/Python-Application/New-Hotel-Id-Collection-Function/id_separation_function/supplier/restel/server_present_but_db_id_not_present_list.txt (7 records)
Saved: /var/www/ScriptEngine/Python-Application/New-Hotel-Id-Collection-Function/id_separation_function/supplier/restel/db_present_but_server_json_not_present.txt (0 records)

Done.

Done.
Summary table updated.
History saved: /var/www/ScriptEngine/Python-Application/New-Hotel-Id-Collection-Function/id_separation_function/history/restel/2026-08-01.json
Finished: restel
End Time: Sat Aug  1 21:04:18 UTC 2026

===========================================
Running supplier: rnrhotel
Start Time: Sat Aug  1 21:04:18 UTC 2026
===========================================
Loading .env environment variables...
Supplier: rnrhotel
JSON Path: /var/www/Storage-Contents/Hotel-Supplier-Raw-Contents/rnrhotel
Output Path: /var/www/ScriptEngine/Python-Application/New-Hotel-Id-Collection-Function/id_separation_function/supplier/rnrhotel
Server JSON Count: 112
Database Hotel Count: 112
Database New Today Count: 0
ITTID Done: 106
Pending ITTID: 6
Saved: /var/www/ScriptEngine/Python-Application/New-Hotel-Id-Collection-Function/id_separation_function/supplier/rnrhotel/server_file_list.txt (112 records)
Saved: /var/www/ScriptEngine/Python-Application/New-Hotel-Id-Collection-Function/id_separation_function/supplier/rnrhotel/db_hotel_id_list.txt (112 records)
Saved: /var/www/ScriptEngine/Python-Application/New-Hotel-Id-Collection-Function/id_separation_function/supplier/rnrhotel/server_present_but_db_id_not_present_list.txt (0 records)
Saved: /var/www/ScriptEngine/Python-Application/New-Hotel-Id-Collection-Function/id_separation_function/supplier/rnrhotel/db_present_but_server_json_not_present.txt (0 records)

Done.

Done.
Summary table updated.
History saved: /var/www/ScriptEngine/Python-Application/New-Hotel-Id-Collection-Function/id_separation_function/history/rnrhotel/2026-08-01.json
Finished: rnrhotel
End Time: Sat Aug  1 21:04:18 UTC 2026

===========================================
Running supplier: roomerang
Start Time: Sat Aug  1 21:04:18 UTC 2026
===========================================
Loading .env environment variables...
Supplier: roomerang
JSON Path: /var/www/Storage-Contents/Hotel-Supplier-Raw-Contents/roomerang
Output Path: /var/www/ScriptEngine/Python-Application/New-Hotel-Id-Collection-Function/id_separation_function/supplier/roomerang
Server JSON Count: 708546
Database Hotel Count: 708527
Database New Today Count: 0
ITTID Done: 181282
Pending ITTID: 527245
Saved: /var/www/ScriptEngine/Python-Application/New-Hotel-Id-Collection-Function/id_separation_function/supplier/roomerang/server_file_list.txt (708546 records)
Saved: /var/www/ScriptEngine/Python-Application/New-Hotel-Id-Collection-Function/id_separation_function/supplier/roomerang/db_hotel_id_list.txt (708527 records)
Saved: /var/www/ScriptEngine/Python-Application/New-Hotel-Id-Collection-Function/id_separation_function/supplier/roomerang/server_present_but_db_id_not_present_list.txt (19 records)
Saved: /var/www/ScriptEngine/Python-Application/New-Hotel-Id-Collection-Function/id_separation_function/supplier/roomerang/db_present_but_server_json_not_present.txt (0 records)

Done.

Done.
Summary table updated.
History saved: /var/www/ScriptEngine/Python-Application/New-Hotel-Id-Collection-Function/id_separation_function/history/roomerang/2026-08-01.json
Finished: roomerang
End Time: Sat Aug  1 21:04:27 UTC 2026

===========================================
Running supplier: stuba
Start Time: Sat Aug  1 21:04:27 UTC 2026
===========================================
Loading .env environment variables...
Supplier: stuba
JSON Path: /var/www/Storage-Contents/Hotel-Supplier-Raw-Contents/stuba
Output Path: /var/www/ScriptEngine/Python-Application/New-Hotel-Id-Collection-Function/id_separation_function/supplier/stuba
Server JSON Count: 128611
Database Hotel Count: 128611
Database New Today Count: 0
ITTID Done: 115926
Pending ITTID: 12685
Saved: /var/www/ScriptEngine/Python-Application/New-Hotel-Id-Collection-Function/id_separation_function/supplier/stuba/server_file_list.txt (128611 records)
Saved: /var/www/ScriptEngine/Python-Application/New-Hotel-Id-Collection-Function/id_separation_function/supplier/stuba/db_hotel_id_list.txt (128611 records)
Saved: /var/www/ScriptEngine/Python-Application/New-Hotel-Id-Collection-Function/id_separation_function/supplier/stuba/server_present_but_db_id_not_present_list.txt (0 records)
Saved: /var/www/ScriptEngine/Python-Application/New-Hotel-Id-Collection-Function/id_separation_function/supplier/stuba/db_present_but_server_json_not_present.txt (0 records)

Done.

Done.
Summary table updated.
History saved: /var/www/ScriptEngine/Python-Application/New-Hotel-Id-Collection-Function/id_separation_function/history/stuba/2026-08-01.json
Finished: stuba
End Time: Sat Aug  1 21:04:29 UTC 2026

===========================================
Running supplier: tbohotel
Start Time: Sat Aug  1 21:04:29 UTC 2026
===========================================
Loading .env environment variables...
Supplier: tbohotel
JSON Path: /var/www/Storage-Contents/Hotel-Supplier-Raw-Contents/tbohotel
Output Path: /var/www/ScriptEngine/Python-Application/New-Hotel-Id-Collection-Function/id_separation_function/supplier/tbohotel
Server JSON Count: 1048323
Database Hotel Count: 1048321
Database New Today Count: 0
ITTID Done: 1036974
Pending ITTID: 11347
Saved: /var/www/ScriptEngine/Python-Application/New-Hotel-Id-Collection-Function/id_separation_function/supplier/tbohotel/server_file_list.txt (1048323 records)
Saved: /var/www/ScriptEngine/Python-Application/New-Hotel-Id-Collection-Function/id_separation_function/supplier/tbohotel/db_hotel_id_list.txt (1048321 records)
Saved: /var/www/ScriptEngine/Python-Application/New-Hotel-Id-Collection-Function/id_separation_function/supplier/tbohotel/server_present_but_db_id_not_present_list.txt (2 records)
Saved: /var/www/ScriptEngine/Python-Application/New-Hotel-Id-Collection-Function/id_separation_function/supplier/tbohotel/db_present_but_server_json_not_present.txt (0 records)

Done.

Done.
Summary table updated.
History saved: /var/www/ScriptEngine/Python-Application/New-Hotel-Id-Collection-Function/id_separation_function/history/tbohotel/2026-08-01.json
Finished: tbohotel
End Time: Sat Aug  1 21:04:47 UTC 2026

===========================================
Running supplier: travelrobothotel
Start Time: Sat Aug  1 21:04:47 UTC 2026
===========================================
Loading .env environment variables...
Supplier: travelrobothotel
JSON Path: /var/www/Storage-Contents/Hotel-Supplier-Raw-Contents/travelrobothotel
Output Path: /var/www/ScriptEngine/Python-Application/New-Hotel-Id-Collection-Function/id_separation_function/supplier/travelrobothotel
Server JSON Count: 1461694
Database Hotel Count: 1461693
Database New Today Count: 0
ITTID Done: 0
Pending ITTID: 1461693
Saved: /var/www/ScriptEngine/Python-Application/New-Hotel-Id-Collection-Function/id_separation_function/supplier/travelrobothotel/server_file_list.txt (1461694 records)
Saved: /var/www/ScriptEngine/Python-Application/New-Hotel-Id-Collection-Function/id_separation_function/supplier/travelrobothotel/db_hotel_id_list.txt (1461693 records)
Saved: /var/www/ScriptEngine/Python-Application/New-Hotel-Id-Collection-Function/id_separation_function/supplier/travelrobothotel/server_present_but_db_id_not_present_list.txt (1 records)
Saved: /var/www/ScriptEngine/Python-Application/New-Hotel-Id-Collection-Function/id_separation_function/supplier/travelrobothotel/db_present_but_server_json_not_present.txt (0 records)

Done.

Done.
Summary table updated.
History saved: /var/www/ScriptEngine/Python-Application/New-Hotel-Id-Collection-Function/id_separation_function/history/travelrobothotel/2026-08-01.json
Finished: travelrobothotel
End Time: Sat Aug  1 21:05:07 UTC 2026

===========================================
All suppliers completed.
Finished at: Sat Aug  1 21:05:07 UTC 2026
===========================================
===========================================
Started at: Sun Aug  2 21:00:01 UTC 2026
===========================================

===========================================
Running supplier: agoda
Start Time: Sun Aug  2 21:00:01 UTC 2026
===========================================
Loading .env environment variables...
Supplier: agoda
JSON Path: /var/www/Storage-Contents/Hotel-Supplier-Raw-Contents/agoda
Output Path: /var/www/ScriptEngine/Python-Application/New-Hotel-Id-Collection-Function/id_separation_function/supplier/agoda
Server JSON Count: 1067533
Database Hotel Count: 1067533
Database New Today Count: 6726
ITTID Done: 1060807
Pending ITTID: 6726
Saved: /var/www/ScriptEngine/Python-Application/New-Hotel-Id-Collection-Function/id_separation_function/supplier/agoda/server_file_list.txt (1067533 records)
Saved: /var/www/ScriptEngine/Python-Application/New-Hotel-Id-Collection-Function/id_separation_function/supplier/agoda/db_hotel_id_list.txt (1067533 records)
Saved: /var/www/ScriptEngine/Python-Application/New-Hotel-Id-Collection-Function/id_separation_function/supplier/agoda/server_present_but_db_id_not_present_list.txt (0 records)
Saved: /var/www/ScriptEngine/Python-Application/New-Hotel-Id-Collection-Function/id_separation_function/supplier/agoda/db_present_but_server_json_not_present.txt (0 records)

Done.

Done.
Summary table updated.
History saved: /var/www/ScriptEngine/Python-Application/New-Hotel-Id-Collection-Function/id_separation_function/history/agoda/2026-08-02.json
Finished: agoda
End Time: Sun Aug  2 21:00:41 UTC 2026

===========================================
Running supplier: amadeushotel
Start Time: Sun Aug  2 21:00:41 UTC 2026
===========================================
Loading .env environment variables...
Supplier: amadeushotel
JSON Path: /var/www/Storage-Contents/Hotel-Supplier-Raw-Contents/amadeushotel
Output Path: /var/www/ScriptEngine/Python-Application/New-Hotel-Id-Collection-Function/id_separation_function/supplier/amadeushotel
Server JSON Count: 94196
Database Hotel Count: 94196
Database New Today Count: 0
ITTID Done: 0
Pending ITTID: 94196
Saved: /var/www/ScriptEngine/Python-Application/New-Hotel-Id-Collection-Function/id_separation_function/supplier/amadeushotel/server_file_list.txt (94196 records)
Saved: /var/www/ScriptEngine/Python-Application/New-Hotel-Id-Collection-Function/id_separation_function/supplier/amadeushotel/db_hotel_id_list.txt (94196 records)
Saved: /var/www/ScriptEngine/Python-Application/New-Hotel-Id-Collection-Function/id_separation_function/supplier/amadeushotel/server_present_but_db_id_not_present_list.txt (0 records)
Saved: /var/www/ScriptEngine/Python-Application/New-Hotel-Id-Collection-Function/id_separation_function/supplier/amadeushotel/db_present_but_server_json_not_present.txt (0 records)

Done.

Done.
Summary table updated.
History saved: /var/www/ScriptEngine/Python-Application/New-Hotel-Id-Collection-Function/id_separation_function/history/amadeushotel/2026-08-02.json
Finished: amadeushotel
End Time: Sun Aug  2 21:00:43 UTC 2026

===========================================
Running supplier: didahotel
Start Time: Sun Aug  2 21:00:43 UTC 2026
===========================================
Loading .env environment variables...
Supplier: didahotel
JSON Path: /var/www/Storage-Contents/Hotel-Supplier-Raw-Contents/didahotel
Output Path: /var/www/ScriptEngine/Python-Application/New-Hotel-Id-Collection-Function/id_separation_function/supplier/didahotel
Server JSON Count: 209784
Database Hotel Count: 209784
Database New Today Count: 0
ITTID Done: 180325
Pending ITTID: 29459
Saved: /var/www/ScriptEngine/Python-Application/New-Hotel-Id-Collection-Function/id_separation_function/supplier/didahotel/server_file_list.txt (209784 records)
Saved: /var/www/ScriptEngine/Python-Application/New-Hotel-Id-Collection-Function/id_separation_function/supplier/didahotel/db_hotel_id_list.txt (209784 records)
Saved: /var/www/ScriptEngine/Python-Application/New-Hotel-Id-Collection-Function/id_separation_function/supplier/didahotel/server_present_but_db_id_not_present_list.txt (0 records)
Saved: /var/www/ScriptEngine/Python-Application/New-Hotel-Id-Collection-Function/id_separation_function/supplier/didahotel/db_present_but_server_json_not_present.txt (0 records)

Done.

Done.
Summary table updated.
History saved: /var/www/ScriptEngine/Python-Application/New-Hotel-Id-Collection-Function/id_separation_function/history/didahotel/2026-08-02.json
Finished: didahotel
End Time: Sun Aug  2 21:00:47 UTC 2026

===========================================
Running supplier: dotw
Start Time: Sun Aug  2 21:00:47 UTC 2026
===========================================
Loading .env environment variables...
Supplier: dotw
JSON Path: /var/www/Storage-Contents/Hotel-Supplier-Raw-Contents/dotw
Output Path: /var/www/ScriptEngine/Python-Application/New-Hotel-Id-Collection-Function/id_separation_function/supplier/dotw
Server JSON Count: 227144
Database Hotel Count: 227143
Database New Today Count: 0
ITTID Done: 215632
Pending ITTID: 11511
Saved: /var/www/ScriptEngine/Python-Application/New-Hotel-Id-Collection-Function/id_separation_function/supplier/dotw/server_file_list.txt (227144 records)
Saved: /var/www/ScriptEngine/Python-Application/New-Hotel-Id-Collection-Function/id_separation_function/supplier/dotw/db_hotel_id_list.txt (227143 records)
Saved: /var/www/ScriptEngine/Python-Application/New-Hotel-Id-Collection-Function/id_separation_function/supplier/dotw/server_present_but_db_id_not_present_list.txt (1 records)
Saved: /var/www/ScriptEngine/Python-Application/New-Hotel-Id-Collection-Function/id_separation_function/supplier/dotw/db_present_but_server_json_not_present.txt (0 records)

Done.

Done.
Summary table updated.
History saved: /var/www/ScriptEngine/Python-Application/New-Hotel-Id-Collection-Function/id_separation_function/history/dotw/2026-08-02.json
Finished: dotw
End Time: Sun Aug  2 21:00:52 UTC 2026

===========================================
Running supplier: ean
Start Time: Sun Aug  2 21:00:52 UTC 2026
===========================================
Loading .env environment variables...
Supplier: ean
JSON Path: /var/www/Storage-Contents/Hotel-Supplier-Raw-Contents/ean
Output Path: /var/www/ScriptEngine/Python-Application/New-Hotel-Id-Collection-Function/id_separation_function/supplier/ean
Server JSON Count: 618970
Database Hotel Count: 618970
Database New Today Count: 122
ITTID Done: 508942
Pending ITTID: 110028
Saved: /var/www/ScriptEngine/Python-Application/New-Hotel-Id-Collection-Function/id_separation_function/supplier/ean/server_file_list.txt (618970 records)
Saved: /var/www/ScriptEngine/Python-Application/New-Hotel-Id-Collection-Function/id_separation_function/supplier/ean/db_hotel_id_list.txt (618970 records)
Saved: /var/www/ScriptEngine/Python-Application/New-Hotel-Id-Collection-Function/id_separation_function/supplier/ean/server_present_but_db_id_not_present_list.txt (0 records)
Saved: /var/www/ScriptEngine/Python-Application/New-Hotel-Id-Collection-Function/id_separation_function/supplier/ean/db_present_but_server_json_not_present.txt (0 records)

Done.

Done.
Summary table updated.
History saved: /var/www/ScriptEngine/Python-Application/New-Hotel-Id-Collection-Function/id_separation_function/history/ean/2026-08-02.json
Finished: ean
End Time: Sun Aug  2 21:01:03 UTC 2026

===========================================
Running supplier: ebookinghotel
Start Time: Sun Aug  2 21:01:03 UTC 2026
===========================================
Loading .env environment variables...
Supplier: ebookinghotel
JSON Path: /var/www/Storage-Contents/Hotel-Supplier-Raw-Contents/ebookinghotel
Output Path: /var/www/ScriptEngine/Python-Application/New-Hotel-Id-Collection-Function/id_separation_function/supplier/ebookinghotel
Server JSON Count: 878990
Database Hotel Count: 878990
Database New Today Count: 0
ITTID Done: 0
Pending ITTID: 878990
Saved: /var/www/ScriptEngine/Python-Application/New-Hotel-Id-Collection-Function/id_separation_function/supplier/ebookinghotel/server_file_list.txt (878990 records)
Saved: /var/www/ScriptEngine/Python-Application/New-Hotel-Id-Collection-Function/id_separation_function/supplier/ebookinghotel/db_hotel_id_list.txt (878990 records)
Saved: /var/www/ScriptEngine/Python-Application/New-Hotel-Id-Collection-Function/id_separation_function/supplier/ebookinghotel/server_present_but_db_id_not_present_list.txt (0 records)
Saved: /var/www/ScriptEngine/Python-Application/New-Hotel-Id-Collection-Function/id_separation_function/supplier/ebookinghotel/db_present_but_server_json_not_present.txt (0 records)

Done.

Done.
Summary table updated.
History saved: /var/www/ScriptEngine/Python-Application/New-Hotel-Id-Collection-Function/id_separation_function/history/ebookinghotel/2026-08-02.json
Finished: ebookinghotel
End Time: Sun Aug  2 21:01:22 UTC 2026

===========================================
Running supplier: goglobal
Start Time: Sun Aug  2 21:01:22 UTC 2026
===========================================
Loading .env environment variables...
Supplier: goglobal
JSON Path: /var/www/Storage-Contents/Hotel-Supplier-Raw-Contents/goglobal
Output Path: /var/www/ScriptEngine/Python-Application/New-Hotel-Id-Collection-Function/id_separation_function/supplier/goglobal
Server JSON Count: 221411
Database Hotel Count: 221393
Database New Today Count: 0
ITTID Done: 215415
Pending ITTID: 5978
Saved: /var/www/ScriptEngine/Python-Application/New-Hotel-Id-Collection-Function/id_separation_function/supplier/goglobal/server_file_list.txt (221411 records)
Saved: /var/www/ScriptEngine/Python-Application/New-Hotel-Id-Collection-Function/id_separation_function/supplier/goglobal/db_hotel_id_list.txt (221393 records)
Saved: /var/www/ScriptEngine/Python-Application/New-Hotel-Id-Collection-Function/id_separation_function/supplier/goglobal/server_present_but_db_id_not_present_list.txt (18 records)
Saved: /var/www/ScriptEngine/Python-Application/New-Hotel-Id-Collection-Function/id_separation_function/supplier/goglobal/db_present_but_server_json_not_present.txt (0 records)

Done.

Done.
Summary table updated.
History saved: /var/www/ScriptEngine/Python-Application/New-Hotel-Id-Collection-Function/id_separation_function/history/goglobal/2026-08-02.json
Finished: goglobal
End Time: Sun Aug  2 21:01:27 UTC 2026

===========================================
Running supplier: grnconnect
Start Time: Sun Aug  2 21:01:27 UTC 2026
===========================================
Loading .env environment variables...
Supplier: grnconnect
JSON Path: /var/www/Storage-Contents/Hotel-Supplier-Raw-Contents/grnconnect
Output Path: /var/www/ScriptEngine/Python-Application/New-Hotel-Id-Collection-Function/id_separation_function/supplier/grnconnect
Server JSON Count: 214625
Database Hotel Count: 214625
Database New Today Count: 0
ITTID Done: 185747
Pending ITTID: 28878
Saved: /var/www/ScriptEngine/Python-Application/New-Hotel-Id-Collection-Function/id_separation_function/supplier/grnconnect/server_file_list.txt (214625 records)
Saved: /var/www/ScriptEngine/Python-Application/New-Hotel-Id-Collection-Function/id_separation_function/supplier/grnconnect/db_hotel_id_list.txt (214625 records)
Saved: /var/www/ScriptEngine/Python-Application/New-Hotel-Id-Collection-Function/id_separation_function/supplier/grnconnect/server_present_but_db_id_not_present_list.txt (0 records)
Saved: /var/www/ScriptEngine/Python-Application/New-Hotel-Id-Collection-Function/id_separation_function/supplier/grnconnect/db_present_but_server_json_not_present.txt (0 records)

Done.

Done.
Summary table updated.
History saved: /var/www/ScriptEngine/Python-Application/New-Hotel-Id-Collection-Function/id_separation_function/history/grnconnect/2026-08-02.json
Finished: grnconnect
End Time: Sun Aug  2 21:01:31 UTC 2026

===========================================
Running supplier: hotelbeds
Start Time: Sun Aug  2 21:01:31 UTC 2026
===========================================
Loading .env environment variables...
Supplier: hotelbeds
JSON Path: /var/www/Storage-Contents/Hotel-Supplier-Raw-Contents/hotelbeds
Output Path: /var/www/ScriptEngine/Python-Application/New-Hotel-Id-Collection-Function/id_separation_function/supplier/hotelbeds
Server JSON Count: 474792
Database Hotel Count: 474792
Database New Today Count: 18
ITTID Done: 474581
Pending ITTID: 211
Saved: /var/www/ScriptEngine/Python-Application/New-Hotel-Id-Collection-Function/id_separation_function/supplier/hotelbeds/server_file_list.txt (474792 records)
Saved: /var/www/ScriptEngine/Python-Application/New-Hotel-Id-Collection-Function/id_separation_function/supplier/hotelbeds/db_hotel_id_list.txt (474792 records)
Saved: /var/www/ScriptEngine/Python-Application/New-Hotel-Id-Collection-Function/id_separation_function/supplier/hotelbeds/server_present_but_db_id_not_present_list.txt (0 records)
Saved: /var/www/ScriptEngine/Python-Application/New-Hotel-Id-Collection-Function/id_separation_function/supplier/hotelbeds/db_present_but_server_json_not_present.txt (0 records)

Done.

Done.
Summary table updated.
History saved: /var/www/ScriptEngine/Python-Application/New-Hotel-Id-Collection-Function/id_separation_function/history/hotelbeds/2026-08-02.json
Finished: hotelbeds
End Time: Sun Aug  2 21:01:49 UTC 2026

===========================================
Running supplier: hotelston
Start Time: Sun Aug  2 21:01:49 UTC 2026
===========================================
Loading .env environment variables...
Supplier: hotelston
JSON Path: /var/www/Storage-Contents/Hotel-Supplier-Raw-Contents/hotelston
Output Path: /var/www/ScriptEngine/Python-Application/New-Hotel-Id-Collection-Function/id_separation_function/supplier/hotelston
Server JSON Count: 3693299
Database Hotel Count: 3693299
Database New Today Count: 0
ITTID Done: 603685
Pending ITTID: 3089614
Saved: /var/www/ScriptEngine/Python-Application/New-Hotel-Id-Collection-Function/id_separation_function/supplier/hotelston/server_file_list.txt (3693299 records)
Saved: /var/www/ScriptEngine/Python-Application/New-Hotel-Id-Collection-Function/id_separation_function/supplier/hotelston/db_hotel_id_list.txt (3693299 records)
Saved: /var/www/ScriptEngine/Python-Application/New-Hotel-Id-Collection-Function/id_separation_function/supplier/hotelston/server_present_but_db_id_not_present_list.txt (0 records)
Saved: /var/www/ScriptEngine/Python-Application/New-Hotel-Id-Collection-Function/id_separation_function/supplier/hotelston/db_present_but_server_json_not_present.txt (0 records)

Done.

Done.
Summary table updated.
History saved: /var/www/ScriptEngine/Python-Application/New-Hotel-Id-Collection-Function/id_separation_function/history/hotelston/2026-08-02.json
Finished: hotelston
End Time: Sun Aug  2 21:03:26 UTC 2026

===========================================
Running supplier: hyperguestdirect
Start Time: Sun Aug  2 21:03:26 UTC 2026
===========================================
Loading .env environment variables...
Supplier: hyperguestdirect
JSON Path: /var/www/Storage-Contents/Hotel-Supplier-Raw-Contents/hyperguestdirect
Output Path: /var/www/ScriptEngine/Python-Application/New-Hotel-Id-Collection-Function/id_separation_function/supplier/hyperguestdirect
Server JSON Count: 66840
Database Hotel Count: 66840
Database New Today Count: 3
ITTID Done: 49276
Pending ITTID: 17564
Saved: /var/www/ScriptEngine/Python-Application/New-Hotel-Id-Collection-Function/id_separation_function/supplier/hyperguestdirect/server_file_list.txt (66840 records)
Saved: /var/www/ScriptEngine/Python-Application/New-Hotel-Id-Collection-Function/id_separation_function/supplier/hyperguestdirect/db_hotel_id_list.txt (66840 records)
Saved: /var/www/ScriptEngine/Python-Application/New-Hotel-Id-Collection-Function/id_separation_function/supplier/hyperguestdirect/server_present_but_db_id_not_present_list.txt (0 records)
Saved: /var/www/ScriptEngine/Python-Application/New-Hotel-Id-Collection-Function/id_separation_function/supplier/hyperguestdirect/db_present_but_server_json_not_present.txt (0 records)

Done.

Done.
Summary table updated.
History saved: /var/www/ScriptEngine/Python-Application/New-Hotel-Id-Collection-Function/id_separation_function/history/hyperguestdirect/2026-08-02.json
Finished: hyperguestdirect
End Time: Sun Aug  2 21:03:28 UTC 2026

===========================================
Running supplier: illusionshotel
Start Time: Sun Aug  2 21:03:28 UTC 2026
===========================================
Loading .env environment variables...
Supplier: illusionshotel
JSON Path: /var/www/Storage-Contents/Hotel-Supplier-Raw-Contents/illusionshotel
Output Path: /var/www/ScriptEngine/Python-Application/New-Hotel-Id-Collection-Function/id_separation_function/supplier/illusionshotel
Server JSON Count: 395727
Database Hotel Count: 395727
Database New Today Count: 0
ITTID Done: 42240
Pending ITTID: 353487
Saved: /var/www/ScriptEngine/Python-Application/New-Hotel-Id-Collection-Function/id_separation_function/supplier/illusionshotel/server_file_list.txt (395727 records)
Saved: /var/www/ScriptEngine/Python-Application/New-Hotel-Id-Collection-Function/id_separation_function/supplier/illusionshotel/db_hotel_id_list.txt (395727 records)
Saved: /var/www/ScriptEngine/Python-Application/New-Hotel-Id-Collection-Function/id_separation_function/supplier/illusionshotel/server_present_but_db_id_not_present_list.txt (0 records)
Saved: /var/www/ScriptEngine/Python-Application/New-Hotel-Id-Collection-Function/id_separation_function/supplier/illusionshotel/db_present_but_server_json_not_present.txt (0 records)

Done.

Done.
Summary table updated.
History saved: /var/www/ScriptEngine/Python-Application/New-Hotel-Id-Collection-Function/id_separation_function/history/illusionshotel/2026-08-02.json
Finished: illusionshotel
End Time: Sun Aug  2 21:03:37 UTC 2026

===========================================
Running supplier: innstant
Start Time: Sun Aug  2 21:03:37 UTC 2026
===========================================
Loading .env environment variables...
Supplier: innstant
JSON Path: /var/www/Storage-Contents/Hotel-Supplier-Raw-Contents/innstant
Output Path: /var/www/ScriptEngine/Python-Application/New-Hotel-Id-Collection-Function/id_separation_function/supplier/innstant
Server JSON Count: 649448
Database Hotel Count: 649436
Database New Today Count: 0
ITTID Done: 555240
Pending ITTID: 94196
Saved: /var/www/ScriptEngine/Python-Application/New-Hotel-Id-Collection-Function/id_separation_function/supplier/innstant/server_file_list.txt (649448 records)
Saved: /var/www/ScriptEngine/Python-Application/New-Hotel-Id-Collection-Function/id_separation_function/supplier/innstant/db_hotel_id_list.txt (649436 records)
Saved: /var/www/ScriptEngine/Python-Application/New-Hotel-Id-Collection-Function/id_separation_function/supplier/innstant/server_present_but_db_id_not_present_list.txt (12 records)
Saved: /var/www/ScriptEngine/Python-Application/New-Hotel-Id-Collection-Function/id_separation_function/supplier/innstant/db_present_but_server_json_not_present.txt (0 records)

Done.

Done.
Summary table updated.
History saved: /var/www/ScriptEngine/Python-Application/New-Hotel-Id-Collection-Function/id_separation_function/history/innstant/2026-08-02.json
Finished: innstant
End Time: Sun Aug  2 21:03:57 UTC 2026

===========================================
Running supplier: juniperhotel
Start Time: Sun Aug  2 21:03:57 UTC 2026
===========================================
Loading .env environment variables...
Supplier: juniperhotel
JSON Path: /var/www/Storage-Contents/Hotel-Supplier-Raw-Contents/juniperhotel
Output Path: /var/www/ScriptEngine/Python-Application/New-Hotel-Id-Collection-Function/id_separation_function/supplier/juniperhotel
Server JSON Count: 428859
Database Hotel Count: 429113
Database New Today Count: 0
ITTID Done: 427080
Pending ITTID: 2033
Saved: /var/www/ScriptEngine/Python-Application/New-Hotel-Id-Collection-Function/id_separation_function/supplier/juniperhotel/server_file_list.txt (428859 records)
Saved: /var/www/ScriptEngine/Python-Application/New-Hotel-Id-Collection-Function/id_separation_function/supplier/juniperhotel/db_hotel_id_list.txt (429113 records)
Saved: /var/www/ScriptEngine/Python-Application/New-Hotel-Id-Collection-Function/id_separation_function/supplier/juniperhotel/server_present_but_db_id_not_present_list.txt (0 records)
Saved: /var/www/ScriptEngine/Python-Application/New-Hotel-Id-Collection-Function/id_separation_function/supplier/juniperhotel/db_present_but_server_json_not_present.txt (254 records)

Done.

Done.
Summary table updated.
History saved: /var/www/ScriptEngine/Python-Application/New-Hotel-Id-Collection-Function/id_separation_function/history/juniperhotel/2026-08-02.json
Finished: juniperhotel
End Time: Sun Aug  2 21:04:10 UTC 2026

===========================================
Running supplier: kiwihotel
Start Time: Sun Aug  2 21:04:10 UTC 2026
===========================================
Loading .env environment variables...
Supplier: kiwihotel
JSON Path: /var/www/Storage-Contents/Hotel-Supplier-Raw-Contents/kiwihotel
Output Path: /var/www/ScriptEngine/Python-Application/New-Hotel-Id-Collection-Function/id_separation_function/supplier/kiwihotel
Server JSON Count: 1943
Database Hotel Count: 1943
Database New Today Count: 0
ITTID Done: 0
Pending ITTID: 1943
Saved: /var/www/ScriptEngine/Python-Application/New-Hotel-Id-Collection-Function/id_separation_function/supplier/kiwihotel/server_file_list.txt (1943 records)
Saved: /var/www/ScriptEngine/Python-Application/New-Hotel-Id-Collection-Function/id_separation_function/supplier/kiwihotel/db_hotel_id_list.txt (1943 records)
Saved: /var/www/ScriptEngine/Python-Application/New-Hotel-Id-Collection-Function/id_separation_function/supplier/kiwihotel/server_present_but_db_id_not_present_list.txt (0 records)
Saved: /var/www/ScriptEngine/Python-Application/New-Hotel-Id-Collection-Function/id_separation_function/supplier/kiwihotel/db_present_but_server_json_not_present.txt (0 records)

Done.

Done.
Summary table updated.
History saved: /var/www/ScriptEngine/Python-Application/New-Hotel-Id-Collection-Function/id_separation_function/history/kiwihotel/2026-08-02.json
Finished: kiwihotel
End Time: Sun Aug  2 21:04:11 UTC 2026

===========================================
Running supplier: mgholiday
Start Time: Sun Aug  2 21:04:11 UTC 2026
===========================================
Loading .env environment variables...
Supplier: mgholiday
JSON Path: /var/www/Storage-Contents/Hotel-Supplier-Raw-Contents/mgholiday
Output Path: /var/www/ScriptEngine/Python-Application/New-Hotel-Id-Collection-Function/id_separation_function/supplier/mgholiday
Server JSON Count: 237610
Database Hotel Count: 237609
Database New Today Count: 0
ITTID Done: 196323
Pending ITTID: 41286
Saved: /var/www/ScriptEngine/Python-Application/New-Hotel-Id-Collection-Function/id_separation_function/supplier/mgholiday/server_file_list.txt (237610 records)
Saved: /var/www/ScriptEngine/Python-Application/New-Hotel-Id-Collection-Function/id_separation_function/supplier/mgholiday/db_hotel_id_list.txt (237609 records)
Saved: /var/www/ScriptEngine/Python-Application/New-Hotel-Id-Collection-Function/id_separation_function/supplier/mgholiday/server_present_but_db_id_not_present_list.txt (2 records)
Saved: /var/www/ScriptEngine/Python-Application/New-Hotel-Id-Collection-Function/id_separation_function/supplier/mgholiday/db_present_but_server_json_not_present.txt (1 records)

Done.

Done.
Summary table updated.
History saved: /var/www/ScriptEngine/Python-Application/New-Hotel-Id-Collection-Function/id_separation_function/history/mgholiday/2026-08-02.json
Finished: mgholiday
End Time: Sun Aug  2 21:04:16 UTC 2026

===========================================
Running supplier: paximumhotel
Start Time: Sun Aug  2 21:04:16 UTC 2026
===========================================
Loading .env environment variables...
Supplier: paximumhotel
JSON Path: /var/www/Storage-Contents/Hotel-Supplier-Raw-Contents/paximumhotel
Output Path: /var/www/ScriptEngine/Python-Application/New-Hotel-Id-Collection-Function/id_separation_function/supplier/paximumhotel
Server JSON Count: 1385584
Database Hotel Count: 1385589
Database New Today Count: 0
ITTID Done: 109901
Pending ITTID: 1275688
Saved: /var/www/ScriptEngine/Python-Application/New-Hotel-Id-Collection-Function/id_separation_function/supplier/paximumhotel/server_file_list.txt (1385584 records)
Saved: /var/www/ScriptEngine/Python-Application/New-Hotel-Id-Collection-Function/id_separation_function/supplier/paximumhotel/db_hotel_id_list.txt (1385589 records)
Saved: /var/www/ScriptEngine/Python-Application/New-Hotel-Id-Collection-Function/id_separation_function/supplier/paximumhotel/server_present_but_db_id_not_present_list.txt (0 records)
Saved: /var/www/ScriptEngine/Python-Application/New-Hotel-Id-Collection-Function/id_separation_function/supplier/paximumhotel/db_present_but_server_json_not_present.txt (5 records)

Done.

Done.
Summary table updated.
History saved: /var/www/ScriptEngine/Python-Application/New-Hotel-Id-Collection-Function/id_separation_function/history/paximumhotel/2026-08-02.json
Finished: paximumhotel
End Time: Sun Aug  2 21:04:46 UTC 2026

===========================================
Running supplier: rakuten
Start Time: Sun Aug  2 21:04:46 UTC 2026
===========================================
Loading .env environment variables...
Supplier: rakuten
JSON Path: /var/www/Storage-Contents/Hotel-Supplier-Raw-Contents/rakuten
Output Path: /var/www/ScriptEngine/Python-Application/New-Hotel-Id-Collection-Function/id_separation_function/supplier/rakuten
Server JSON Count: 37864
Database Hotel Count: 37587
Database New Today Count: 0
ITTID Done: 14079
Pending ITTID: 23508
Saved: /var/www/ScriptEngine/Python-Application/New-Hotel-Id-Collection-Function/id_separation_function/supplier/rakuten/server_file_list.txt (37864 records)
Saved: /var/www/ScriptEngine/Python-Application/New-Hotel-Id-Collection-Function/id_separation_function/supplier/rakuten/db_hotel_id_list.txt (37587 records)
Saved: /var/www/ScriptEngine/Python-Application/New-Hotel-Id-Collection-Function/id_separation_function/supplier/rakuten/server_present_but_db_id_not_present_list.txt (277 records)
Saved: /var/www/ScriptEngine/Python-Application/New-Hotel-Id-Collection-Function/id_separation_function/supplier/rakuten/db_present_but_server_json_not_present.txt (0 records)

Done.

Done.
Summary table updated.
History saved: /var/www/ScriptEngine/Python-Application/New-Hotel-Id-Collection-Function/id_separation_function/history/rakuten/2026-08-02.json
Finished: rakuten
End Time: Sun Aug  2 21:04:47 UTC 2026

===========================================
Running supplier: ratehawkhotel
Start Time: Sun Aug  2 21:04:47 UTC 2026
===========================================
Loading .env environment variables...
Supplier: ratehawkhotel
JSON Path: /var/www/Storage-Contents/Hotel-Supplier-Raw-Contents/ratehawkhotel
Output Path: /var/www/ScriptEngine/Python-Application/New-Hotel-Id-Collection-Function/id_separation_function/supplier/ratehawkhotel
Server JSON Count: 2771500
Database Hotel Count: 2767561
Database New Today Count: 0
ITTID Done: 1377040
Pending ITTID: 1390521
Saved: /var/www/ScriptEngine/Python-Application/New-Hotel-Id-Collection-Function/id_separation_function/supplier/ratehawkhotel/server_file_list.txt (2771500 records)
Saved: /var/www/ScriptEngine/Python-Application/New-Hotel-Id-Collection-Function/id_separation_function/supplier/ratehawkhotel/db_hotel_id_list.txt (2767561 records)
Saved: /var/www/ScriptEngine/Python-Application/New-Hotel-Id-Collection-Function/id_separation_function/supplier/ratehawkhotel/server_present_but_db_id_not_present_list.txt (4902 records)
Saved: /var/www/ScriptEngine/Python-Application/New-Hotel-Id-Collection-Function/id_separation_function/supplier/ratehawkhotel/db_present_but_server_json_not_present.txt (963 records)

Done.

Done.
Summary table updated.
History saved: /var/www/ScriptEngine/Python-Application/New-Hotel-Id-Collection-Function/id_separation_function/history/ratehawkhotel/2026-08-02.json
Finished: ratehawkhotel
End Time: Sun Aug  2 21:08:17 UTC 2026

===========================================
Running supplier: restel
Start Time: Sun Aug  2 21:08:17 UTC 2026
===========================================
Loading .env environment variables...
Supplier: restel
JSON Path: /var/www/Storage-Contents/Hotel-Supplier-Raw-Contents/restel
Output Path: /var/www/ScriptEngine/Python-Application/New-Hotel-Id-Collection-Function/id_separation_function/supplier/restel
Server JSON Count: 144480
Database Hotel Count: 144473
Database New Today Count: 0
ITTID Done: 87229
Pending ITTID: 57244
Saved: /var/www/ScriptEngine/Python-Application/New-Hotel-Id-Collection-Function/id_separation_function/supplier/restel/server_file_list.txt (144480 records)
Saved: /var/www/ScriptEngine/Python-Application/New-Hotel-Id-Collection-Function/id_separation_function/supplier/restel/db_hotel_id_list.txt (144473 records)
Saved: /var/www/ScriptEngine/Python-Application/New-Hotel-Id-Collection-Function/id_separation_function/supplier/restel/server_present_but_db_id_not_present_list.txt (7 records)
Saved: /var/www/ScriptEngine/Python-Application/New-Hotel-Id-Collection-Function/id_separation_function/supplier/restel/db_present_but_server_json_not_present.txt (0 records)

Done.

Done.
Summary table updated.
History saved: /var/www/ScriptEngine/Python-Application/New-Hotel-Id-Collection-Function/id_separation_function/history/restel/2026-08-02.json
Finished: restel
End Time: Sun Aug  2 21:08:20 UTC 2026

===========================================
Running supplier: rnrhotel
Start Time: Sun Aug  2 21:08:20 UTC 2026
===========================================
Loading .env environment variables...
Supplier: rnrhotel
JSON Path: /var/www/Storage-Contents/Hotel-Supplier-Raw-Contents/rnrhotel
Output Path: /var/www/ScriptEngine/Python-Application/New-Hotel-Id-Collection-Function/id_separation_function/supplier/rnrhotel
Server JSON Count: 112
Database Hotel Count: 112
Database New Today Count: 0
ITTID Done: 106
Pending ITTID: 6
Saved: /var/www/ScriptEngine/Python-Application/New-Hotel-Id-Collection-Function/id_separation_function/supplier/rnrhotel/server_file_list.txt (112 records)
Saved: /var/www/ScriptEngine/Python-Application/New-Hotel-Id-Collection-Function/id_separation_function/supplier/rnrhotel/db_hotel_id_list.txt (112 records)
Saved: /var/www/ScriptEngine/Python-Application/New-Hotel-Id-Collection-Function/id_separation_function/supplier/rnrhotel/server_present_but_db_id_not_present_list.txt (0 records)
Saved: /var/www/ScriptEngine/Python-Application/New-Hotel-Id-Collection-Function/id_separation_function/supplier/rnrhotel/db_present_but_server_json_not_present.txt (0 records)

Done.

Done.
Summary table updated.
History saved: /var/www/ScriptEngine/Python-Application/New-Hotel-Id-Collection-Function/id_separation_function/history/rnrhotel/2026-08-02.json
Finished: rnrhotel
End Time: Sun Aug  2 21:08:20 UTC 2026

===========================================
Running supplier: roomerang
Start Time: Sun Aug  2 21:08:20 UTC 2026
===========================================
Loading .env environment variables...
Supplier: roomerang
JSON Path: /var/www/Storage-Contents/Hotel-Supplier-Raw-Contents/roomerang
Output Path: /var/www/ScriptEngine/Python-Application/New-Hotel-Id-Collection-Function/id_separation_function/supplier/roomerang
Server JSON Count: 708546
Database Hotel Count: 708527
Database New Today Count: 0
ITTID Done: 181282
Pending ITTID: 527245
Saved: /var/www/ScriptEngine/Python-Application/New-Hotel-Id-Collection-Function/id_separation_function/supplier/roomerang/server_file_list.txt (708546 records)
Saved: /var/www/ScriptEngine/Python-Application/New-Hotel-Id-Collection-Function/id_separation_function/supplier/roomerang/db_hotel_id_list.txt (708527 records)
Saved: /var/www/ScriptEngine/Python-Application/New-Hotel-Id-Collection-Function/id_separation_function/supplier/roomerang/server_present_but_db_id_not_present_list.txt (19 records)
Saved: /var/www/ScriptEngine/Python-Application/New-Hotel-Id-Collection-Function/id_separation_function/supplier/roomerang/db_present_but_server_json_not_present.txt (0 records)

Done.

Done.
Summary table updated.
History saved: /var/www/ScriptEngine/Python-Application/New-Hotel-Id-Collection-Function/id_separation_function/history/roomerang/2026-08-02.json
Finished: roomerang
End Time: Sun Aug  2 21:08:29 UTC 2026

===========================================
Running supplier: stuba
Start Time: Sun Aug  2 21:08:29 UTC 2026
===========================================
Loading .env environment variables...
Supplier: stuba
JSON Path: /var/www/Storage-Contents/Hotel-Supplier-Raw-Contents/stuba
Output Path: /var/www/ScriptEngine/Python-Application/New-Hotel-Id-Collection-Function/id_separation_function/supplier/stuba
Server JSON Count: 128611
Database Hotel Count: 128611
Database New Today Count: 0
ITTID Done: 115926
Pending ITTID: 12685
Saved: /var/www/ScriptEngine/Python-Application/New-Hotel-Id-Collection-Function/id_separation_function/supplier/stuba/server_file_list.txt (128611 records)
Saved: /var/www/ScriptEngine/Python-Application/New-Hotel-Id-Collection-Function/id_separation_function/supplier/stuba/db_hotel_id_list.txt (128611 records)
Saved: /var/www/ScriptEngine/Python-Application/New-Hotel-Id-Collection-Function/id_separation_function/supplier/stuba/server_present_but_db_id_not_present_list.txt (0 records)
Saved: /var/www/ScriptEngine/Python-Application/New-Hotel-Id-Collection-Function/id_separation_function/supplier/stuba/db_present_but_server_json_not_present.txt (0 records)

Done.

Done.
Summary table updated.
History saved: /var/www/ScriptEngine/Python-Application/New-Hotel-Id-Collection-Function/id_separation_function/history/stuba/2026-08-02.json
Finished: stuba
End Time: Sun Aug  2 21:08:31 UTC 2026

===========================================
Running supplier: tbohotel
Start Time: Sun Aug  2 21:08:31 UTC 2026
===========================================
Loading .env environment variables...
Supplier: tbohotel
JSON Path: /var/www/Storage-Contents/Hotel-Supplier-Raw-Contents/tbohotel
Output Path: /var/www/ScriptEngine/Python-Application/New-Hotel-Id-Collection-Function/id_separation_function/supplier/tbohotel
Server JSON Count: 1048323
Database Hotel Count: 1048321
Database New Today Count: 0
ITTID Done: 1037050
Pending ITTID: 11271
Saved: /var/www/ScriptEngine/Python-Application/New-Hotel-Id-Collection-Function/id_separation_function/supplier/tbohotel/server_file_list.txt (1048323 records)
Saved: /var/www/ScriptEngine/Python-Application/New-Hotel-Id-Collection-Function/id_separation_function/supplier/tbohotel/db_hotel_id_list.txt (1048321 records)
Saved: /var/www/ScriptEngine/Python-Application/New-Hotel-Id-Collection-Function/id_separation_function/supplier/tbohotel/server_present_but_db_id_not_present_list.txt (2 records)
Saved: /var/www/ScriptEngine/Python-Application/New-Hotel-Id-Collection-Function/id_separation_function/supplier/tbohotel/db_present_but_server_json_not_present.txt (0 records)

Done.

Done.
Summary table updated.
History saved: /var/www/ScriptEngine/Python-Application/New-Hotel-Id-Collection-Function/id_separation_function/history/tbohotel/2026-08-02.json
Finished: tbohotel
End Time: Sun Aug  2 21:08:49 UTC 2026

===========================================
Running supplier: travelrobothotel
Start Time: Sun Aug  2 21:08:49 UTC 2026
===========================================
Loading .env environment variables...
Supplier: travelrobothotel
JSON Path: /var/www/Storage-Contents/Hotel-Supplier-Raw-Contents/travelrobothotel
Output Path: /var/www/ScriptEngine/Python-Application/New-Hotel-Id-Collection-Function/id_separation_function/supplier/travelrobothotel
Server JSON Count: 1461694
Database Hotel Count: 1461693
Database New Today Count: 0
ITTID Done: 0
Pending ITTID: 1461693
Saved: /var/www/ScriptEngine/Python-Application/New-Hotel-Id-Collection-Function/id_separation_function/supplier/travelrobothotel/server_file_list.txt (1461694 records)
Saved: /var/www/ScriptEngine/Python-Application/New-Hotel-Id-Collection-Function/id_separation_function/supplier/travelrobothotel/db_hotel_id_list.txt (1461693 records)
Saved: /var/www/ScriptEngine/Python-Application/New-Hotel-Id-Collection-Function/id_separation_function/supplier/travelrobothotel/server_present_but_db_id_not_present_list.txt (1 records)
Saved: /var/www/ScriptEngine/Python-Application/New-Hotel-Id-Collection-Function/id_separation_function/supplier/travelrobothotel/db_present_but_server_json_not_present.txt (0 records)

Done.

Done.
Summary table updated.
History saved: /var/www/ScriptEngine/Python-Application/New-Hotel-Id-Collection-Function/id_separation_function/history/travelrobothotel/2026-08-02.json
Finished: travelrobothotel
End Time: Sun Aug  2 21:09:09 UTC 2026

===========================================
All suppliers completed.
Finished at: Sun Aug  2 21:09:09 UTC 2026
===========================================
===========================================
Started at: Mon Aug  3 21:00:01 UTC 2026
===========================================

===========================================
Running supplier: agoda
Start Time: Mon Aug  3 21:00:01 UTC 2026
===========================================
Loading .env environment variables...
Supplier: agoda
JSON Path: /var/www/Storage-Contents/Hotel-Supplier-Raw-Contents/agoda
Output Path: /var/www/ScriptEngine/Python-Application/New-Hotel-Id-Collection-Function/id_separation_function/supplier/agoda
Server JSON Count: 1070714
Database Hotel Count: 1070714
Database New Today Count: 3181
ITTID Done: 1060807
Pending ITTID: 9907
Saved: /var/www/ScriptEngine/Python-Application/New-Hotel-Id-Collection-Function/id_separation_function/supplier/agoda/server_file_list.txt (1070714 records)
Saved: /var/www/ScriptEngine/Python-Application/New-Hotel-Id-Collection-Function/id_separation_function/supplier/agoda/db_hotel_id_list.txt (1070714 records)
Saved: /var/www/ScriptEngine/Python-Application/New-Hotel-Id-Collection-Function/id_separation_function/supplier/agoda/server_present_but_db_id_not_present_list.txt (0 records)
Saved: /var/www/ScriptEngine/Python-Application/New-Hotel-Id-Collection-Function/id_separation_function/supplier/agoda/db_present_but_server_json_not_present.txt (0 records)

Done.

Done.
Summary table updated.
History saved: /var/www/ScriptEngine/Python-Application/New-Hotel-Id-Collection-Function/id_separation_function/history/agoda/2026-08-03.json
Finished: agoda
End Time: Mon Aug  3 21:00:42 UTC 2026

===========================================
Running supplier: amadeushotel
Start Time: Mon Aug  3 21:00:42 UTC 2026
===========================================
Loading .env environment variables...
Supplier: amadeushotel
JSON Path: /var/www/Storage-Contents/Hotel-Supplier-Raw-Contents/amadeushotel
Output Path: /var/www/ScriptEngine/Python-Application/New-Hotel-Id-Collection-Function/id_separation_function/supplier/amadeushotel
Server JSON Count: 94196
Database Hotel Count: 94196
Database New Today Count: 0
ITTID Done: 0
Pending ITTID: 94196
Saved: /var/www/ScriptEngine/Python-Application/New-Hotel-Id-Collection-Function/id_separation_function/supplier/amadeushotel/server_file_list.txt (94196 records)
Saved: /var/www/ScriptEngine/Python-Application/New-Hotel-Id-Collection-Function/id_separation_function/supplier/amadeushotel/db_hotel_id_list.txt (94196 records)
Saved: /var/www/ScriptEngine/Python-Application/New-Hotel-Id-Collection-Function/id_separation_function/supplier/amadeushotel/server_present_but_db_id_not_present_list.txt (0 records)
Saved: /var/www/ScriptEngine/Python-Application/New-Hotel-Id-Collection-Function/id_separation_function/supplier/amadeushotel/db_present_but_server_json_not_present.txt (0 records)

Done.

Done.
Summary table updated.
History saved: /var/www/ScriptEngine/Python-Application/New-Hotel-Id-Collection-Function/id_separation_function/history/amadeushotel/2026-08-03.json
Finished: amadeushotel
End Time: Mon Aug  3 21:00:44 UTC 2026

===========================================
Running supplier: didahotel
Start Time: Mon Aug  3 21:00:44 UTC 2026
===========================================
Loading .env environment variables...
Supplier: didahotel
JSON Path: /var/www/Storage-Contents/Hotel-Supplier-Raw-Contents/didahotel
Output Path: /var/www/ScriptEngine/Python-Application/New-Hotel-Id-Collection-Function/id_separation_function/supplier/didahotel
Server JSON Count: 209784
Database Hotel Count: 209784
Database New Today Count: 0
ITTID Done: 180325
Pending ITTID: 29459
Saved: /var/www/ScriptEngine/Python-Application/New-Hotel-Id-Collection-Function/id_separation_function/supplier/didahotel/server_file_list.txt (209784 records)
Saved: /var/www/ScriptEngine/Python-Application/New-Hotel-Id-Collection-Function/id_separation_function/supplier/didahotel/db_hotel_id_list.txt (209784 records)
Saved: /var/www/ScriptEngine/Python-Application/New-Hotel-Id-Collection-Function/id_separation_function/supplier/didahotel/server_present_but_db_id_not_present_list.txt (0 records)
Saved: /var/www/ScriptEngine/Python-Application/New-Hotel-Id-Collection-Function/id_separation_function/supplier/didahotel/db_present_but_server_json_not_present.txt (0 records)

Done.

Done.
Summary table updated.
History saved: /var/www/ScriptEngine/Python-Application/New-Hotel-Id-Collection-Function/id_separation_function/history/didahotel/2026-08-03.json
Finished: didahotel
End Time: Mon Aug  3 21:00:49 UTC 2026

===========================================
Running supplier: dotw
Start Time: Mon Aug  3 21:00:49 UTC 2026
===========================================
Loading .env environment variables...
Supplier: dotw
JSON Path: /var/www/Storage-Contents/Hotel-Supplier-Raw-Contents/dotw
Output Path: /var/www/ScriptEngine/Python-Application/New-Hotel-Id-Collection-Function/id_separation_function/supplier/dotw
Server JSON Count: 227144
Database Hotel Count: 227143
Database New Today Count: 0
ITTID Done: 215632
Pending ITTID: 11511
Saved: /var/www/ScriptEngine/Python-Application/New-Hotel-Id-Collection-Function/id_separation_function/supplier/dotw/server_file_list.txt (227144 records)
Saved: /var/www/ScriptEngine/Python-Application/New-Hotel-Id-Collection-Function/id_separation_function/supplier/dotw/db_hotel_id_list.txt (227143 records)
Saved: /var/www/ScriptEngine/Python-Application/New-Hotel-Id-Collection-Function/id_separation_function/supplier/dotw/server_present_but_db_id_not_present_list.txt (1 records)
Saved: /var/www/ScriptEngine/Python-Application/New-Hotel-Id-Collection-Function/id_separation_function/supplier/dotw/db_present_but_server_json_not_present.txt (0 records)

Done.

Done.
Summary table updated.
History saved: /var/www/ScriptEngine/Python-Application/New-Hotel-Id-Collection-Function/id_separation_function/history/dotw/2026-08-03.json
Finished: dotw
End Time: Mon Aug  3 21:00:54 UTC 2026

===========================================
Running supplier: ean
Start Time: Mon Aug  3 21:00:54 UTC 2026
===========================================
Loading .env environment variables...
Supplier: ean
JSON Path: /var/www/Storage-Contents/Hotel-Supplier-Raw-Contents/ean
Output Path: /var/www/ScriptEngine/Python-Application/New-Hotel-Id-Collection-Function/id_separation_function/supplier/ean
Server JSON Count: 619111
Database Hotel Count: 619111
Database New Today Count: 141
ITTID Done: 508942
Pending ITTID: 110169
Saved: /var/www/ScriptEngine/Python-Application/New-Hotel-Id-Collection-Function/id_separation_function/supplier/ean/server_file_list.txt (619111 records)
Saved: /var/www/ScriptEngine/Python-Application/New-Hotel-Id-Collection-Function/id_separation_function/supplier/ean/db_hotel_id_list.txt (619111 records)
Saved: /var/www/ScriptEngine/Python-Application/New-Hotel-Id-Collection-Function/id_separation_function/supplier/ean/server_present_but_db_id_not_present_list.txt (0 records)
Saved: /var/www/ScriptEngine/Python-Application/New-Hotel-Id-Collection-Function/id_separation_function/supplier/ean/db_present_but_server_json_not_present.txt (0 records)

Done.

Done.
Summary table updated.
History saved: /var/www/ScriptEngine/Python-Application/New-Hotel-Id-Collection-Function/id_separation_function/history/ean/2026-08-03.json
Finished: ean
End Time: Mon Aug  3 21:01:11 UTC 2026

===========================================
Running supplier: ebookinghotel
Start Time: Mon Aug  3 21:01:11 UTC 2026
===========================================
Loading .env environment variables...
Supplier: ebookinghotel
JSON Path: /var/www/Storage-Contents/Hotel-Supplier-Raw-Contents/ebookinghotel
Output Path: /var/www/ScriptEngine/Python-Application/New-Hotel-Id-Collection-Function/id_separation_function/supplier/ebookinghotel
Server JSON Count: 878990
Database Hotel Count: 878990
Database New Today Count: 0
ITTID Done: 0
Pending ITTID: 878990
Saved: /var/www/ScriptEngine/Python-Application/New-Hotel-Id-Collection-Function/id_separation_function/supplier/ebookinghotel/server_file_list.txt (878990 records)
Saved: /var/www/ScriptEngine/Python-Application/New-Hotel-Id-Collection-Function/id_separation_function/supplier/ebookinghotel/db_hotel_id_list.txt (878990 records)
Saved: /var/www/ScriptEngine/Python-Application/New-Hotel-Id-Collection-Function/id_separation_function/supplier/ebookinghotel/server_present_but_db_id_not_present_list.txt (0 records)
Saved: /var/www/ScriptEngine/Python-Application/New-Hotel-Id-Collection-Function/id_separation_function/supplier/ebookinghotel/db_present_but_server_json_not_present.txt (0 records)

Done.

Done.
Summary table updated.
History saved: /var/www/ScriptEngine/Python-Application/New-Hotel-Id-Collection-Function/id_separation_function/history/ebookinghotel/2026-08-03.json
Finished: ebookinghotel
End Time: Mon Aug  3 21:01:34 UTC 2026

===========================================
Running supplier: goglobal
Start Time: Mon Aug  3 21:01:34 UTC 2026
===========================================
Loading .env environment variables...
Supplier: goglobal
JSON Path: /var/www/Storage-Contents/Hotel-Supplier-Raw-Contents/goglobal
Output Path: /var/www/ScriptEngine/Python-Application/New-Hotel-Id-Collection-Function/id_separation_function/supplier/goglobal
Server JSON Count: 221411
Database Hotel Count: 221393
Database New Today Count: 0
ITTID Done: 215415
Pending ITTID: 5978
Saved: /var/www/ScriptEngine/Python-Application/New-Hotel-Id-Collection-Function/id_separation_function/supplier/goglobal/server_file_list.txt (221411 records)
Saved: /var/www/ScriptEngine/Python-Application/New-Hotel-Id-Collection-Function/id_separation_function/supplier/goglobal/db_hotel_id_list.txt (221393 records)
Saved: /var/www/ScriptEngine/Python-Application/New-Hotel-Id-Collection-Function/id_separation_function/supplier/goglobal/server_present_but_db_id_not_present_list.txt (18 records)
Saved: /var/www/ScriptEngine/Python-Application/New-Hotel-Id-Collection-Function/id_separation_function/supplier/goglobal/db_present_but_server_json_not_present.txt (0 records)

Done.

Done.
Summary table updated.
History saved: /var/www/ScriptEngine/Python-Application/New-Hotel-Id-Collection-Function/id_separation_function/history/goglobal/2026-08-03.json
Finished: goglobal
End Time: Mon Aug  3 21:01:39 UTC 2026

===========================================
Running supplier: grnconnect
Start Time: Mon Aug  3 21:01:39 UTC 2026
===========================================
Loading .env environment variables...
Supplier: grnconnect
JSON Path: /var/www/Storage-Contents/Hotel-Supplier-Raw-Contents/grnconnect
Output Path: /var/www/ScriptEngine/Python-Application/New-Hotel-Id-Collection-Function/id_separation_function/supplier/grnconnect
Server JSON Count: 214625
Database Hotel Count: 214625
Database New Today Count: 0
ITTID Done: 185747
Pending ITTID: 28878
Saved: /var/www/ScriptEngine/Python-Application/New-Hotel-Id-Collection-Function/id_separation_function/supplier/grnconnect/server_file_list.txt (214625 records)
Saved: /var/www/ScriptEngine/Python-Application/New-Hotel-Id-Collection-Function/id_separation_function/supplier/grnconnect/db_hotel_id_list.txt (214625 records)
Saved: /var/www/ScriptEngine/Python-Application/New-Hotel-Id-Collection-Function/id_separation_function/supplier/grnconnect/server_present_but_db_id_not_present_list.txt (0 records)
Saved: /var/www/ScriptEngine/Python-Application/New-Hotel-Id-Collection-Function/id_separation_function/supplier/grnconnect/db_present_but_server_json_not_present.txt (0 records)

Done.

Done.
Summary table updated.
History saved: /var/www/ScriptEngine/Python-Application/New-Hotel-Id-Collection-Function/id_separation_function/history/grnconnect/2026-08-03.json
Finished: grnconnect
End Time: Mon Aug  3 21:01:43 UTC 2026

===========================================
Running supplier: hotelbeds
Start Time: Mon Aug  3 21:01:43 UTC 2026
===========================================
Loading .env environment variables...
Supplier: hotelbeds
JSON Path: /var/www/Storage-Contents/Hotel-Supplier-Raw-Contents/hotelbeds
Output Path: /var/www/ScriptEngine/Python-Application/New-Hotel-Id-Collection-Function/id_separation_function/supplier/hotelbeds
Server JSON Count: 474854
Database Hotel Count: 474854
Database New Today Count: 62
ITTID Done: 474581
Pending ITTID: 273
Saved: /var/www/ScriptEngine/Python-Application/New-Hotel-Id-Collection-Function/id_separation_function/supplier/hotelbeds/server_file_list.txt (474854 records)
Saved: /var/www/ScriptEngine/Python-Application/New-Hotel-Id-Collection-Function/id_separation_function/supplier/hotelbeds/db_hotel_id_list.txt (474854 records)
Saved: /var/www/ScriptEngine/Python-Application/New-Hotel-Id-Collection-Function/id_separation_function/supplier/hotelbeds/server_present_but_db_id_not_present_list.txt (0 records)
Saved: /var/www/ScriptEngine/Python-Application/New-Hotel-Id-Collection-Function/id_separation_function/supplier/hotelbeds/db_present_but_server_json_not_present.txt (0 records)

Done.

Done.
Summary table updated.
History saved: /var/www/ScriptEngine/Python-Application/New-Hotel-Id-Collection-Function/id_separation_function/history/hotelbeds/2026-08-03.json
Finished: hotelbeds
End Time: Mon Aug  3 21:02:03 UTC 2026

===========================================
Running supplier: hotelston
Start Time: Mon Aug  3 21:02:03 UTC 2026
===========================================
Loading .env environment variables...
Supplier: hotelston
JSON Path: /var/www/Storage-Contents/Hotel-Supplier-Raw-Contents/hotelston
Output Path: /var/www/ScriptEngine/Python-Application/New-Hotel-Id-Collection-Function/id_separation_function/supplier/hotelston
Server JSON Count: 3693299
Database Hotel Count: 3693299
Database New Today Count: 0
ITTID Done: 603685
Pending ITTID: 3089614
Saved: /var/www/ScriptEngine/Python-Application/New-Hotel-Id-Collection-Function/id_separation_function/supplier/hotelston/server_file_list.txt (3693299 records)
Saved: /var/www/ScriptEngine/Python-Application/New-Hotel-Id-Collection-Function/id_separation_function/supplier/hotelston/db_hotel_id_list.txt (3693299 records)
Saved: /var/www/ScriptEngine/Python-Application/New-Hotel-Id-Collection-Function/id_separation_function/supplier/hotelston/server_present_but_db_id_not_present_list.txt (0 records)
Saved: /var/www/ScriptEngine/Python-Application/New-Hotel-Id-Collection-Function/id_separation_function/supplier/hotelston/db_present_but_server_json_not_present.txt (0 records)

Done.

Done.
Summary table updated.
History saved: /var/www/ScriptEngine/Python-Application/New-Hotel-Id-Collection-Function/id_separation_function/history/hotelston/2026-08-03.json
Finished: hotelston
End Time: Mon Aug  3 21:02:52 UTC 2026

===========================================
Running supplier: hyperguestdirect
Start Time: Mon Aug  3 21:02:52 UTC 2026
===========================================
Loading .env environment variables...
Supplier: hyperguestdirect
JSON Path: /var/www/Storage-Contents/Hotel-Supplier-Raw-Contents/hyperguestdirect
Output Path: /var/www/ScriptEngine/Python-Application/New-Hotel-Id-Collection-Function/id_separation_function/supplier/hyperguestdirect
Server JSON Count: 66893
Database Hotel Count: 66893
Database New Today Count: 53
ITTID Done: 49276
Pending ITTID: 17617
Saved: /var/www/ScriptEngine/Python-Application/New-Hotel-Id-Collection-Function/id_separation_function/supplier/hyperguestdirect/server_file_list.txt (66893 records)
Saved: /var/www/ScriptEngine/Python-Application/New-Hotel-Id-Collection-Function/id_separation_function/supplier/hyperguestdirect/db_hotel_id_list.txt (66893 records)
Saved: /var/www/ScriptEngine/Python-Application/New-Hotel-Id-Collection-Function/id_separation_function/supplier/hyperguestdirect/server_present_but_db_id_not_present_list.txt (0 records)
Saved: /var/www/ScriptEngine/Python-Application/New-Hotel-Id-Collection-Function/id_separation_function/supplier/hyperguestdirect/db_present_but_server_json_not_present.txt (0 records)

Done.

Done.
Summary table updated.
History saved: /var/www/ScriptEngine/Python-Application/New-Hotel-Id-Collection-Function/id_separation_function/history/hyperguestdirect/2026-08-03.json
Finished: hyperguestdirect
End Time: Mon Aug  3 21:02:53 UTC 2026

===========================================
Running supplier: illusionshotel
Start Time: Mon Aug  3 21:02:53 UTC 2026
===========================================
Loading .env environment variables...
Supplier: illusionshotel
JSON Path: /var/www/Storage-Contents/Hotel-Supplier-Raw-Contents/illusionshotel
Output Path: /var/www/ScriptEngine/Python-Application/New-Hotel-Id-Collection-Function/id_separation_function/supplier/illusionshotel
Server JSON Count: 395727
Database Hotel Count: 395727
Database New Today Count: 0
ITTID Done: 42240
Pending ITTID: 353487
Saved: /var/www/ScriptEngine/Python-Application/New-Hotel-Id-Collection-Function/id_separation_function/supplier/illusionshotel/server_file_list.txt (395727 records)
Saved: /var/www/ScriptEngine/Python-Application/New-Hotel-Id-Collection-Function/id_separation_function/supplier/illusionshotel/db_hotel_id_list.txt (395727 records)
Saved: /var/www/ScriptEngine/Python-Application/New-Hotel-Id-Collection-Function/id_separation_function/supplier/illusionshotel/server_present_but_db_id_not_present_list.txt (0 records)
Saved: /var/www/ScriptEngine/Python-Application/New-Hotel-Id-Collection-Function/id_separation_function/supplier/illusionshotel/db_present_but_server_json_not_present.txt (0 records)

Done.

Done.
Summary table updated.
History saved: /var/www/ScriptEngine/Python-Application/New-Hotel-Id-Collection-Function/id_separation_function/history/illusionshotel/2026-08-03.json
Finished: illusionshotel
End Time: Mon Aug  3 21:03:00 UTC 2026

===========================================
Running supplier: innstant
Start Time: Mon Aug  3 21:03:00 UTC 2026
===========================================
Loading .env environment variables...
Supplier: innstant
JSON Path: /var/www/Storage-Contents/Hotel-Supplier-Raw-Contents/innstant
Output Path: /var/www/ScriptEngine/Python-Application/New-Hotel-Id-Collection-Function/id_separation_function/supplier/innstant
Server JSON Count: 649448
Database Hotel Count: 649436
Database New Today Count: 0
ITTID Done: 555240
Pending ITTID: 94196
Saved: /var/www/ScriptEngine/Python-Application/New-Hotel-Id-Collection-Function/id_separation_function/supplier/innstant/server_file_list.txt (649448 records)
Saved: /var/www/ScriptEngine/Python-Application/New-Hotel-Id-Collection-Function/id_separation_function/supplier/innstant/db_hotel_id_list.txt (649436 records)
Saved: /var/www/ScriptEngine/Python-Application/New-Hotel-Id-Collection-Function/id_separation_function/supplier/innstant/server_present_but_db_id_not_present_list.txt (12 records)
Saved: /var/www/ScriptEngine/Python-Application/New-Hotel-Id-Collection-Function/id_separation_function/supplier/innstant/db_present_but_server_json_not_present.txt (0 records)

Done.

Done.
Summary table updated.
History saved: /var/www/ScriptEngine/Python-Application/New-Hotel-Id-Collection-Function/id_separation_function/history/innstant/2026-08-03.json
Finished: innstant
End Time: Mon Aug  3 21:03:23 UTC 2026

===========================================
Running supplier: juniperhotel
Start Time: Mon Aug  3 21:03:23 UTC 2026
===========================================
Loading .env environment variables...
Supplier: juniperhotel
JSON Path: /var/www/Storage-Contents/Hotel-Supplier-Raw-Contents/juniperhotel
Output Path: /var/www/ScriptEngine/Python-Application/New-Hotel-Id-Collection-Function/id_separation_function/supplier/juniperhotel
Server JSON Count: 428859
Database Hotel Count: 429113
Database New Today Count: 0
ITTID Done: 427080
Pending ITTID: 2033
Saved: /var/www/ScriptEngine/Python-Application/New-Hotel-Id-Collection-Function/id_separation_function/supplier/juniperhotel/server_file_list.txt (428859 records)
Saved: /var/www/ScriptEngine/Python-Application/New-Hotel-Id-Collection-Function/id_separation_function/supplier/juniperhotel/db_hotel_id_list.txt (429113 records)
Saved: /var/www/ScriptEngine/Python-Application/New-Hotel-Id-Collection-Function/id_separation_function/supplier/juniperhotel/server_present_but_db_id_not_present_list.txt (0 records)
Saved: /var/www/ScriptEngine/Python-Application/New-Hotel-Id-Collection-Function/id_separation_function/supplier/juniperhotel/db_present_but_server_json_not_present.txt (254 records)

Done.

Done.
Summary table updated.
History saved: /var/www/ScriptEngine/Python-Application/New-Hotel-Id-Collection-Function/id_separation_function/history/juniperhotel/2026-08-03.json
Finished: juniperhotel
End Time: Mon Aug  3 21:03:35 UTC 2026

===========================================
Running supplier: kiwihotel
Start Time: Mon Aug  3 21:03:35 UTC 2026
===========================================
Loading .env environment variables...
Supplier: kiwihotel
JSON Path: /var/www/Storage-Contents/Hotel-Supplier-Raw-Contents/kiwihotel
Output Path: /var/www/ScriptEngine/Python-Application/New-Hotel-Id-Collection-Function/id_separation_function/supplier/kiwihotel
Server JSON Count: 1943
Database Hotel Count: 1943
Database New Today Count: 0
ITTID Done: 0
Pending ITTID: 1943
Saved: /var/www/ScriptEngine/Python-Application/New-Hotel-Id-Collection-Function/id_separation_function/supplier/kiwihotel/server_file_list.txt (1943 records)
Saved: /var/www/ScriptEngine/Python-Application/New-Hotel-Id-Collection-Function/id_separation_function/supplier/kiwihotel/db_hotel_id_list.txt (1943 records)
Saved: /var/www/ScriptEngine/Python-Application/New-Hotel-Id-Collection-Function/id_separation_function/supplier/kiwihotel/server_present_but_db_id_not_present_list.txt (0 records)
Saved: /var/www/ScriptEngine/Python-Application/New-Hotel-Id-Collection-Function/id_separation_function/supplier/kiwihotel/db_present_but_server_json_not_present.txt (0 records)

Done.

Done.
Summary table updated.
History saved: /var/www/ScriptEngine/Python-Application/New-Hotel-Id-Collection-Function/id_separation_function/history/kiwihotel/2026-08-03.json
Finished: kiwihotel
End Time: Mon Aug  3 21:03:36 UTC 2026

===========================================
Running supplier: mgholiday
Start Time: Mon Aug  3 21:03:36 UTC 2026
===========================================
Loading .env environment variables...
Supplier: mgholiday
JSON Path: /var/www/Storage-Contents/Hotel-Supplier-Raw-Contents/mgholiday
Output Path: /var/www/ScriptEngine/Python-Application/New-Hotel-Id-Collection-Function/id_separation_function/supplier/mgholiday
Server JSON Count: 237610
Database Hotel Count: 237609
Database New Today Count: 0
ITTID Done: 196323
Pending ITTID: 41286
Saved: /var/www/ScriptEngine/Python-Application/New-Hotel-Id-Collection-Function/id_separation_function/supplier/mgholiday/server_file_list.txt (237610 records)
Saved: /var/www/ScriptEngine/Python-Application/New-Hotel-Id-Collection-Function/id_separation_function/supplier/mgholiday/db_hotel_id_list.txt (237609 records)
Saved: /var/www/ScriptEngine/Python-Application/New-Hotel-Id-Collection-Function/id_separation_function/supplier/mgholiday/server_present_but_db_id_not_present_list.txt (2 records)
Saved: /var/www/ScriptEngine/Python-Application/New-Hotel-Id-Collection-Function/id_separation_function/supplier/mgholiday/db_present_but_server_json_not_present.txt (1 records)

Done.

Done.
Summary table updated.
History saved: /var/www/ScriptEngine/Python-Application/New-Hotel-Id-Collection-Function/id_separation_function/history/mgholiday/2026-08-03.json
Finished: mgholiday
End Time: Mon Aug  3 21:03:42 UTC 2026

===========================================
Running supplier: paximumhotel
Start Time: Mon Aug  3 21:03:42 UTC 2026
===========================================
Loading .env environment variables...
Supplier: paximumhotel
JSON Path: /var/www/Storage-Contents/Hotel-Supplier-Raw-Contents/paximumhotel
Output Path: /var/www/ScriptEngine/Python-Application/New-Hotel-Id-Collection-Function/id_separation_function/supplier/paximumhotel
Server JSON Count: 1385584
Database Hotel Count: 1385589
Database New Today Count: 0
ITTID Done: 109901
Pending ITTID: 1275688
Saved: /var/www/ScriptEngine/Python-Application/New-Hotel-Id-Collection-Function/id_separation_function/supplier/paximumhotel/server_file_list.txt (1385584 records)
Saved: /var/www/ScriptEngine/Python-Application/New-Hotel-Id-Collection-Function/id_separation_function/supplier/paximumhotel/db_hotel_id_list.txt (1385589 records)
Saved: /var/www/ScriptEngine/Python-Application/New-Hotel-Id-Collection-Function/id_separation_function/supplier/paximumhotel/server_present_but_db_id_not_present_list.txt (0 records)
Saved: /var/www/ScriptEngine/Python-Application/New-Hotel-Id-Collection-Function/id_separation_function/supplier/paximumhotel/db_present_but_server_json_not_present.txt (5 records)

Done.

Done.
Summary table updated.
History saved: /var/www/ScriptEngine/Python-Application/New-Hotel-Id-Collection-Function/id_separation_function/history/paximumhotel/2026-08-03.json
Finished: paximumhotel
End Time: Mon Aug  3 21:04:01 UTC 2026

===========================================
Running supplier: rakuten
Start Time: Mon Aug  3 21:04:01 UTC 2026
===========================================
Loading .env environment variables...
Supplier: rakuten
JSON Path: /var/www/Storage-Contents/Hotel-Supplier-Raw-Contents/rakuten
Output Path: /var/www/ScriptEngine/Python-Application/New-Hotel-Id-Collection-Function/id_separation_function/supplier/rakuten
Server JSON Count: 37864
Database Hotel Count: 37587
Database New Today Count: 0
ITTID Done: 14079
Pending ITTID: 23508
Saved: /var/www/ScriptEngine/Python-Application/New-Hotel-Id-Collection-Function/id_separation_function/supplier/rakuten/server_file_list.txt (37864 records)
Saved: /var/www/ScriptEngine/Python-Application/New-Hotel-Id-Collection-Function/id_separation_function/supplier/rakuten/db_hotel_id_list.txt (37587 records)
Saved: /var/www/ScriptEngine/Python-Application/New-Hotel-Id-Collection-Function/id_separation_function/supplier/rakuten/server_present_but_db_id_not_present_list.txt (277 records)
Saved: /var/www/ScriptEngine/Python-Application/New-Hotel-Id-Collection-Function/id_separation_function/supplier/rakuten/db_present_but_server_json_not_present.txt (0 records)

Done.

Done.
Summary table updated.
History saved: /var/www/ScriptEngine/Python-Application/New-Hotel-Id-Collection-Function/id_separation_function/history/rakuten/2026-08-03.json
Finished: rakuten
End Time: Mon Aug  3 21:04:03 UTC 2026

===========================================
Running supplier: ratehawkhotel
Start Time: Mon Aug  3 21:04:03 UTC 2026
===========================================
Loading .env environment variables...
Supplier: ratehawkhotel
JSON Path: /var/www/Storage-Contents/Hotel-Supplier-Raw-Contents/ratehawkhotel
Output Path: /var/www/ScriptEngine/Python-Application/New-Hotel-Id-Collection-Function/id_separation_function/supplier/ratehawkhotel
Server JSON Count: 2771500
Database Hotel Count: 2767561
Database New Today Count: 0
ITTID Done: 1377040
Pending ITTID: 1390521
Saved: /var/www/ScriptEngine/Python-Application/New-Hotel-Id-Collection-Function/id_separation_function/supplier/ratehawkhotel/server_file_list.txt (2771500 records)
Saved: /var/www/ScriptEngine/Python-Application/New-Hotel-Id-Collection-Function/id_separation_function/supplier/ratehawkhotel/db_hotel_id_list.txt (2767561 records)
Saved: /var/www/ScriptEngine/Python-Application/New-Hotel-Id-Collection-Function/id_separation_function/supplier/ratehawkhotel/server_present_but_db_id_not_present_list.txt (4902 records)
Saved: /var/www/ScriptEngine/Python-Application/New-Hotel-Id-Collection-Function/id_separation_function/supplier/ratehawkhotel/db_present_but_server_json_not_present.txt (963 records)

Done.

Done.
Summary table updated.
History saved: /var/www/ScriptEngine/Python-Application/New-Hotel-Id-Collection-Function/id_separation_function/history/ratehawkhotel/2026-08-03.json
Finished: ratehawkhotel
End Time: Mon Aug  3 21:04:48 UTC 2026

===========================================
Running supplier: restel
Start Time: Mon Aug  3 21:04:48 UTC 2026
===========================================
Loading .env environment variables...
Supplier: restel
JSON Path: /var/www/Storage-Contents/Hotel-Supplier-Raw-Contents/restel
Output Path: /var/www/ScriptEngine/Python-Application/New-Hotel-Id-Collection-Function/id_separation_function/supplier/restel
Server JSON Count: 144480
Database Hotel Count: 144473
Database New Today Count: 0
ITTID Done: 87229
Pending ITTID: 57244
Saved: /var/www/ScriptEngine/Python-Application/New-Hotel-Id-Collection-Function/id_separation_function/supplier/restel/server_file_list.txt (144480 records)
Saved: /var/www/ScriptEngine/Python-Application/New-Hotel-Id-Collection-Function/id_separation_function/supplier/restel/db_hotel_id_list.txt (144473 records)
Saved: /var/www/ScriptEngine/Python-Application/New-Hotel-Id-Collection-Function/id_separation_function/supplier/restel/server_present_but_db_id_not_present_list.txt (7 records)
Saved: /var/www/ScriptEngine/Python-Application/New-Hotel-Id-Collection-Function/id_separation_function/supplier/restel/db_present_but_server_json_not_present.txt (0 records)

Done.

Done.
Summary table updated.
History saved: /var/www/ScriptEngine/Python-Application/New-Hotel-Id-Collection-Function/id_separation_function/history/restel/2026-08-03.json
Finished: restel
End Time: Mon Aug  3 21:04:51 UTC 2026

===========================================
Running supplier: rnrhotel
Start Time: Mon Aug  3 21:04:51 UTC 2026
===========================================
Loading .env environment variables...
Supplier: rnrhotel
JSON Path: /var/www/Storage-Contents/Hotel-Supplier-Raw-Contents/rnrhotel
Output Path: /var/www/ScriptEngine/Python-Application/New-Hotel-Id-Collection-Function/id_separation_function/supplier/rnrhotel
Server JSON Count: 112
Database Hotel Count: 112
Database New Today Count: 0
ITTID Done: 106
Pending ITTID: 6
Saved: /var/www/ScriptEngine/Python-Application/New-Hotel-Id-Collection-Function/id_separation_function/supplier/rnrhotel/server_file_list.txt (112 records)
Saved: /var/www/ScriptEngine/Python-Application/New-Hotel-Id-Collection-Function/id_separation_function/supplier/rnrhotel/db_hotel_id_list.txt (112 records)
Saved: /var/www/ScriptEngine/Python-Application/New-Hotel-Id-Collection-Function/id_separation_function/supplier/rnrhotel/server_present_but_db_id_not_present_list.txt (0 records)
Saved: /var/www/ScriptEngine/Python-Application/New-Hotel-Id-Collection-Function/id_separation_function/supplier/rnrhotel/db_present_but_server_json_not_present.txt (0 records)

Done.

Done.
Summary table updated.
History saved: /var/www/ScriptEngine/Python-Application/New-Hotel-Id-Collection-Function/id_separation_function/history/rnrhotel/2026-08-03.json
Finished: rnrhotel
End Time: Mon Aug  3 21:04:52 UTC 2026

===========================================
Running supplier: roomerang
Start Time: Mon Aug  3 21:04:52 UTC 2026
===========================================
Loading .env environment variables...
Supplier: roomerang
JSON Path: /var/www/Storage-Contents/Hotel-Supplier-Raw-Contents/roomerang
Output Path: /var/www/ScriptEngine/Python-Application/New-Hotel-Id-Collection-Function/id_separation_function/supplier/roomerang
Server JSON Count: 708546
Database Hotel Count: 708527
Database New Today Count: 0
ITTID Done: 181282
Pending ITTID: 527245
Saved: /var/www/ScriptEngine/Python-Application/New-Hotel-Id-Collection-Function/id_separation_function/supplier/roomerang/server_file_list.txt (708546 records)
Saved: /var/www/ScriptEngine/Python-Application/New-Hotel-Id-Collection-Function/id_separation_function/supplier/roomerang/db_hotel_id_list.txt (708527 records)
Saved: /var/www/ScriptEngine/Python-Application/New-Hotel-Id-Collection-Function/id_separation_function/supplier/roomerang/server_present_but_db_id_not_present_list.txt (19 records)
Saved: /var/www/ScriptEngine/Python-Application/New-Hotel-Id-Collection-Function/id_separation_function/supplier/roomerang/db_present_but_server_json_not_present.txt (0 records)

Done.

Done.
Summary table updated.
History saved: /var/www/ScriptEngine/Python-Application/New-Hotel-Id-Collection-Function/id_separation_function/history/roomerang/2026-08-03.json
Finished: roomerang
End Time: Mon Aug  3 21:05:02 UTC 2026

===========================================
Running supplier: stuba
Start Time: Mon Aug  3 21:05:02 UTC 2026
===========================================
Loading .env environment variables...
Supplier: stuba
JSON Path: /var/www/Storage-Contents/Hotel-Supplier-Raw-Contents/stuba
Output Path: /var/www/ScriptEngine/Python-Application/New-Hotel-Id-Collection-Function/id_separation_function/supplier/stuba
Server JSON Count: 128611
Database Hotel Count: 128611
Database New Today Count: 0
ITTID Done: 115926
Pending ITTID: 12685
Saved: /var/www/ScriptEngine/Python-Application/New-Hotel-Id-Collection-Function/id_separation_function/supplier/stuba/server_file_list.txt (128611 records)
Saved: /var/www/ScriptEngine/Python-Application/New-Hotel-Id-Collection-Function/id_separation_function/supplier/stuba/db_hotel_id_list.txt (128611 records)
Saved: /var/www/ScriptEngine/Python-Application/New-Hotel-Id-Collection-Function/id_separation_function/supplier/stuba/server_present_but_db_id_not_present_list.txt (0 records)
Saved: /var/www/ScriptEngine/Python-Application/New-Hotel-Id-Collection-Function/id_separation_function/supplier/stuba/db_present_but_server_json_not_present.txt (0 records)

Done.

Done.
Summary table updated.
History saved: /var/www/ScriptEngine/Python-Application/New-Hotel-Id-Collection-Function/id_separation_function/history/stuba/2026-08-03.json
Finished: stuba
End Time: Mon Aug  3 21:05:05 UTC 2026

===========================================
Running supplier: tbohotel
Start Time: Mon Aug  3 21:05:05 UTC 2026
===========================================
Loading .env environment variables...
Supplier: tbohotel
JSON Path: /var/www/Storage-Contents/Hotel-Supplier-Raw-Contents/tbohotel
Output Path: /var/www/ScriptEngine/Python-Application/New-Hotel-Id-Collection-Function/id_separation_function/supplier/tbohotel
Server JSON Count: 1048323
Database Hotel Count: 1048321
Database New Today Count: 0
ITTID Done: 1037050
Pending ITTID: 11271
Saved: /var/www/ScriptEngine/Python-Application/New-Hotel-Id-Collection-Function/id_separation_function/supplier/tbohotel/server_file_list.txt (1048323 records)
Saved: /var/www/ScriptEngine/Python-Application/New-Hotel-Id-Collection-Function/id_separation_function/supplier/tbohotel/db_hotel_id_list.txt (1048321 records)
Saved: /var/www/ScriptEngine/Python-Application/New-Hotel-Id-Collection-Function/id_separation_function/supplier/tbohotel/server_present_but_db_id_not_present_list.txt (2 records)
Saved: /var/www/ScriptEngine/Python-Application/New-Hotel-Id-Collection-Function/id_separation_function/supplier/tbohotel/db_present_but_server_json_not_present.txt (0 records)

Done.

Done.
Summary table updated.
History saved: /var/www/ScriptEngine/Python-Application/New-Hotel-Id-Collection-Function/id_separation_function/history/tbohotel/2026-08-03.json
Finished: tbohotel
End Time: Mon Aug  3 21:05:29 UTC 2026

===========================================
Running supplier: travelrobothotel
Start Time: Mon Aug  3 21:05:29 UTC 2026
===========================================
Loading .env environment variables...
Supplier: travelrobothotel
JSON Path: /var/www/Storage-Contents/Hotel-Supplier-Raw-Contents/travelrobothotel
Output Path: /var/www/ScriptEngine/Python-Application/New-Hotel-Id-Collection-Function/id_separation_function/supplier/travelrobothotel
Server JSON Count: 1461694
Database Hotel Count: 1461693
Database New Today Count: 0
ITTID Done: 0
Pending ITTID: 1461693
Saved: /var/www/ScriptEngine/Python-Application/New-Hotel-Id-Collection-Function/id_separation_function/supplier/travelrobothotel/server_file_list.txt (1461694 records)
Saved: /var/www/ScriptEngine/Python-Application/New-Hotel-Id-Collection-Function/id_separation_function/supplier/travelrobothotel/db_hotel_id_list.txt (1461693 records)
Saved: /var/www/ScriptEngine/Python-Application/New-Hotel-Id-Collection-Function/id_separation_function/supplier/travelrobothotel/server_present_but_db_id_not_present_list.txt (1 records)
Saved: /var/www/ScriptEngine/Python-Application/New-Hotel-Id-Collection-Function/id_separation_function/supplier/travelrobothotel/db_present_but_server_json_not_present.txt (0 records)

Done.

Done.
Summary table updated.
History saved: /var/www/ScriptEngine/Python-Application/New-Hotel-Id-Collection-Function/id_separation_function/history/travelrobothotel/2026-08-03.json
Finished: travelrobothotel
End Time: Mon Aug  3 21:06:19 UTC 2026

===========================================
All suppliers completed.
Finished at: Mon Aug  3 21:06:19 UTC 2026
===========================================
===========================================
Started at: Tue Aug  4 21:00:01 UTC 2026
===========================================

===========================================
Running supplier: agoda
Start Time: Tue Aug  4 21:00:01 UTC 2026
===========================================
Loading .env environment variables...
Supplier: agoda
JSON Path: /var/www/Storage-Contents/Hotel-Supplier-Raw-Contents/agoda
Output Path: /var/www/ScriptEngine/Python-Application/New-Hotel-Id-Collection-Function/id_separation_function/supplier/agoda
Server JSON Count: 1073524
Database Hotel Count: 1073524
Database New Today Count: 2810
ITTID Done: 1070714
Pending ITTID: 2810
Saved: /var/www/ScriptEngine/Python-Application/New-Hotel-Id-Collection-Function/id_separation_function/supplier/agoda/server_file_list.txt (1073524 records)
Saved: /var/www/ScriptEngine/Python-Application/New-Hotel-Id-Collection-Function/id_separation_function/supplier/agoda/db_hotel_id_list.txt (1073524 records)
Saved: /var/www/ScriptEngine/Python-Application/New-Hotel-Id-Collection-Function/id_separation_function/supplier/agoda/server_present_but_db_id_not_present_list.txt (0 records)
Saved: /var/www/ScriptEngine/Python-Application/New-Hotel-Id-Collection-Function/id_separation_function/supplier/agoda/db_present_but_server_json_not_present.txt (0 records)

Done.

Done.
Summary table updated.
History saved: /var/www/ScriptEngine/Python-Application/New-Hotel-Id-Collection-Function/id_separation_function/history/agoda/2026-08-04.json
Finished: agoda
End Time: Tue Aug  4 21:00:31 UTC 2026

===========================================
Running supplier: amadeushotel
Start Time: Tue Aug  4 21:00:31 UTC 2026
===========================================
Loading .env environment variables...
Supplier: amadeushotel
JSON Path: /var/www/Storage-Contents/Hotel-Supplier-Raw-Contents/amadeushotel
Output Path: /var/www/ScriptEngine/Python-Application/New-Hotel-Id-Collection-Function/id_separation_function/supplier/amadeushotel
Server JSON Count: 94196
Database Hotel Count: 94196
Database New Today Count: 0
ITTID Done: 0
Pending ITTID: 94196
Saved: /var/www/ScriptEngine/Python-Application/New-Hotel-Id-Collection-Function/id_separation_function/supplier/amadeushotel/server_file_list.txt (94196 records)
Saved: /var/www/ScriptEngine/Python-Application/New-Hotel-Id-Collection-Function/id_separation_function/supplier/amadeushotel/db_hotel_id_list.txt (94196 records)
Saved: /var/www/ScriptEngine/Python-Application/New-Hotel-Id-Collection-Function/id_separation_function/supplier/amadeushotel/server_present_but_db_id_not_present_list.txt (0 records)
Saved: /var/www/ScriptEngine/Python-Application/New-Hotel-Id-Collection-Function/id_separation_function/supplier/amadeushotel/db_present_but_server_json_not_present.txt (0 records)

Done.

Done.
Summary table updated.
History saved: /var/www/ScriptEngine/Python-Application/New-Hotel-Id-Collection-Function/id_separation_function/history/amadeushotel/2026-08-04.json
Finished: amadeushotel
End Time: Tue Aug  4 21:00:33 UTC 2026

===========================================
Running supplier: didahotel
Start Time: Tue Aug  4 21:00:33 UTC 2026
===========================================
Loading .env environment variables...
Supplier: didahotel
JSON Path: /var/www/Storage-Contents/Hotel-Supplier-Raw-Contents/didahotel
Output Path: /var/www/ScriptEngine/Python-Application/New-Hotel-Id-Collection-Function/id_separation_function/supplier/didahotel
Server JSON Count: 209784
Database Hotel Count: 209784
Database New Today Count: 0
ITTID Done: 179766
Pending ITTID: 30018
Saved: /var/www/ScriptEngine/Python-Application/New-Hotel-Id-Collection-Function/id_separation_function/supplier/didahotel/server_file_list.txt (209784 records)
Saved: /var/www/ScriptEngine/Python-Application/New-Hotel-Id-Collection-Function/id_separation_function/supplier/didahotel/db_hotel_id_list.txt (209784 records)
Saved: /var/www/ScriptEngine/Python-Application/New-Hotel-Id-Collection-Function/id_separation_function/supplier/didahotel/server_present_but_db_id_not_present_list.txt (0 records)
Saved: /var/www/ScriptEngine/Python-Application/New-Hotel-Id-Collection-Function/id_separation_function/supplier/didahotel/db_present_but_server_json_not_present.txt (0 records)

Done.

Done.
Summary table updated.
History saved: /var/www/ScriptEngine/Python-Application/New-Hotel-Id-Collection-Function/id_separation_function/history/didahotel/2026-08-04.json
Finished: didahotel
End Time: Tue Aug  4 21:00:37 UTC 2026

===========================================
Running supplier: dotw
Start Time: Tue Aug  4 21:00:37 UTC 2026
===========================================
Loading .env environment variables...
Supplier: dotw
JSON Path: /var/www/Storage-Contents/Hotel-Supplier-Raw-Contents/dotw
Output Path: /var/www/ScriptEngine/Python-Application/New-Hotel-Id-Collection-Function/id_separation_function/supplier/dotw
Server JSON Count: 227144
Database Hotel Count: 227143
Database New Today Count: 0
ITTID Done: 215632
Pending ITTID: 11511
Saved: /var/www/ScriptEngine/Python-Application/New-Hotel-Id-Collection-Function/id_separation_function/supplier/dotw/server_file_list.txt (227144 records)
Saved: /var/www/ScriptEngine/Python-Application/New-Hotel-Id-Collection-Function/id_separation_function/supplier/dotw/db_hotel_id_list.txt (227143 records)
Saved: /var/www/ScriptEngine/Python-Application/New-Hotel-Id-Collection-Function/id_separation_function/supplier/dotw/server_present_but_db_id_not_present_list.txt (1 records)
Saved: /var/www/ScriptEngine/Python-Application/New-Hotel-Id-Collection-Function/id_separation_function/supplier/dotw/db_present_but_server_json_not_present.txt (0 records)

Done.

Done.
Summary table updated.
History saved: /var/www/ScriptEngine/Python-Application/New-Hotel-Id-Collection-Function/id_separation_function/history/dotw/2026-08-04.json
Finished: dotw
End Time: Tue Aug  4 21:00:41 UTC 2026

===========================================
Running supplier: ean
Start Time: Tue Aug  4 21:00:41 UTC 2026
===========================================
Loading .env environment variables...
Supplier: ean
JSON Path: /var/www/Storage-Contents/Hotel-Supplier-Raw-Contents/ean
Output Path: /var/www/ScriptEngine/Python-Application/New-Hotel-Id-Collection-Function/id_separation_function/supplier/ean
Server JSON Count: 619524
Database Hotel Count: 619524
Database New Today Count: 413
ITTID Done: 508942
Pending ITTID: 110582
Saved: /var/www/ScriptEngine/Python-Application/New-Hotel-Id-Collection-Function/id_separation_function/supplier/ean/server_file_list.txt (619524 records)
Saved: /var/www/ScriptEngine/Python-Application/New-Hotel-Id-Collection-Function/id_separation_function/supplier/ean/db_hotel_id_list.txt (619524 records)
Saved: /var/www/ScriptEngine/Python-Application/New-Hotel-Id-Collection-Function/id_separation_function/supplier/ean/server_present_but_db_id_not_present_list.txt (0 records)
Saved: /var/www/ScriptEngine/Python-Application/New-Hotel-Id-Collection-Function/id_separation_function/supplier/ean/db_present_but_server_json_not_present.txt (0 records)

Done.

Done.
Summary table updated.
History saved: /var/www/ScriptEngine/Python-Application/New-Hotel-Id-Collection-Function/id_separation_function/history/ean/2026-08-04.json
Finished: ean
End Time: Tue Aug  4 21:00:50 UTC 2026

===========================================
Running supplier: ebookinghotel
Start Time: Tue Aug  4 21:00:50 UTC 2026
===========================================
Loading .env environment variables...
Supplier: ebookinghotel
JSON Path: /var/www/Storage-Contents/Hotel-Supplier-Raw-Contents/ebookinghotel
Output Path: /var/www/ScriptEngine/Python-Application/New-Hotel-Id-Collection-Function/id_separation_function/supplier/ebookinghotel
Server JSON Count: 878990
Database Hotel Count: 878990
Database New Today Count: 0
ITTID Done: 0
Pending ITTID: 878990
Saved: /var/www/ScriptEngine/Python-Application/New-Hotel-Id-Collection-Function/id_separation_function/supplier/ebookinghotel/server_file_list.txt (878990 records)
Saved: /var/www/ScriptEngine/Python-Application/New-Hotel-Id-Collection-Function/id_separation_function/supplier/ebookinghotel/db_hotel_id_list.txt (878990 records)
Saved: /var/www/ScriptEngine/Python-Application/New-Hotel-Id-Collection-Function/id_separation_function/supplier/ebookinghotel/server_present_but_db_id_not_present_list.txt (0 records)
Saved: /var/www/ScriptEngine/Python-Application/New-Hotel-Id-Collection-Function/id_separation_function/supplier/ebookinghotel/db_present_but_server_json_not_present.txt (0 records)

Done.

Done.
Summary table updated.
History saved: /var/www/ScriptEngine/Python-Application/New-Hotel-Id-Collection-Function/id_separation_function/history/ebookinghotel/2026-08-04.json
Finished: ebookinghotel
End Time: Tue Aug  4 21:01:03 UTC 2026

===========================================
Running supplier: goglobal
Start Time: Tue Aug  4 21:01:03 UTC 2026
===========================================
Loading .env environment variables...
Supplier: goglobal
JSON Path: /var/www/Storage-Contents/Hotel-Supplier-Raw-Contents/goglobal
Output Path: /var/www/ScriptEngine/Python-Application/New-Hotel-Id-Collection-Function/id_separation_function/supplier/goglobal
Server JSON Count: 221411
Database Hotel Count: 221393
Database New Today Count: 0
ITTID Done: 215415
Pending ITTID: 5978
Saved: /var/www/ScriptEngine/Python-Application/New-Hotel-Id-Collection-Function/id_separation_function/supplier/goglobal/server_file_list.txt (221411 records)
Saved: /var/www/ScriptEngine/Python-Application/New-Hotel-Id-Collection-Function/id_separation_function/supplier/goglobal/db_hotel_id_list.txt (221393 records)
Saved: /var/www/ScriptEngine/Python-Application/New-Hotel-Id-Collection-Function/id_separation_function/supplier/goglobal/server_present_but_db_id_not_present_list.txt (18 records)
Saved: /var/www/ScriptEngine/Python-Application/New-Hotel-Id-Collection-Function/id_separation_function/supplier/goglobal/db_present_but_server_json_not_present.txt (0 records)

Done.

Done.
Summary table updated.
History saved: /var/www/ScriptEngine/Python-Application/New-Hotel-Id-Collection-Function/id_separation_function/history/goglobal/2026-08-04.json
Finished: goglobal
End Time: Tue Aug  4 21:01:07 UTC 2026

===========================================
Running supplier: grnconnect
Start Time: Tue Aug  4 21:01:07 UTC 2026
===========================================
Loading .env environment variables...
Supplier: grnconnect
JSON Path: /var/www/Storage-Contents/Hotel-Supplier-Raw-Contents/grnconnect
Output Path: /var/www/ScriptEngine/Python-Application/New-Hotel-Id-Collection-Function/id_separation_function/supplier/grnconnect
Server JSON Count: 214625
Database Hotel Count: 214625
Database New Today Count: 0
ITTID Done: 185747
Pending ITTID: 28878
Saved: /var/www/ScriptEngine/Python-Application/New-Hotel-Id-Collection-Function/id_separation_function/supplier/grnconnect/server_file_list.txt (214625 records)
Saved: /var/www/ScriptEngine/Python-Application/New-Hotel-Id-Collection-Function/id_separation_function/supplier/grnconnect/db_hotel_id_list.txt (214625 records)
Saved: /var/www/ScriptEngine/Python-Application/New-Hotel-Id-Collection-Function/id_separation_function/supplier/grnconnect/server_present_but_db_id_not_present_list.txt (0 records)
Saved: /var/www/ScriptEngine/Python-Application/New-Hotel-Id-Collection-Function/id_separation_function/supplier/grnconnect/db_present_but_server_json_not_present.txt (0 records)

Done.

Done.
Summary table updated.
History saved: /var/www/ScriptEngine/Python-Application/New-Hotel-Id-Collection-Function/id_separation_function/history/grnconnect/2026-08-04.json
Finished: grnconnect
End Time: Tue Aug  4 21:01:11 UTC 2026

===========================================
Running supplier: hotelbeds
Start Time: Tue Aug  4 21:01:11 UTC 2026
===========================================
Loading .env environment variables...
Supplier: hotelbeds
JSON Path: /var/www/Storage-Contents/Hotel-Supplier-Raw-Contents/hotelbeds
Output Path: /var/www/ScriptEngine/Python-Application/New-Hotel-Id-Collection-Function/id_separation_function/supplier/hotelbeds
Server JSON Count: 474859
Database Hotel Count: 474859
Database New Today Count: 5
ITTID Done: 474581
Pending ITTID: 278
Saved: /var/www/ScriptEngine/Python-Application/New-Hotel-Id-Collection-Function/id_separation_function/supplier/hotelbeds/server_file_list.txt (474859 records)
Saved: /var/www/ScriptEngine/Python-Application/New-Hotel-Id-Collection-Function/id_separation_function/supplier/hotelbeds/db_hotel_id_list.txt (474859 records)
Saved: /var/www/ScriptEngine/Python-Application/New-Hotel-Id-Collection-Function/id_separation_function/supplier/hotelbeds/server_present_but_db_id_not_present_list.txt (0 records)
Saved: /var/www/ScriptEngine/Python-Application/New-Hotel-Id-Collection-Function/id_separation_function/supplier/hotelbeds/db_present_but_server_json_not_present.txt (0 records)

Done.

Done.
Summary table updated.
History saved: /var/www/ScriptEngine/Python-Application/New-Hotel-Id-Collection-Function/id_separation_function/history/hotelbeds/2026-08-04.json
Finished: hotelbeds
End Time: Tue Aug  4 21:01:28 UTC 2026

===========================================
Running supplier: hotelston
Start Time: Tue Aug  4 21:01:28 UTC 2026
===========================================
Loading .env environment variables...
Supplier: hotelston
JSON Path: /var/www/Storage-Contents/Hotel-Supplier-Raw-Contents/hotelston
Output Path: /var/www/ScriptEngine/Python-Application/New-Hotel-Id-Collection-Function/id_separation_function/supplier/hotelston
Server JSON Count: 3693299
Database Hotel Count: 3693299
Database New Today Count: 0
ITTID Done: 603685
Pending ITTID: 3089614
Saved: /var/www/ScriptEngine/Python-Application/New-Hotel-Id-Collection-Function/id_separation_function/supplier/hotelston/server_file_list.txt (3693299 records)
Saved: /var/www/ScriptEngine/Python-Application/New-Hotel-Id-Collection-Function/id_separation_function/supplier/hotelston/db_hotel_id_list.txt (3693299 records)
Saved: /var/www/ScriptEngine/Python-Application/New-Hotel-Id-Collection-Function/id_separation_function/supplier/hotelston/server_present_but_db_id_not_present_list.txt (0 records)
Saved: /var/www/ScriptEngine/Python-Application/New-Hotel-Id-Collection-Function/id_separation_function/supplier/hotelston/db_present_but_server_json_not_present.txt (0 records)

Done.

Done.
Summary table updated.
History saved: /var/www/ScriptEngine/Python-Application/New-Hotel-Id-Collection-Function/id_separation_function/history/hotelston/2026-08-04.json
Finished: hotelston
End Time: Tue Aug  4 21:02:11 UTC 2026

===========================================
Running supplier: hyperguestdirect
Start Time: Tue Aug  4 21:02:11 UTC 2026
===========================================
Loading .env environment variables...
Supplier: hyperguestdirect
JSON Path: /var/www/Storage-Contents/Hotel-Supplier-Raw-Contents/hyperguestdirect
Output Path: /var/www/ScriptEngine/Python-Application/New-Hotel-Id-Collection-Function/id_separation_function/supplier/hyperguestdirect
Server JSON Count: 66929
Database Hotel Count: 66929
Database New Today Count: 36
ITTID Done: 49276
Pending ITTID: 17653
Saved: /var/www/ScriptEngine/Python-Application/New-Hotel-Id-Collection-Function/id_separation_function/supplier/hyperguestdirect/server_file_list.txt (66929 records)
Saved: /var/www/ScriptEngine/Python-Application/New-Hotel-Id-Collection-Function/id_separation_function/supplier/hyperguestdirect/db_hotel_id_list.txt (66929 records)
Saved: /var/www/ScriptEngine/Python-Application/New-Hotel-Id-Collection-Function/id_separation_function/supplier/hyperguestdirect/server_present_but_db_id_not_present_list.txt (0 records)
Saved: /var/www/ScriptEngine/Python-Application/New-Hotel-Id-Collection-Function/id_separation_function/supplier/hyperguestdirect/db_present_but_server_json_not_present.txt (0 records)

Done.

Done.
Summary table updated.
History saved: /var/www/ScriptEngine/Python-Application/New-Hotel-Id-Collection-Function/id_separation_function/history/hyperguestdirect/2026-08-04.json
Finished: hyperguestdirect
End Time: Tue Aug  4 21:02:13 UTC 2026

===========================================
Running supplier: illusionshotel
Start Time: Tue Aug  4 21:02:13 UTC 2026
===========================================
Loading .env environment variables...
Supplier: illusionshotel
JSON Path: /var/www/Storage-Contents/Hotel-Supplier-Raw-Contents/illusionshotel
Output Path: /var/www/ScriptEngine/Python-Application/New-Hotel-Id-Collection-Function/id_separation_function/supplier/illusionshotel
Server JSON Count: 395727
Database Hotel Count: 395727
Database New Today Count: 0
ITTID Done: 42240
Pending ITTID: 353487
Saved: /var/www/ScriptEngine/Python-Application/New-Hotel-Id-Collection-Function/id_separation_function/supplier/illusionshotel/server_file_list.txt (395727 records)
Saved: /var/www/ScriptEngine/Python-Application/New-Hotel-Id-Collection-Function/id_separation_function/supplier/illusionshotel/db_hotel_id_list.txt (395727 records)
Saved: /var/www/ScriptEngine/Python-Application/New-Hotel-Id-Collection-Function/id_separation_function/supplier/illusionshotel/server_present_but_db_id_not_present_list.txt (0 records)
Saved: /var/www/ScriptEngine/Python-Application/New-Hotel-Id-Collection-Function/id_separation_function/supplier/illusionshotel/db_present_but_server_json_not_present.txt (0 records)

Done.

Done.
Summary table updated.
History saved: /var/www/ScriptEngine/Python-Application/New-Hotel-Id-Collection-Function/id_separation_function/history/illusionshotel/2026-08-04.json
Finished: illusionshotel
End Time: Tue Aug  4 21:02:19 UTC 2026

===========================================
Running supplier: innstant
Start Time: Tue Aug  4 21:02:19 UTC 2026
===========================================
Loading .env environment variables...
Supplier: innstant
JSON Path: /var/www/Storage-Contents/Hotel-Supplier-Raw-Contents/innstant
Output Path: /var/www/ScriptEngine/Python-Application/New-Hotel-Id-Collection-Function/id_separation_function/supplier/innstant
Server JSON Count: 649448
Database Hotel Count: 649436
Database New Today Count: 0
ITTID Done: 555240
Pending ITTID: 94196
Saved: /var/www/ScriptEngine/Python-Application/New-Hotel-Id-Collection-Function/id_separation_function/supplier/innstant/server_file_list.txt (649448 records)
Saved: /var/www/ScriptEngine/Python-Application/New-Hotel-Id-Collection-Function/id_separation_function/supplier/innstant/db_hotel_id_list.txt (649436 records)
Saved: /var/www/ScriptEngine/Python-Application/New-Hotel-Id-Collection-Function/id_separation_function/supplier/innstant/server_present_but_db_id_not_present_list.txt (12 records)
Saved: /var/www/ScriptEngine/Python-Application/New-Hotel-Id-Collection-Function/id_separation_function/supplier/innstant/db_present_but_server_json_not_present.txt (0 records)

Done.

Done.
Summary table updated.
History saved: /var/www/ScriptEngine/Python-Application/New-Hotel-Id-Collection-Function/id_separation_function/history/innstant/2026-08-04.json
Finished: innstant
End Time: Tue Aug  4 21:02:40 UTC 2026

===========================================
Running supplier: juniperhotel
Start Time: Tue Aug  4 21:02:40 UTC 2026
===========================================
Loading .env environment variables...
Supplier: juniperhotel
JSON Path: /var/www/Storage-Contents/Hotel-Supplier-Raw-Contents/juniperhotel
Output Path: /var/www/ScriptEngine/Python-Application/New-Hotel-Id-Collection-Function/id_separation_function/supplier/juniperhotel
Server JSON Count: 428859
Database Hotel Count: 429113
Database New Today Count: 0
ITTID Done: 427080
Pending ITTID: 2033
Saved: /var/www/ScriptEngine/Python-Application/New-Hotel-Id-Collection-Function/id_separation_function/supplier/juniperhotel/server_file_list.txt (428859 records)
Saved: /var/www/ScriptEngine/Python-Application/New-Hotel-Id-Collection-Function/id_separation_function/supplier/juniperhotel/db_hotel_id_list.txt (429113 records)
Saved: /var/www/ScriptEngine/Python-Application/New-Hotel-Id-Collection-Function/id_separation_function/supplier/juniperhotel/server_present_but_db_id_not_present_list.txt (0 records)
Saved: /var/www/ScriptEngine/Python-Application/New-Hotel-Id-Collection-Function/id_separation_function/supplier/juniperhotel/db_present_but_server_json_not_present.txt (254 records)

Done.

Done.
Summary table updated.
History saved: /var/www/ScriptEngine/Python-Application/New-Hotel-Id-Collection-Function/id_separation_function/history/juniperhotel/2026-08-04.json
Finished: juniperhotel
End Time: Tue Aug  4 21:02:54 UTC 2026

===========================================
Running supplier: kiwihotel
Start Time: Tue Aug  4 21:02:54 UTC 2026
===========================================
Loading .env environment variables...
Supplier: kiwihotel
JSON Path: /var/www/Storage-Contents/Hotel-Supplier-Raw-Contents/kiwihotel
Output Path: /var/www/ScriptEngine/Python-Application/New-Hotel-Id-Collection-Function/id_separation_function/supplier/kiwihotel
Server JSON Count: 1943
Database Hotel Count: 1943
Database New Today Count: 0
ITTID Done: 0
Pending ITTID: 1943
Saved: /var/www/ScriptEngine/Python-Application/New-Hotel-Id-Collection-Function/id_separation_function/supplier/kiwihotel/server_file_list.txt (1943 records)
Saved: /var/www/ScriptEngine/Python-Application/New-Hotel-Id-Collection-Function/id_separation_function/supplier/kiwihotel/db_hotel_id_list.txt (1943 records)
Saved: /var/www/ScriptEngine/Python-Application/New-Hotel-Id-Collection-Function/id_separation_function/supplier/kiwihotel/server_present_but_db_id_not_present_list.txt (0 records)
Saved: /var/www/ScriptEngine/Python-Application/New-Hotel-Id-Collection-Function/id_separation_function/supplier/kiwihotel/db_present_but_server_json_not_present.txt (0 records)

Done.

Done.
Summary table updated.
History saved: /var/www/ScriptEngine/Python-Application/New-Hotel-Id-Collection-Function/id_separation_function/history/kiwihotel/2026-08-04.json
Finished: kiwihotel
End Time: Tue Aug  4 21:02:55 UTC 2026

===========================================
Running supplier: mgholiday
Start Time: Tue Aug  4 21:02:55 UTC 2026
===========================================
Loading .env environment variables...
Supplier: mgholiday
JSON Path: /var/www/Storage-Contents/Hotel-Supplier-Raw-Contents/mgholiday
Output Path: /var/www/ScriptEngine/Python-Application/New-Hotel-Id-Collection-Function/id_separation_function/supplier/mgholiday
Server JSON Count: 237610
Database Hotel Count: 237609
Database New Today Count: 0
ITTID Done: 196323
Pending ITTID: 41286
Saved: /var/www/ScriptEngine/Python-Application/New-Hotel-Id-Collection-Function/id_separation_function/supplier/mgholiday/server_file_list.txt (237610 records)
Saved: /var/www/ScriptEngine/Python-Application/New-Hotel-Id-Collection-Function/id_separation_function/supplier/mgholiday/db_hotel_id_list.txt (237609 records)
Saved: /var/www/ScriptEngine/Python-Application/New-Hotel-Id-Collection-Function/id_separation_function/supplier/mgholiday/server_present_but_db_id_not_present_list.txt (2 records)
Saved: /var/www/ScriptEngine/Python-Application/New-Hotel-Id-Collection-Function/id_separation_function/supplier/mgholiday/db_present_but_server_json_not_present.txt (1 records)

Done.

Done.
Summary table updated.
History saved: /var/www/ScriptEngine/Python-Application/New-Hotel-Id-Collection-Function/id_separation_function/history/mgholiday/2026-08-04.json
Finished: mgholiday
End Time: Tue Aug  4 21:03:02 UTC 2026

===========================================
Running supplier: paximumhotel
Start Time: Tue Aug  4 21:03:02 UTC 2026
===========================================
Loading .env environment variables...
Supplier: paximumhotel
JSON Path: /var/www/Storage-Contents/Hotel-Supplier-Raw-Contents/paximumhotel
Output Path: /var/www/ScriptEngine/Python-Application/New-Hotel-Id-Collection-Function/id_separation_function/supplier/paximumhotel
Server JSON Count: 1385584
Database Hotel Count: 1385589
Database New Today Count: 0
ITTID Done: 109901
Pending ITTID: 1275688
Saved: /var/www/ScriptEngine/Python-Application/New-Hotel-Id-Collection-Function/id_separation_function/supplier/paximumhotel/server_file_list.txt (1385584 records)
Saved: /var/www/ScriptEngine/Python-Application/New-Hotel-Id-Collection-Function/id_separation_function/supplier/paximumhotel/db_hotel_id_list.txt (1385589 records)
Saved: /var/www/ScriptEngine/Python-Application/New-Hotel-Id-Collection-Function/id_separation_function/supplier/paximumhotel/server_present_but_db_id_not_present_list.txt (0 records)
Saved: /var/www/ScriptEngine/Python-Application/New-Hotel-Id-Collection-Function/id_separation_function/supplier/paximumhotel/db_present_but_server_json_not_present.txt (5 records)

Done.

Done.
Summary table updated.
History saved: /var/www/ScriptEngine/Python-Application/New-Hotel-Id-Collection-Function/id_separation_function/history/paximumhotel/2026-08-04.json
Finished: paximumhotel
End Time: Tue Aug  4 21:03:38 UTC 2026

===========================================
Running supplier: rakuten
Start Time: Tue Aug  4 21:03:38 UTC 2026
===========================================
Loading .env environment variables...
Supplier: rakuten
JSON Path: /var/www/Storage-Contents/Hotel-Supplier-Raw-Contents/rakuten
Output Path: /var/www/ScriptEngine/Python-Application/New-Hotel-Id-Collection-Function/id_separation_function/supplier/rakuten
Server JSON Count: 37864
Database Hotel Count: 37587
Database New Today Count: 0
ITTID Done: 14079
Pending ITTID: 23508
Saved: /var/www/ScriptEngine/Python-Application/New-Hotel-Id-Collection-Function/id_separation_function/supplier/rakuten/server_file_list.txt (37864 records)
Saved: /var/www/ScriptEngine/Python-Application/New-Hotel-Id-Collection-Function/id_separation_function/supplier/rakuten/db_hotel_id_list.txt (37587 records)
Saved: /var/www/ScriptEngine/Python-Application/New-Hotel-Id-Collection-Function/id_separation_function/supplier/rakuten/server_present_but_db_id_not_present_list.txt (277 records)
Saved: /var/www/ScriptEngine/Python-Application/New-Hotel-Id-Collection-Function/id_separation_function/supplier/rakuten/db_present_but_server_json_not_present.txt (0 records)

Done.

Done.
Summary table updated.
History saved: /var/www/ScriptEngine/Python-Application/New-Hotel-Id-Collection-Function/id_separation_function/history/rakuten/2026-08-04.json
Finished: rakuten
End Time: Tue Aug  4 21:03:40 UTC 2026

===========================================
Running supplier: ratehawkhotel
Start Time: Tue Aug  4 21:03:40 UTC 2026
===========================================
Loading .env environment variables...
Supplier: ratehawkhotel
JSON Path: /var/www/Storage-Contents/Hotel-Supplier-Raw-Contents/ratehawkhotel
Output Path: /var/www/ScriptEngine/Python-Application/New-Hotel-Id-Collection-Function/id_separation_function/supplier/ratehawkhotel
Server JSON Count: 2771500
Database Hotel Count: 2767561
Database New Today Count: 0
ITTID Done: 1377040
Pending ITTID: 1390521
Saved: /var/www/ScriptEngine/Python-Application/New-Hotel-Id-Collection-Function/id_separation_function/supplier/ratehawkhotel/server_file_list.txt (2771500 records)
Saved: /var/www/ScriptEngine/Python-Application/New-Hotel-Id-Collection-Function/id_separation_function/supplier/ratehawkhotel/db_hotel_id_list.txt (2767561 records)
Saved: /var/www/ScriptEngine/Python-Application/New-Hotel-Id-Collection-Function/id_separation_function/supplier/ratehawkhotel/server_present_but_db_id_not_present_list.txt (4902 records)
Saved: /var/www/ScriptEngine/Python-Application/New-Hotel-Id-Collection-Function/id_separation_function/supplier/ratehawkhotel/db_present_but_server_json_not_present.txt (963 records)

Done.

Done.
Summary table updated.
History saved: /var/www/ScriptEngine/Python-Application/New-Hotel-Id-Collection-Function/id_separation_function/history/ratehawkhotel/2026-08-04.json
Finished: ratehawkhotel
End Time: Tue Aug  4 21:06:01 UTC 2026

===========================================
Running supplier: restel
Start Time: Tue Aug  4 21:06:01 UTC 2026
===========================================
Loading .env environment variables...
Supplier: restel
JSON Path: /var/www/Storage-Contents/Hotel-Supplier-Raw-Contents/restel
Output Path: /var/www/ScriptEngine/Python-Application/New-Hotel-Id-Collection-Function/id_separation_function/supplier/restel
Server JSON Count: 144480
Database Hotel Count: 144473
Database New Today Count: 0
ITTID Done: 87229
Pending ITTID: 57244
Saved: /var/www/ScriptEngine/Python-Application/New-Hotel-Id-Collection-Function/id_separation_function/supplier/restel/server_file_list.txt (144480 records)
Saved: /var/www/ScriptEngine/Python-Application/New-Hotel-Id-Collection-Function/id_separation_function/supplier/restel/db_hotel_id_list.txt (144473 records)
Saved: /var/www/ScriptEngine/Python-Application/New-Hotel-Id-Collection-Function/id_separation_function/supplier/restel/server_present_but_db_id_not_present_list.txt (7 records)
Saved: /var/www/ScriptEngine/Python-Application/New-Hotel-Id-Collection-Function/id_separation_function/supplier/restel/db_present_but_server_json_not_present.txt (0 records)

Done.

Done.
Summary table updated.
History saved: /var/www/ScriptEngine/Python-Application/New-Hotel-Id-Collection-Function/id_separation_function/history/restel/2026-08-04.json
Finished: restel
End Time: Tue Aug  4 21:06:04 UTC 2026

===========================================
Running supplier: rnrhotel
Start Time: Tue Aug  4 21:06:04 UTC 2026
===========================================
Loading .env environment variables...
Supplier: rnrhotel
JSON Path: /var/www/Storage-Contents/Hotel-Supplier-Raw-Contents/rnrhotel
Output Path: /var/www/ScriptEngine/Python-Application/New-Hotel-Id-Collection-Function/id_separation_function/supplier/rnrhotel
Server JSON Count: 112
Database Hotel Count: 112
Database New Today Count: 0
ITTID Done: 106
Pending ITTID: 6
Saved: /var/www/ScriptEngine/Python-Application/New-Hotel-Id-Collection-Function/id_separation_function/supplier/rnrhotel/server_file_list.txt (112 records)
Saved: /var/www/ScriptEngine/Python-Application/New-Hotel-Id-Collection-Function/id_separation_function/supplier/rnrhotel/db_hotel_id_list.txt (112 records)
Saved: /var/www/ScriptEngine/Python-Application/New-Hotel-Id-Collection-Function/id_separation_function/supplier/rnrhotel/server_present_but_db_id_not_present_list.txt (0 records)
Saved: /var/www/ScriptEngine/Python-Application/New-Hotel-Id-Collection-Function/id_separation_function/supplier/rnrhotel/db_present_but_server_json_not_present.txt (0 records)

Done.

Done.
Summary table updated.
History saved: /var/www/ScriptEngine/Python-Application/New-Hotel-Id-Collection-Function/id_separation_function/history/rnrhotel/2026-08-04.json
Finished: rnrhotel
End Time: Tue Aug  4 21:06:05 UTC 2026

===========================================
Running supplier: roomerang
Start Time: Tue Aug  4 21:06:05 UTC 2026
===========================================
Loading .env environment variables...
Supplier: roomerang
JSON Path: /var/www/Storage-Contents/Hotel-Supplier-Raw-Contents/roomerang
Output Path: /var/www/ScriptEngine/Python-Application/New-Hotel-Id-Collection-Function/id_separation_function/supplier/roomerang
Server JSON Count: 708546
Database Hotel Count: 708527
Database New Today Count: 0
ITTID Done: 181282
Pending ITTID: 527245
Saved: /var/www/ScriptEngine/Python-Application/New-Hotel-Id-Collection-Function/id_separation_function/supplier/roomerang/server_file_list.txt (708546 records)
Saved: /var/www/ScriptEngine/Python-Application/New-Hotel-Id-Collection-Function/id_separation_function/supplier/roomerang/db_hotel_id_list.txt (708527 records)
Saved: /var/www/ScriptEngine/Python-Application/New-Hotel-Id-Collection-Function/id_separation_function/supplier/roomerang/server_present_but_db_id_not_present_list.txt (19 records)
Saved: /var/www/ScriptEngine/Python-Application/New-Hotel-Id-Collection-Function/id_separation_function/supplier/roomerang/db_present_but_server_json_not_present.txt (0 records)

Done.

Done.
Summary table updated.
History saved: /var/www/ScriptEngine/Python-Application/New-Hotel-Id-Collection-Function/id_separation_function/history/roomerang/2026-08-04.json
Finished: roomerang
End Time: Tue Aug  4 21:06:13 UTC 2026

===========================================
Running supplier: stuba
Start Time: Tue Aug  4 21:06:13 UTC 2026
===========================================
Loading .env environment variables...
Supplier: stuba
JSON Path: /var/www/Storage-Contents/Hotel-Supplier-Raw-Contents/stuba
Output Path: /var/www/ScriptEngine/Python-Application/New-Hotel-Id-Collection-Function/id_separation_function/supplier/stuba
Server JSON Count: 128611
Database Hotel Count: 128611
Database New Today Count: 0
ITTID Done: 115926
Pending ITTID: 12685
Saved: /var/www/ScriptEngine/Python-Application/New-Hotel-Id-Collection-Function/id_separation_function/supplier/stuba/server_file_list.txt (128611 records)
Saved: /var/www/ScriptEngine/Python-Application/New-Hotel-Id-Collection-Function/id_separation_function/supplier/stuba/db_hotel_id_list.txt (128611 records)
Saved: /var/www/ScriptEngine/Python-Application/New-Hotel-Id-Collection-Function/id_separation_function/supplier/stuba/server_present_but_db_id_not_present_list.txt (0 records)
Saved: /var/www/ScriptEngine/Python-Application/New-Hotel-Id-Collection-Function/id_separation_function/supplier/stuba/db_present_but_server_json_not_present.txt (0 records)

Done.

Done.
Summary table updated.
History saved: /var/www/ScriptEngine/Python-Application/New-Hotel-Id-Collection-Function/id_separation_function/history/stuba/2026-08-04.json
Finished: stuba
End Time: Tue Aug  4 21:06:15 UTC 2026

===========================================
Running supplier: tbohotel
Start Time: Tue Aug  4 21:06:15 UTC 2026
===========================================
Loading .env environment variables...
Supplier: tbohotel
JSON Path: /var/www/Storage-Contents/Hotel-Supplier-Raw-Contents/tbohotel
Output Path: /var/www/ScriptEngine/Python-Application/New-Hotel-Id-Collection-Function/id_separation_function/supplier/tbohotel
Server JSON Count: 1048323
Database Hotel Count: 1048321
Database New Today Count: 0
ITTID Done: 1039254
Pending ITTID: 9067
Saved: /var/www/ScriptEngine/Python-Application/New-Hotel-Id-Collection-Function/id_separation_function/supplier/tbohotel/server_file_list.txt (1048323 records)
Saved: /var/www/ScriptEngine/Python-Application/New-Hotel-Id-Collection-Function/id_separation_function/supplier/tbohotel/db_hotel_id_list.txt (1048321 records)
Saved: /var/www/ScriptEngine/Python-Application/New-Hotel-Id-Collection-Function/id_separation_function/supplier/tbohotel/server_present_but_db_id_not_present_list.txt (2 records)
Saved: /var/www/ScriptEngine/Python-Application/New-Hotel-Id-Collection-Function/id_separation_function/supplier/tbohotel/db_present_but_server_json_not_present.txt (0 records)

Done.

Done.
Summary table updated.
History saved: /var/www/ScriptEngine/Python-Application/New-Hotel-Id-Collection-Function/id_separation_function/history/tbohotel/2026-08-04.json
Finished: tbohotel
End Time: Tue Aug  4 21:06:32 UTC 2026

===========================================
Running supplier: travelrobothotel
Start Time: Tue Aug  4 21:06:32 UTC 2026
===========================================
Loading .env environment variables...
Supplier: travelrobothotel
JSON Path: /var/www/Storage-Contents/Hotel-Supplier-Raw-Contents/travelrobothotel
Output Path: /var/www/ScriptEngine/Python-Application/New-Hotel-Id-Collection-Function/id_separation_function/supplier/travelrobothotel
Server JSON Count: 1461694
Database Hotel Count: 1461693
Database New Today Count: 0
ITTID Done: 0
Pending ITTID: 1461693
Saved: /var/www/ScriptEngine/Python-Application/New-Hotel-Id-Collection-Function/id_separation_function/supplier/travelrobothotel/server_file_list.txt (1461694 records)
Saved: /var/www/ScriptEngine/Python-Application/New-Hotel-Id-Collection-Function/id_separation_function/supplier/travelrobothotel/db_hotel_id_list.txt (1461693 records)
Saved: /var/www/ScriptEngine/Python-Application/New-Hotel-Id-Collection-Function/id_separation_function/supplier/travelrobothotel/server_present_but_db_id_not_present_list.txt (1 records)
Saved: /var/www/ScriptEngine/Python-Application/New-Hotel-Id-Collection-Function/id_separation_function/supplier/travelrobothotel/db_present_but_server_json_not_present.txt (0 records)

Done.

Done.
Summary table updated.
History saved: /var/www/ScriptEngine/Python-Application/New-Hotel-Id-Collection-Function/id_separation_function/history/travelrobothotel/2026-08-04.json
Finished: travelrobothotel
End Time: Tue Aug  4 21:06:53 UTC 2026

===========================================
All suppliers completed.
Finished at: Tue Aug  4 21:06:53 UTC 2026
===========================================
===========================================
Started at: Wed Aug  5 21:00:01 UTC 2026
===========================================

===========================================
Running supplier: agoda
Start Time: Wed Aug  5 21:00:01 UTC 2026
===========================================
Loading .env environment variables...
Supplier: agoda
JSON Path: /var/www/Storage-Contents/Hotel-Supplier-Raw-Contents/agoda
Output Path: /var/www/ScriptEngine/Python-Application/New-Hotel-Id-Collection-Function/id_separation_function/supplier/agoda
Server JSON Count: 1074994
Database Hotel Count: 1074994
Database New Today Count: 1470
ITTID Done: 1070714
Pending ITTID: 4280
Saved: /var/www/ScriptEngine/Python-Application/New-Hotel-Id-Collection-Function/id_separation_function/supplier/agoda/server_file_list.txt (1074994 records)
Saved: /var/www/ScriptEngine/Python-Application/New-Hotel-Id-Collection-Function/id_separation_function/supplier/agoda/db_hotel_id_list.txt (1074994 records)
Saved: /var/www/ScriptEngine/Python-Application/New-Hotel-Id-Collection-Function/id_separation_function/supplier/agoda/server_present_but_db_id_not_present_list.txt (0 records)
Saved: /var/www/ScriptEngine/Python-Application/New-Hotel-Id-Collection-Function/id_separation_function/supplier/agoda/db_present_but_server_json_not_present.txt (0 records)

Done.

Done.
Summary table updated.
History saved: /var/www/ScriptEngine/Python-Application/New-Hotel-Id-Collection-Function/id_separation_function/history/agoda/2026-08-05.json
Finished: agoda
End Time: Wed Aug  5 21:00:37 UTC 2026

===========================================
Running supplier: amadeushotel
Start Time: Wed Aug  5 21:00:37 UTC 2026
===========================================
Loading .env environment variables...
Supplier: amadeushotel
JSON Path: /var/www/Storage-Contents/Hotel-Supplier-Raw-Contents/amadeushotel
Output Path: /var/www/ScriptEngine/Python-Application/New-Hotel-Id-Collection-Function/id_separation_function/supplier/amadeushotel
Server JSON Count: 94196
Database Hotel Count: 94196
Database New Today Count: 0
ITTID Done: 0
Pending ITTID: 94196
Saved: /var/www/ScriptEngine/Python-Application/New-Hotel-Id-Collection-Function/id_separation_function/supplier/amadeushotel/server_file_list.txt (94196 records)
Saved: /var/www/ScriptEngine/Python-Application/New-Hotel-Id-Collection-Function/id_separation_function/supplier/amadeushotel/db_hotel_id_list.txt (94196 records)
Saved: /var/www/ScriptEngine/Python-Application/New-Hotel-Id-Collection-Function/id_separation_function/supplier/amadeushotel/server_present_but_db_id_not_present_list.txt (0 records)
Saved: /var/www/ScriptEngine/Python-Application/New-Hotel-Id-Collection-Function/id_separation_function/supplier/amadeushotel/db_present_but_server_json_not_present.txt (0 records)

Done.

Done.
Summary table updated.
History saved: /var/www/ScriptEngine/Python-Application/New-Hotel-Id-Collection-Function/id_separation_function/history/amadeushotel/2026-08-05.json
Finished: amadeushotel
End Time: Wed Aug  5 21:00:39 UTC 2026

===========================================
Running supplier: didahotel
Start Time: Wed Aug  5 21:00:39 UTC 2026
===========================================
Loading .env environment variables...
Supplier: didahotel
JSON Path: /var/www/Storage-Contents/Hotel-Supplier-Raw-Contents/didahotel
Output Path: /var/www/ScriptEngine/Python-Application/New-Hotel-Id-Collection-Function/id_separation_function/supplier/didahotel
Server JSON Count: 209784
Database Hotel Count: 209784
Database New Today Count: 0
ITTID Done: 179766
Pending ITTID: 30018
Saved: /var/www/ScriptEngine/Python-Application/New-Hotel-Id-Collection-Function/id_separation_function/supplier/didahotel/server_file_list.txt (209784 records)
Saved: /var/www/ScriptEngine/Python-Application/New-Hotel-Id-Collection-Function/id_separation_function/supplier/didahotel/db_hotel_id_list.txt (209784 records)
Saved: /var/www/ScriptEngine/Python-Application/New-Hotel-Id-Collection-Function/id_separation_function/supplier/didahotel/server_present_but_db_id_not_present_list.txt (0 records)
Saved: /var/www/ScriptEngine/Python-Application/New-Hotel-Id-Collection-Function/id_separation_function/supplier/didahotel/db_present_but_server_json_not_present.txt (0 records)

Done.

Done.
Summary table updated.
History saved: /var/www/ScriptEngine/Python-Application/New-Hotel-Id-Collection-Function/id_separation_function/history/didahotel/2026-08-05.json
Finished: didahotel
End Time: Wed Aug  5 21:00:44 UTC 2026

===========================================
Running supplier: dotw
Start Time: Wed Aug  5 21:00:44 UTC 2026
===========================================
Loading .env environment variables...
Supplier: dotw
JSON Path: /var/www/Storage-Contents/Hotel-Supplier-Raw-Contents/dotw
Output Path: /var/www/ScriptEngine/Python-Application/New-Hotel-Id-Collection-Function/id_separation_function/supplier/dotw
Server JSON Count: 227144
Database Hotel Count: 227143
Database New Today Count: 0
ITTID Done: 215632
Pending ITTID: 11511
Saved: /var/www/ScriptEngine/Python-Application/New-Hotel-Id-Collection-Function/id_separation_function/supplier/dotw/server_file_list.txt (227144 records)
Saved: /var/www/ScriptEngine/Python-Application/New-Hotel-Id-Collection-Function/id_separation_function/supplier/dotw/db_hotel_id_list.txt (227143 records)
Saved: /var/www/ScriptEngine/Python-Application/New-Hotel-Id-Collection-Function/id_separation_function/supplier/dotw/server_present_but_db_id_not_present_list.txt (1 records)
Saved: /var/www/ScriptEngine/Python-Application/New-Hotel-Id-Collection-Function/id_separation_function/supplier/dotw/db_present_but_server_json_not_present.txt (0 records)

Done.

Done.
Summary table updated.
History saved: /var/www/ScriptEngine/Python-Application/New-Hotel-Id-Collection-Function/id_separation_function/history/dotw/2026-08-05.json
Finished: dotw
End Time: Wed Aug  5 21:00:48 UTC 2026

===========================================
Running supplier: ean
Start Time: Wed Aug  5 21:00:48 UTC 2026
===========================================
Loading .env environment variables...
Supplier: ean
JSON Path: /var/www/Storage-Contents/Hotel-Supplier-Raw-Contents/ean
Output Path: /var/www/ScriptEngine/Python-Application/New-Hotel-Id-Collection-Function/id_separation_function/supplier/ean
Server JSON Count: 619956
Database Hotel Count: 619956
Database New Today Count: 432
ITTID Done: 508942
Pending ITTID: 111014
Saved: /var/www/ScriptEngine/Python-Application/New-Hotel-Id-Collection-Function/id_separation_function/supplier/ean/server_file_list.txt (619956 records)
Saved: /var/www/ScriptEngine/Python-Application/New-Hotel-Id-Collection-Function/id_separation_function/supplier/ean/db_hotel_id_list.txt (619956 records)
Saved: /var/www/ScriptEngine/Python-Application/New-Hotel-Id-Collection-Function/id_separation_function/supplier/ean/server_present_but_db_id_not_present_list.txt (0 records)
Saved: /var/www/ScriptEngine/Python-Application/New-Hotel-Id-Collection-Function/id_separation_function/supplier/ean/db_present_but_server_json_not_present.txt (0 records)

Done.

Done.
Summary table updated.
History saved: /var/www/ScriptEngine/Python-Application/New-Hotel-Id-Collection-Function/id_separation_function/history/ean/2026-08-05.json
Finished: ean
End Time: Wed Aug  5 21:01:02 UTC 2026

===========================================
Running supplier: ebookinghotel
Start Time: Wed Aug  5 21:01:02 UTC 2026
===========================================
Loading .env environment variables...
Supplier: ebookinghotel
JSON Path: /var/www/Storage-Contents/Hotel-Supplier-Raw-Contents/ebookinghotel
Output Path: /var/www/ScriptEngine/Python-Application/New-Hotel-Id-Collection-Function/id_separation_function/supplier/ebookinghotel
Server JSON Count: 878990
Database Hotel Count: 878990
Database New Today Count: 0
ITTID Done: 0
Pending ITTID: 878990
Saved: /var/www/ScriptEngine/Python-Application/New-Hotel-Id-Collection-Function/id_separation_function/supplier/ebookinghotel/server_file_list.txt (878990 records)
Saved: /var/www/ScriptEngine/Python-Application/New-Hotel-Id-Collection-Function/id_separation_function/supplier/ebookinghotel/db_hotel_id_list.txt (878990 records)
Saved: /var/www/ScriptEngine/Python-Application/New-Hotel-Id-Collection-Function/id_separation_function/supplier/ebookinghotel/server_present_but_db_id_not_present_list.txt (0 records)
Saved: /var/www/ScriptEngine/Python-Application/New-Hotel-Id-Collection-Function/id_separation_function/supplier/ebookinghotel/db_present_but_server_json_not_present.txt (0 records)

Done.

Done.
Summary table updated.
History saved: /var/www/ScriptEngine/Python-Application/New-Hotel-Id-Collection-Function/id_separation_function/history/ebookinghotel/2026-08-05.json
Finished: ebookinghotel
End Time: Wed Aug  5 21:01:19 UTC 2026

===========================================
Running supplier: goglobal
Start Time: Wed Aug  5 21:01:19 UTC 2026
===========================================
Loading .env environment variables...
Supplier: goglobal
JSON Path: /var/www/Storage-Contents/Hotel-Supplier-Raw-Contents/goglobal
Output Path: /var/www/ScriptEngine/Python-Application/New-Hotel-Id-Collection-Function/id_separation_function/supplier/goglobal
Server JSON Count: 221411
Database Hotel Count: 221393
Database New Today Count: 0
ITTID Done: 215415
Pending ITTID: 5978
Saved: /var/www/ScriptEngine/Python-Application/New-Hotel-Id-Collection-Function/id_separation_function/supplier/goglobal/server_file_list.txt (221411 records)
Saved: /var/www/ScriptEngine/Python-Application/New-Hotel-Id-Collection-Function/id_separation_function/supplier/goglobal/db_hotel_id_list.txt (221393 records)
Saved: /var/www/ScriptEngine/Python-Application/New-Hotel-Id-Collection-Function/id_separation_function/supplier/goglobal/server_present_but_db_id_not_present_list.txt (18 records)
Saved: /var/www/ScriptEngine/Python-Application/New-Hotel-Id-Collection-Function/id_separation_function/supplier/goglobal/db_present_but_server_json_not_present.txt (0 records)

Done.

Done.
Summary table updated.
History saved: /var/www/ScriptEngine/Python-Application/New-Hotel-Id-Collection-Function/id_separation_function/history/goglobal/2026-08-05.json
Finished: goglobal
End Time: Wed Aug  5 21:01:24 UTC 2026

===========================================
Running supplier: grnconnect
Start Time: Wed Aug  5 21:01:24 UTC 2026
===========================================
Loading .env environment variables...
Supplier: grnconnect
JSON Path: /var/www/Storage-Contents/Hotel-Supplier-Raw-Contents/grnconnect
Output Path: /var/www/ScriptEngine/Python-Application/New-Hotel-Id-Collection-Function/id_separation_function/supplier/grnconnect
Server JSON Count: 214625
Database Hotel Count: 214625
Database New Today Count: 0
ITTID Done: 185747
Pending ITTID: 28878
Saved: /var/www/ScriptEngine/Python-Application/New-Hotel-Id-Collection-Function/id_separation_function/supplier/grnconnect/server_file_list.txt (214625 records)
Saved: /var/www/ScriptEngine/Python-Application/New-Hotel-Id-Collection-Function/id_separation_function/supplier/grnconnect/db_hotel_id_list.txt (214625 records)
Saved: /var/www/ScriptEngine/Python-Application/New-Hotel-Id-Collection-Function/id_separation_function/supplier/grnconnect/server_present_but_db_id_not_present_list.txt (0 records)
Saved: /var/www/ScriptEngine/Python-Application/New-Hotel-Id-Collection-Function/id_separation_function/supplier/grnconnect/db_present_but_server_json_not_present.txt (0 records)

Done.

Done.
Summary table updated.
History saved: /var/www/ScriptEngine/Python-Application/New-Hotel-Id-Collection-Function/id_separation_function/history/grnconnect/2026-08-05.json
Finished: grnconnect
End Time: Wed Aug  5 21:01:29 UTC 2026

===========================================
Running supplier: hotelbeds
Start Time: Wed Aug  5 21:01:29 UTC 2026
===========================================
Loading .env environment variables...
Supplier: hotelbeds
JSON Path: /var/www/Storage-Contents/Hotel-Supplier-Raw-Contents/hotelbeds
Output Path: /var/www/ScriptEngine/Python-Application/New-Hotel-Id-Collection-Function/id_separation_function/supplier/hotelbeds
Server JSON Count: 474861
Database Hotel Count: 474861
Database New Today Count: 2
ITTID Done: 474581
Pending ITTID: 280
Saved: /var/www/ScriptEngine/Python-Application/New-Hotel-Id-Collection-Function/id_separation_function/supplier/hotelbeds/server_file_list.txt (474861 records)
Saved: /var/www/ScriptEngine/Python-Application/New-Hotel-Id-Collection-Function/id_separation_function/supplier/hotelbeds/db_hotel_id_list.txt (474861 records)
Saved: /var/www/ScriptEngine/Python-Application/New-Hotel-Id-Collection-Function/id_separation_function/supplier/hotelbeds/server_present_but_db_id_not_present_list.txt (0 records)
Saved: /var/www/ScriptEngine/Python-Application/New-Hotel-Id-Collection-Function/id_separation_function/supplier/hotelbeds/db_present_but_server_json_not_present.txt (0 records)

Done.

Done.
Summary table updated.
History saved: /var/www/ScriptEngine/Python-Application/New-Hotel-Id-Collection-Function/id_separation_function/history/hotelbeds/2026-08-05.json
Finished: hotelbeds
End Time: Wed Aug  5 21:01:48 UTC 2026

===========================================
Running supplier: hotelston
Start Time: Wed Aug  5 21:01:48 UTC 2026
===========================================
Loading .env environment variables...
Supplier: hotelston
JSON Path: /var/www/Storage-Contents/Hotel-Supplier-Raw-Contents/hotelston
Output Path: /var/www/ScriptEngine/Python-Application/New-Hotel-Id-Collection-Function/id_separation_function/supplier/hotelston
Server JSON Count: 3693299
Database Hotel Count: 3693299
Database New Today Count: 0
ITTID Done: 603685
Pending ITTID: 3089614
Saved: /var/www/ScriptEngine/Python-Application/New-Hotel-Id-Collection-Function/id_separation_function/supplier/hotelston/server_file_list.txt (3693299 records)
Saved: /var/www/ScriptEngine/Python-Application/New-Hotel-Id-Collection-Function/id_separation_function/supplier/hotelston/db_hotel_id_list.txt (3693299 records)
Saved: /var/www/ScriptEngine/Python-Application/New-Hotel-Id-Collection-Function/id_separation_function/supplier/hotelston/server_present_but_db_id_not_present_list.txt (0 records)
Saved: /var/www/ScriptEngine/Python-Application/New-Hotel-Id-Collection-Function/id_separation_function/supplier/hotelston/db_present_but_server_json_not_present.txt (0 records)

Done.

Done.
Summary table updated.
History saved: /var/www/ScriptEngine/Python-Application/New-Hotel-Id-Collection-Function/id_separation_function/history/hotelston/2026-08-05.json
Finished: hotelston
End Time: Wed Aug  5 21:02:59 UTC 2026

===========================================
Running supplier: hyperguestdirect
Start Time: Wed Aug  5 21:02:59 UTC 2026
===========================================
Loading .env environment variables...
Supplier: hyperguestdirect
JSON Path: /var/www/Storage-Contents/Hotel-Supplier-Raw-Contents/hyperguestdirect
Output Path: /var/www/ScriptEngine/Python-Application/New-Hotel-Id-Collection-Function/id_separation_function/supplier/hyperguestdirect
Server JSON Count: 67013
Database Hotel Count: 67013
Database New Today Count: 84
ITTID Done: 49276
Pending ITTID: 17737
Saved: /var/www/ScriptEngine/Python-Application/New-Hotel-Id-Collection-Function/id_separation_function/supplier/hyperguestdirect/server_file_list.txt (67013 records)
Saved: /var/www/ScriptEngine/Python-Application/New-Hotel-Id-Collection-Function/id_separation_function/supplier/hyperguestdirect/db_hotel_id_list.txt (67013 records)
Saved: /var/www/ScriptEngine/Python-Application/New-Hotel-Id-Collection-Function/id_separation_function/supplier/hyperguestdirect/server_present_but_db_id_not_present_list.txt (0 records)
Saved: /var/www/ScriptEngine/Python-Application/New-Hotel-Id-Collection-Function/id_separation_function/supplier/hyperguestdirect/db_present_but_server_json_not_present.txt (0 records)

Done.

Done.
Summary table updated.
History saved: /var/www/ScriptEngine/Python-Application/New-Hotel-Id-Collection-Function/id_separation_function/history/hyperguestdirect/2026-08-05.json
Finished: hyperguestdirect
End Time: Wed Aug  5 21:03:01 UTC 2026

===========================================
Running supplier: illusionshotel
Start Time: Wed Aug  5 21:03:01 UTC 2026
===========================================
Loading .env environment variables...
Supplier: illusionshotel
JSON Path: /var/www/Storage-Contents/Hotel-Supplier-Raw-Contents/illusionshotel
Output Path: /var/www/ScriptEngine/Python-Application/New-Hotel-Id-Collection-Function/id_separation_function/supplier/illusionshotel
Server JSON Count: 395727
Database Hotel Count: 395727
Database New Today Count: 0
ITTID Done: 42240
Pending ITTID: 353487
Saved: /var/www/ScriptEngine/Python-Application/New-Hotel-Id-Collection-Function/id_separation_function/supplier/illusionshotel/server_file_list.txt (395727 records)
Saved: /var/www/ScriptEngine/Python-Application/New-Hotel-Id-Collection-Function/id_separation_function/supplier/illusionshotel/db_hotel_id_list.txt (395727 records)
Saved: /var/www/ScriptEngine/Python-Application/New-Hotel-Id-Collection-Function/id_separation_function/supplier/illusionshotel/server_present_but_db_id_not_present_list.txt (0 records)
Saved: /var/www/ScriptEngine/Python-Application/New-Hotel-Id-Collection-Function/id_separation_function/supplier/illusionshotel/db_present_but_server_json_not_present.txt (0 records)

Done.

Done.
Summary table updated.
History saved: /var/www/ScriptEngine/Python-Application/New-Hotel-Id-Collection-Function/id_separation_function/history/illusionshotel/2026-08-05.json
Finished: illusionshotel
End Time: Wed Aug  5 21:03:09 UTC 2026

===========================================
Running supplier: innstant
Start Time: Wed Aug  5 21:03:09 UTC 2026
===========================================
Loading .env environment variables...
Supplier: innstant
JSON Path: /var/www/Storage-Contents/Hotel-Supplier-Raw-Contents/innstant
Output Path: /var/www/ScriptEngine/Python-Application/New-Hotel-Id-Collection-Function/id_separation_function/supplier/innstant
Server JSON Count: 649448
Database Hotel Count: 649436
Database New Today Count: 0
ITTID Done: 555240
Pending ITTID: 94196
Saved: /var/www/ScriptEngine/Python-Application/New-Hotel-Id-Collection-Function/id_separation_function/supplier/innstant/server_file_list.txt (649448 records)
Saved: /var/www/ScriptEngine/Python-Application/New-Hotel-Id-Collection-Function/id_separation_function/supplier/innstant/db_hotel_id_list.txt (649436 records)
Saved: /var/www/ScriptEngine/Python-Application/New-Hotel-Id-Collection-Function/id_separation_function/supplier/innstant/server_present_but_db_id_not_present_list.txt (12 records)
Saved: /var/www/ScriptEngine/Python-Application/New-Hotel-Id-Collection-Function/id_separation_function/supplier/innstant/db_present_but_server_json_not_present.txt (0 records)

Done.

Done.
Summary table updated.
History saved: /var/www/ScriptEngine/Python-Application/New-Hotel-Id-Collection-Function/id_separation_function/history/innstant/2026-08-05.json
Finished: innstant
End Time: Wed Aug  5 21:03:29 UTC 2026

===========================================
Running supplier: juniperhotel
Start Time: Wed Aug  5 21:03:29 UTC 2026
===========================================
Loading .env environment variables...
Supplier: juniperhotel
JSON Path: /var/www/Storage-Contents/Hotel-Supplier-Raw-Contents/juniperhotel
Output Path: /var/www/ScriptEngine/Python-Application/New-Hotel-Id-Collection-Function/id_separation_function/supplier/juniperhotel
Server JSON Count: 428859
Database Hotel Count: 429113
Database New Today Count: 0
ITTID Done: 427080
Pending ITTID: 2033
Saved: /var/www/ScriptEngine/Python-Application/New-Hotel-Id-Collection-Function/id_separation_function/supplier/juniperhotel/server_file_list.txt (428859 records)
Saved: /var/www/ScriptEngine/Python-Application/New-Hotel-Id-Collection-Function/id_separation_function/supplier/juniperhotel/db_hotel_id_list.txt (429113 records)
Saved: /var/www/ScriptEngine/Python-Application/New-Hotel-Id-Collection-Function/id_separation_function/supplier/juniperhotel/server_present_but_db_id_not_present_list.txt (0 records)
Saved: /var/www/ScriptEngine/Python-Application/New-Hotel-Id-Collection-Function/id_separation_function/supplier/juniperhotel/db_present_but_server_json_not_present.txt (254 records)

Done.

Done.
Summary table updated.
History saved: /var/www/ScriptEngine/Python-Application/New-Hotel-Id-Collection-Function/id_separation_function/history/juniperhotel/2026-08-05.json
Finished: juniperhotel
End Time: Wed Aug  5 21:03:41 UTC 2026

===========================================
Running supplier: kiwihotel
Start Time: Wed Aug  5 21:03:41 UTC 2026
===========================================
Loading .env environment variables...
Supplier: kiwihotel
JSON Path: /var/www/Storage-Contents/Hotel-Supplier-Raw-Contents/kiwihotel
Output Path: /var/www/ScriptEngine/Python-Application/New-Hotel-Id-Collection-Function/id_separation_function/supplier/kiwihotel
Server JSON Count: 1943
Database Hotel Count: 1943
Database New Today Count: 0
ITTID Done: 0
Pending ITTID: 1943
Saved: /var/www/ScriptEngine/Python-Application/New-Hotel-Id-Collection-Function/id_separation_function/supplier/kiwihotel/server_file_list.txt (1943 records)
Saved: /var/www/ScriptEngine/Python-Application/New-Hotel-Id-Collection-Function/id_separation_function/supplier/kiwihotel/db_hotel_id_list.txt (1943 records)
Saved: /var/www/ScriptEngine/Python-Application/New-Hotel-Id-Collection-Function/id_separation_function/supplier/kiwihotel/server_present_but_db_id_not_present_list.txt (0 records)
Saved: /var/www/ScriptEngine/Python-Application/New-Hotel-Id-Collection-Function/id_separation_function/supplier/kiwihotel/db_present_but_server_json_not_present.txt (0 records)

Done.

Done.
Summary table updated.
History saved: /var/www/ScriptEngine/Python-Application/New-Hotel-Id-Collection-Function/id_separation_function/history/kiwihotel/2026-08-05.json
Finished: kiwihotel
End Time: Wed Aug  5 21:03:42 UTC 2026

===========================================
Running supplier: mgholiday
Start Time: Wed Aug  5 21:03:42 UTC 2026
===========================================
Loading .env environment variables...
Supplier: mgholiday
JSON Path: /var/www/Storage-Contents/Hotel-Supplier-Raw-Contents/mgholiday
Output Path: /var/www/ScriptEngine/Python-Application/New-Hotel-Id-Collection-Function/id_separation_function/supplier/mgholiday
Server JSON Count: 237610
Database Hotel Count: 237609
Database New Today Count: 0
ITTID Done: 196323
Pending ITTID: 41286
Saved: /var/www/ScriptEngine/Python-Application/New-Hotel-Id-Collection-Function/id_separation_function/supplier/mgholiday/server_file_list.txt (237610 records)
Saved: /var/www/ScriptEngine/Python-Application/New-Hotel-Id-Collection-Function/id_separation_function/supplier/mgholiday/db_hotel_id_list.txt (237609 records)
Saved: /var/www/ScriptEngine/Python-Application/New-Hotel-Id-Collection-Function/id_separation_function/supplier/mgholiday/server_present_but_db_id_not_present_list.txt (2 records)
Saved: /var/www/ScriptEngine/Python-Application/New-Hotel-Id-Collection-Function/id_separation_function/supplier/mgholiday/db_present_but_server_json_not_present.txt (1 records)

Done.

Done.
Summary table updated.
History saved: /var/www/ScriptEngine/Python-Application/New-Hotel-Id-Collection-Function/id_separation_function/history/mgholiday/2026-08-05.json
Finished: mgholiday
End Time: Wed Aug  5 21:03:48 UTC 2026

===========================================
Running supplier: paximumhotel
Start Time: Wed Aug  5 21:03:48 UTC 2026
===========================================
Loading .env environment variables...
Supplier: paximumhotel
JSON Path: /var/www/Storage-Contents/Hotel-Supplier-Raw-Contents/paximumhotel
Output Path: /var/www/ScriptEngine/Python-Application/New-Hotel-Id-Collection-Function/id_separation_function/supplier/paximumhotel
Server JSON Count: 1385584
Database Hotel Count: 1385589
Database New Today Count: 0
ITTID Done: 109901
Pending ITTID: 1275688
Saved: /var/www/ScriptEngine/Python-Application/New-Hotel-Id-Collection-Function/id_separation_function/supplier/paximumhotel/server_file_list.txt (1385584 records)
Saved: /var/www/ScriptEngine/Python-Application/New-Hotel-Id-Collection-Function/id_separation_function/supplier/paximumhotel/db_hotel_id_list.txt (1385589 records)
Saved: /var/www/ScriptEngine/Python-Application/New-Hotel-Id-Collection-Function/id_separation_function/supplier/paximumhotel/server_present_but_db_id_not_present_list.txt (0 records)
Saved: /var/www/ScriptEngine/Python-Application/New-Hotel-Id-Collection-Function/id_separation_function/supplier/paximumhotel/db_present_but_server_json_not_present.txt (5 records)

Done.

Done.
Summary table updated.
History saved: /var/www/ScriptEngine/Python-Application/New-Hotel-Id-Collection-Function/id_separation_function/history/paximumhotel/2026-08-05.json
Finished: paximumhotel
End Time: Wed Aug  5 21:04:14 UTC 2026

===========================================
Running supplier: rakuten
Start Time: Wed Aug  5 21:04:14 UTC 2026
===========================================
Loading .env environment variables...
Supplier: rakuten
JSON Path: /var/www/Storage-Contents/Hotel-Supplier-Raw-Contents/rakuten
Output Path: /var/www/ScriptEngine/Python-Application/New-Hotel-Id-Collection-Function/id_separation_function/supplier/rakuten
Server JSON Count: 37864
Database Hotel Count: 37587
Database New Today Count: 0
ITTID Done: 14079
Pending ITTID: 23508
Saved: /var/www/ScriptEngine/Python-Application/New-Hotel-Id-Collection-Function/id_separation_function/supplier/rakuten/server_file_list.txt (37864 records)
Saved: /var/www/ScriptEngine/Python-Application/New-Hotel-Id-Collection-Function/id_separation_function/supplier/rakuten/db_hotel_id_list.txt (37587 records)
Saved: /var/www/ScriptEngine/Python-Application/New-Hotel-Id-Collection-Function/id_separation_function/supplier/rakuten/server_present_but_db_id_not_present_list.txt (277 records)
Saved: /var/www/ScriptEngine/Python-Application/New-Hotel-Id-Collection-Function/id_separation_function/supplier/rakuten/db_present_but_server_json_not_present.txt (0 records)

Done.

Done.
Summary table updated.
History saved: /var/www/ScriptEngine/Python-Application/New-Hotel-Id-Collection-Function/id_separation_function/history/rakuten/2026-08-05.json
Finished: rakuten
End Time: Wed Aug  5 21:04:16 UTC 2026

===========================================
Running supplier: ratehawkhotel
Start Time: Wed Aug  5 21:04:16 UTC 2026
===========================================
Loading .env environment variables...
Supplier: ratehawkhotel
JSON Path: /var/www/Storage-Contents/Hotel-Supplier-Raw-Contents/ratehawkhotel
Output Path: /var/www/ScriptEngine/Python-Application/New-Hotel-Id-Collection-Function/id_separation_function/supplier/ratehawkhotel
Server JSON Count: 2771500
Database Hotel Count: 2767561
Database New Today Count: 0
ITTID Done: 1377040
Pending ITTID: 1390521
Saved: /var/www/ScriptEngine/Python-Application/New-Hotel-Id-Collection-Function/id_separation_function/supplier/ratehawkhotel/server_file_list.txt (2771500 records)
Saved: /var/www/ScriptEngine/Python-Application/New-Hotel-Id-Collection-Function/id_separation_function/supplier/ratehawkhotel/db_hotel_id_list.txt (2767561 records)
Saved: /var/www/ScriptEngine/Python-Application/New-Hotel-Id-Collection-Function/id_separation_function/supplier/ratehawkhotel/server_present_but_db_id_not_present_list.txt (4902 records)
Saved: /var/www/ScriptEngine/Python-Application/New-Hotel-Id-Collection-Function/id_separation_function/supplier/ratehawkhotel/db_present_but_server_json_not_present.txt (963 records)

Done.

Done.
Summary table updated.
History saved: /var/www/ScriptEngine/Python-Application/New-Hotel-Id-Collection-Function/id_separation_function/history/ratehawkhotel/2026-08-05.json
Finished: ratehawkhotel
End Time: Wed Aug  5 21:05:01 UTC 2026

===========================================
Running supplier: restel
Start Time: Wed Aug  5 21:05:01 UTC 2026
===========================================
Loading .env environment variables...
Supplier: restel
JSON Path: /var/www/Storage-Contents/Hotel-Supplier-Raw-Contents/restel
Output Path: /var/www/ScriptEngine/Python-Application/New-Hotel-Id-Collection-Function/id_separation_function/supplier/restel
Server JSON Count: 144480
Database Hotel Count: 144473
Database New Today Count: 0
ITTID Done: 87229
Pending ITTID: 57244
Saved: /var/www/ScriptEngine/Python-Application/New-Hotel-Id-Collection-Function/id_separation_function/supplier/restel/server_file_list.txt (144480 records)
Saved: /var/www/ScriptEngine/Python-Application/New-Hotel-Id-Collection-Function/id_separation_function/supplier/restel/db_hotel_id_list.txt (144473 records)
Saved: /var/www/ScriptEngine/Python-Application/New-Hotel-Id-Collection-Function/id_separation_function/supplier/restel/server_present_but_db_id_not_present_list.txt (7 records)
Saved: /var/www/ScriptEngine/Python-Application/New-Hotel-Id-Collection-Function/id_separation_function/supplier/restel/db_present_but_server_json_not_present.txt (0 records)

Done.

Done.
Summary table updated.
History saved: /var/www/ScriptEngine/Python-Application/New-Hotel-Id-Collection-Function/id_separation_function/history/restel/2026-08-05.json
Finished: restel
End Time: Wed Aug  5 21:05:04 UTC 2026

===========================================
Running supplier: rnrhotel
Start Time: Wed Aug  5 21:05:04 UTC 2026
===========================================
Loading .env environment variables...
Supplier: rnrhotel
JSON Path: /var/www/Storage-Contents/Hotel-Supplier-Raw-Contents/rnrhotel
Output Path: /var/www/ScriptEngine/Python-Application/New-Hotel-Id-Collection-Function/id_separation_function/supplier/rnrhotel
Server JSON Count: 112
Database Hotel Count: 112
Database New Today Count: 0
ITTID Done: 106
Pending ITTID: 6
Saved: /var/www/ScriptEngine/Python-Application/New-Hotel-Id-Collection-Function/id_separation_function/supplier/rnrhotel/server_file_list.txt (112 records)
Saved: /var/www/ScriptEngine/Python-Application/New-Hotel-Id-Collection-Function/id_separation_function/supplier/rnrhotel/db_hotel_id_list.txt (112 records)
Saved: /var/www/ScriptEngine/Python-Application/New-Hotel-Id-Collection-Function/id_separation_function/supplier/rnrhotel/server_present_but_db_id_not_present_list.txt (0 records)
Saved: /var/www/ScriptEngine/Python-Application/New-Hotel-Id-Collection-Function/id_separation_function/supplier/rnrhotel/db_present_but_server_json_not_present.txt (0 records)

Done.

Done.
Summary table updated.
History saved: /var/www/ScriptEngine/Python-Application/New-Hotel-Id-Collection-Function/id_separation_function/history/rnrhotel/2026-08-05.json
Finished: rnrhotel
End Time: Wed Aug  5 21:05:05 UTC 2026

===========================================
Running supplier: roomerang
Start Time: Wed Aug  5 21:05:05 UTC 2026
===========================================
Loading .env environment variables...
Supplier: roomerang
JSON Path: /var/www/Storage-Contents/Hotel-Supplier-Raw-Contents/roomerang
Output Path: /var/www/ScriptEngine/Python-Application/New-Hotel-Id-Collection-Function/id_separation_function/supplier/roomerang
Server JSON Count: 708546
Database Hotel Count: 708527
Database New Today Count: 0
ITTID Done: 181282
Pending ITTID: 527245
Saved: /var/www/ScriptEngine/Python-Application/New-Hotel-Id-Collection-Function/id_separation_function/supplier/roomerang/server_file_list.txt (708546 records)
Saved: /var/www/ScriptEngine/Python-Application/New-Hotel-Id-Collection-Function/id_separation_function/supplier/roomerang/db_hotel_id_list.txt (708527 records)
Saved: /var/www/ScriptEngine/Python-Application/New-Hotel-Id-Collection-Function/id_separation_function/supplier/roomerang/server_present_but_db_id_not_present_list.txt (19 records)
Saved: /var/www/ScriptEngine/Python-Application/New-Hotel-Id-Collection-Function/id_separation_function/supplier/roomerang/db_present_but_server_json_not_present.txt (0 records)

Done.

Done.
Summary table updated.
History saved: /var/www/ScriptEngine/Python-Application/New-Hotel-Id-Collection-Function/id_separation_function/history/roomerang/2026-08-05.json
Finished: roomerang
End Time: Wed Aug  5 21:05:13 UTC 2026

===========================================
Running supplier: stuba
Start Time: Wed Aug  5 21:05:13 UTC 2026
===========================================
Loading .env environment variables...
Supplier: stuba
JSON Path: /var/www/Storage-Contents/Hotel-Supplier-Raw-Contents/stuba
Output Path: /var/www/ScriptEngine/Python-Application/New-Hotel-Id-Collection-Function/id_separation_function/supplier/stuba
Server JSON Count: 128611
Database Hotel Count: 128611
Database New Today Count: 0
ITTID Done: 115926
Pending ITTID: 12685
Saved: /var/www/ScriptEngine/Python-Application/New-Hotel-Id-Collection-Function/id_separation_function/supplier/stuba/server_file_list.txt (128611 records)
Saved: /var/www/ScriptEngine/Python-Application/New-Hotel-Id-Collection-Function/id_separation_function/supplier/stuba/db_hotel_id_list.txt (128611 records)
Saved: /var/www/ScriptEngine/Python-Application/New-Hotel-Id-Collection-Function/id_separation_function/supplier/stuba/server_present_but_db_id_not_present_list.txt (0 records)
Saved: /var/www/ScriptEngine/Python-Application/New-Hotel-Id-Collection-Function/id_separation_function/supplier/stuba/db_present_but_server_json_not_present.txt (0 records)

Done.

Done.
Summary table updated.
History saved: /var/www/ScriptEngine/Python-Application/New-Hotel-Id-Collection-Function/id_separation_function/history/stuba/2026-08-05.json
Finished: stuba
End Time: Wed Aug  5 21:05:15 UTC 2026

===========================================
Running supplier: tbohotel
Start Time: Wed Aug  5 21:05:15 UTC 2026
===========================================
Loading .env environment variables...
Supplier: tbohotel
JSON Path: /var/www/Storage-Contents/Hotel-Supplier-Raw-Contents/tbohotel
Output Path: /var/www/ScriptEngine/Python-Application/New-Hotel-Id-Collection-Function/id_separation_function/supplier/tbohotel
Server JSON Count: 1048323
Database Hotel Count: 1048321
Database New Today Count: 0
ITTID Done: 1041961
Pending ITTID: 6360
Saved: /var/www/ScriptEngine/Python-Application/New-Hotel-Id-Collection-Function/id_separation_function/supplier/tbohotel/server_file_list.txt (1048323 records)
Saved: /var/www/ScriptEngine/Python-Application/New-Hotel-Id-Collection-Function/id_separation_function/supplier/tbohotel/db_hotel_id_list.txt (1048321 records)
Saved: /var/www/ScriptEngine/Python-Application/New-Hotel-Id-Collection-Function/id_separation_function/supplier/tbohotel/server_present_but_db_id_not_present_list.txt (2 records)
Saved: /var/www/ScriptEngine/Python-Application/New-Hotel-Id-Collection-Function/id_separation_function/supplier/tbohotel/db_present_but_server_json_not_present.txt (0 records)

Done.

Done.
Summary table updated.
History saved: /var/www/ScriptEngine/Python-Application/New-Hotel-Id-Collection-Function/id_separation_function/history/tbohotel/2026-08-05.json
Finished: tbohotel
End Time: Wed Aug  5 21:05:34 UTC 2026

===========================================
Running supplier: travelrobothotel
Start Time: Wed Aug  5 21:05:34 UTC 2026
===========================================
Loading .env environment variables...
Supplier: travelrobothotel
JSON Path: /var/www/Storage-Contents/Hotel-Supplier-Raw-Contents/travelrobothotel
Output Path: /var/www/ScriptEngine/Python-Application/New-Hotel-Id-Collection-Function/id_separation_function/supplier/travelrobothotel
Server JSON Count: 1461694
Database Hotel Count: 1461693
Database New Today Count: 0
ITTID Done: 0
Pending ITTID: 1461693
Saved: /var/www/ScriptEngine/Python-Application/New-Hotel-Id-Collection-Function/id_separation_function/supplier/travelrobothotel/server_file_list.txt (1461694 records)
Saved: /var/www/ScriptEngine/Python-Application/New-Hotel-Id-Collection-Function/id_separation_function/supplier/travelrobothotel/db_hotel_id_list.txt (1461693 records)
Saved: /var/www/ScriptEngine/Python-Application/New-Hotel-Id-Collection-Function/id_separation_function/supplier/travelrobothotel/server_present_but_db_id_not_present_list.txt (1 records)
Saved: /var/www/ScriptEngine/Python-Application/New-Hotel-Id-Collection-Function/id_separation_function/supplier/travelrobothotel/db_present_but_server_json_not_present.txt (0 records)

Done.

Done.
Summary table updated.
History saved: /var/www/ScriptEngine/Python-Application/New-Hotel-Id-Collection-Function/id_separation_function/history/travelrobothotel/2026-08-05.json
Finished: travelrobothotel
End Time: Wed Aug  5 21:05:57 UTC 2026

===========================================
All suppliers completed.
Finished at: Wed Aug  5 21:05:57 UTC 2026
===========================================
===========================================
Started at: Thu Aug  6 21:00:01 UTC 2026
===========================================

===========================================
Running supplier: agoda
Start Time: Thu Aug  6 21:00:01 UTC 2026
===========================================
Loading .env environment variables...
Supplier: agoda
JSON Path: /var/www/Storage-Contents/Hotel-Supplier-Raw-Contents/agoda
Output Path: /var/www/ScriptEngine/Python-Application/New-Hotel-Id-Collection-Function/id_separation_function/supplier/agoda
Server JSON Count: 1077788
Database Hotel Count: 1077788
Database New Today Count: 2794
ITTID Done: 1074994
Pending ITTID: 2794
Saved: /var/www/ScriptEngine/Python-Application/New-Hotel-Id-Collection-Function/id_separation_function/supplier/agoda/server_file_list.txt (1077788 records)
Saved: /var/www/ScriptEngine/Python-Application/New-Hotel-Id-Collection-Function/id_separation_function/supplier/agoda/db_hotel_id_list.txt (1077788 records)
Saved: /var/www/ScriptEngine/Python-Application/New-Hotel-Id-Collection-Function/id_separation_function/supplier/agoda/server_present_but_db_id_not_present_list.txt (0 records)
Saved: /var/www/ScriptEngine/Python-Application/New-Hotel-Id-Collection-Function/id_separation_function/supplier/agoda/db_present_but_server_json_not_present.txt (0 records)

Done.

Done.
Summary table updated.
History saved: /var/www/ScriptEngine/Python-Application/New-Hotel-Id-Collection-Function/id_separation_function/history/agoda/2026-08-06.json
Finished: agoda
End Time: Thu Aug  6 21:00:41 UTC 2026

===========================================
Running supplier: amadeushotel
Start Time: Thu Aug  6 21:00:41 UTC 2026
===========================================
Loading .env environment variables...
Supplier: amadeushotel
JSON Path: /var/www/Storage-Contents/Hotel-Supplier-Raw-Contents/amadeushotel
Output Path: /var/www/ScriptEngine/Python-Application/New-Hotel-Id-Collection-Function/id_separation_function/supplier/amadeushotel
Server JSON Count: 94196
Database Hotel Count: 94196
Database New Today Count: 0
ITTID Done: 0
Pending ITTID: 94196
Saved: /var/www/ScriptEngine/Python-Application/New-Hotel-Id-Collection-Function/id_separation_function/supplier/amadeushotel/server_file_list.txt (94196 records)
Saved: /var/www/ScriptEngine/Python-Application/New-Hotel-Id-Collection-Function/id_separation_function/supplier/amadeushotel/db_hotel_id_list.txt (94196 records)
Saved: /var/www/ScriptEngine/Python-Application/New-Hotel-Id-Collection-Function/id_separation_function/supplier/amadeushotel/server_present_but_db_id_not_present_list.txt (0 records)
Saved: /var/www/ScriptEngine/Python-Application/New-Hotel-Id-Collection-Function/id_separation_function/supplier/amadeushotel/db_present_but_server_json_not_present.txt (0 records)

Done.

Done.
Summary table updated.
History saved: /var/www/ScriptEngine/Python-Application/New-Hotel-Id-Collection-Function/id_separation_function/history/amadeushotel/2026-08-06.json
Finished: amadeushotel
End Time: Thu Aug  6 21:00:44 UTC 2026

===========================================
Running supplier: didahotel
Start Time: Thu Aug  6 21:00:44 UTC 2026
===========================================
Loading .env environment variables...
Supplier: didahotel
JSON Path: /var/www/Storage-Contents/Hotel-Supplier-Raw-Contents/didahotel
Output Path: /var/www/ScriptEngine/Python-Application/New-Hotel-Id-Collection-Function/id_separation_function/supplier/didahotel
Server JSON Count: 209784
Database Hotel Count: 209784
Database New Today Count: 0
ITTID Done: 179766
Pending ITTID: 30018
Saved: /var/www/ScriptEngine/Python-Application/New-Hotel-Id-Collection-Function/id_separation_function/supplier/didahotel/server_file_list.txt (209784 records)
Saved: /var/www/ScriptEngine/Python-Application/New-Hotel-Id-Collection-Function/id_separation_function/supplier/didahotel/db_hotel_id_list.txt (209784 records)
Saved: /var/www/ScriptEngine/Python-Application/New-Hotel-Id-Collection-Function/id_separation_function/supplier/didahotel/server_present_but_db_id_not_present_list.txt (0 records)
Saved: /var/www/ScriptEngine/Python-Application/New-Hotel-Id-Collection-Function/id_separation_function/supplier/didahotel/db_present_but_server_json_not_present.txt (0 records)

Done.

Done.
Summary table updated.
History saved: /var/www/ScriptEngine/Python-Application/New-Hotel-Id-Collection-Function/id_separation_function/history/didahotel/2026-08-06.json
Finished: didahotel
End Time: Thu Aug  6 21:00:48 UTC 2026

===========================================
Running supplier: dotw
Start Time: Thu Aug  6 21:00:48 UTC 2026
===========================================
Loading .env environment variables...
Supplier: dotw
JSON Path: /var/www/Storage-Contents/Hotel-Supplier-Raw-Contents/dotw
Output Path: /var/www/ScriptEngine/Python-Application/New-Hotel-Id-Collection-Function/id_separation_function/supplier/dotw
Server JSON Count: 227144
Database Hotel Count: 227143
Database New Today Count: 0
ITTID Done: 215632
Pending ITTID: 11511
Saved: /var/www/ScriptEngine/Python-Application/New-Hotel-Id-Collection-Function/id_separation_function/supplier/dotw/server_file_list.txt (227144 records)
Saved: /var/www/ScriptEngine/Python-Application/New-Hotel-Id-Collection-Function/id_separation_function/supplier/dotw/db_hotel_id_list.txt (227143 records)
Saved: /var/www/ScriptEngine/Python-Application/New-Hotel-Id-Collection-Function/id_separation_function/supplier/dotw/server_present_but_db_id_not_present_list.txt (1 records)
Saved: /var/www/ScriptEngine/Python-Application/New-Hotel-Id-Collection-Function/id_separation_function/supplier/dotw/db_present_but_server_json_not_present.txt (0 records)

Done.

Done.
Summary table updated.
History saved: /var/www/ScriptEngine/Python-Application/New-Hotel-Id-Collection-Function/id_separation_function/history/dotw/2026-08-06.json
Finished: dotw
End Time: Thu Aug  6 21:00:53 UTC 2026

===========================================
Running supplier: ean
Start Time: Thu Aug  6 21:00:53 UTC 2026
===========================================
Loading .env environment variables...
Supplier: ean
JSON Path: /var/www/Storage-Contents/Hotel-Supplier-Raw-Contents/ean
Output Path: /var/www/ScriptEngine/Python-Application/New-Hotel-Id-Collection-Function/id_separation_function/supplier/ean
Server JSON Count: 620298
Database Hotel Count: 620298
Database New Today Count: 342
ITTID Done: 508943
Pending ITTID: 111355
Saved: /var/www/ScriptEngine/Python-Application/New-Hotel-Id-Collection-Function/id_separation_function/supplier/ean/server_file_list.txt (620298 records)
Saved: /var/www/ScriptEngine/Python-Application/New-Hotel-Id-Collection-Function/id_separation_function/supplier/ean/db_hotel_id_list.txt (620298 records)
Saved: /var/www/ScriptEngine/Python-Application/New-Hotel-Id-Collection-Function/id_separation_function/supplier/ean/server_present_but_db_id_not_present_list.txt (0 records)
Saved: /var/www/ScriptEngine/Python-Application/New-Hotel-Id-Collection-Function/id_separation_function/supplier/ean/db_present_but_server_json_not_present.txt (0 records)

Done.

Done.
Summary table updated.
History saved: /var/www/ScriptEngine/Python-Application/New-Hotel-Id-Collection-Function/id_separation_function/history/ean/2026-08-06.json
Finished: ean
End Time: Thu Aug  6 21:01:06 UTC 2026

===========================================
Running supplier: ebookinghotel
Start Time: Thu Aug  6 21:01:06 UTC 2026
===========================================
Loading .env environment variables...
Supplier: ebookinghotel
JSON Path: /var/www/Storage-Contents/Hotel-Supplier-Raw-Contents/ebookinghotel
Output Path: /var/www/ScriptEngine/Python-Application/New-Hotel-Id-Collection-Function/id_separation_function/supplier/ebookinghotel
Server JSON Count: 878990
Database Hotel Count: 878990
Database New Today Count: 0
ITTID Done: 0
Pending ITTID: 878990
Saved: /var/www/ScriptEngine/Python-Application/New-Hotel-Id-Collection-Function/id_separation_function/supplier/ebookinghotel/server_file_list.txt (878990 records)
Saved: /var/www/ScriptEngine/Python-Application/New-Hotel-Id-Collection-Function/id_separation_function/supplier/ebookinghotel/db_hotel_id_list.txt (878990 records)
Saved: /var/www/ScriptEngine/Python-Application/New-Hotel-Id-Collection-Function/id_separation_function/supplier/ebookinghotel/server_present_but_db_id_not_present_list.txt (0 records)
Saved: /var/www/ScriptEngine/Python-Application/New-Hotel-Id-Collection-Function/id_separation_function/supplier/ebookinghotel/db_present_but_server_json_not_present.txt (0 records)

Done.

Done.
Summary table updated.
History saved: /var/www/ScriptEngine/Python-Application/New-Hotel-Id-Collection-Function/id_separation_function/history/ebookinghotel/2026-08-06.json
Finished: ebookinghotel
End Time: Thu Aug  6 21:01:23 UTC 2026

===========================================
Running supplier: goglobal
Start Time: Thu Aug  6 21:01:23 UTC 2026
===========================================
Loading .env environment variables...
Supplier: goglobal
JSON Path: /var/www/Storage-Contents/Hotel-Supplier-Raw-Contents/goglobal
Output Path: /var/www/ScriptEngine/Python-Application/New-Hotel-Id-Collection-Function/id_separation_function/supplier/goglobal
Server JSON Count: 221411
Database Hotel Count: 221393
Database New Today Count: 0
ITTID Done: 215415
Pending ITTID: 5978
Saved: /var/www/ScriptEngine/Python-Application/New-Hotel-Id-Collection-Function/id_separation_function/supplier/goglobal/server_file_list.txt (221411 records)
Saved: /var/www/ScriptEngine/Python-Application/New-Hotel-Id-Collection-Function/id_separation_function/supplier/goglobal/db_hotel_id_list.txt (221393 records)
Saved: /var/www/ScriptEngine/Python-Application/New-Hotel-Id-Collection-Function/id_separation_function/supplier/goglobal/server_present_but_db_id_not_present_list.txt (18 records)
Saved: /var/www/ScriptEngine/Python-Application/New-Hotel-Id-Collection-Function/id_separation_function/supplier/goglobal/db_present_but_server_json_not_present.txt (0 records)

Done.

Done.
Summary table updated.
History saved: /var/www/ScriptEngine/Python-Application/New-Hotel-Id-Collection-Function/id_separation_function/history/goglobal/2026-08-06.json
Finished: goglobal
End Time: Thu Aug  6 21:01:28 UTC 2026

===========================================
Running supplier: grnconnect
Start Time: Thu Aug  6 21:01:28 UTC 2026
===========================================
Loading .env environment variables...
Supplier: grnconnect
JSON Path: /var/www/Storage-Contents/Hotel-Supplier-Raw-Contents/grnconnect
Output Path: /var/www/ScriptEngine/Python-Application/New-Hotel-Id-Collection-Function/id_separation_function/supplier/grnconnect
Server JSON Count: 214625
Database Hotel Count: 214625
Database New Today Count: 0
ITTID Done: 185747
Pending ITTID: 28878
Saved: /var/www/ScriptEngine/Python-Application/New-Hotel-Id-Collection-Function/id_separation_function/supplier/grnconnect/server_file_list.txt (214625 records)
Saved: /var/www/ScriptEngine/Python-Application/New-Hotel-Id-Collection-Function/id_separation_function/supplier/grnconnect/db_hotel_id_list.txt (214625 records)
Saved: /var/www/ScriptEngine/Python-Application/New-Hotel-Id-Collection-Function/id_separation_function/supplier/grnconnect/server_present_but_db_id_not_present_list.txt (0 records)
Saved: /var/www/ScriptEngine/Python-Application/New-Hotel-Id-Collection-Function/id_separation_function/supplier/grnconnect/db_present_but_server_json_not_present.txt (0 records)

Done.

Done.
Summary table updated.
History saved: /var/www/ScriptEngine/Python-Application/New-Hotel-Id-Collection-Function/id_separation_function/history/grnconnect/2026-08-06.json
Finished: grnconnect
End Time: Thu Aug  6 21:01:33 UTC 2026

===========================================
Running supplier: hotelbeds
Start Time: Thu Aug  6 21:01:33 UTC 2026
===========================================
Loading .env environment variables...
Supplier: hotelbeds
JSON Path: /var/www/Storage-Contents/Hotel-Supplier-Raw-Contents/hotelbeds
Output Path: /var/www/ScriptEngine/Python-Application/New-Hotel-Id-Collection-Function/id_separation_function/supplier/hotelbeds
Server JSON Count: 474939
Database Hotel Count: 474939
Database New Today Count: 78
ITTID Done: 474581
Pending ITTID: 358
Saved: /var/www/ScriptEngine/Python-Application/New-Hotel-Id-Collection-Function/id_separation_function/supplier/hotelbeds/server_file_list.txt (474939 records)
Saved: /var/www/ScriptEngine/Python-Application/New-Hotel-Id-Collection-Function/id_separation_function/supplier/hotelbeds/db_hotel_id_list.txt (474939 records)
Saved: /var/www/ScriptEngine/Python-Application/New-Hotel-Id-Collection-Function/id_separation_function/supplier/hotelbeds/server_present_but_db_id_not_present_list.txt (0 records)
Saved: /var/www/ScriptEngine/Python-Application/New-Hotel-Id-Collection-Function/id_separation_function/supplier/hotelbeds/db_present_but_server_json_not_present.txt (0 records)

Done.

Done.
Summary table updated.
History saved: /var/www/ScriptEngine/Python-Application/New-Hotel-Id-Collection-Function/id_separation_function/history/hotelbeds/2026-08-06.json
Finished: hotelbeds
End Time: Thu Aug  6 21:01:53 UTC 2026

===========================================
Running supplier: hotelston
Start Time: Thu Aug  6 21:01:53 UTC 2026
===========================================
Loading .env environment variables...
Supplier: hotelston
JSON Path: /var/www/Storage-Contents/Hotel-Supplier-Raw-Contents/hotelston
Output Path: /var/www/ScriptEngine/Python-Application/New-Hotel-Id-Collection-Function/id_separation_function/supplier/hotelston
Server JSON Count: 3693299
Database Hotel Count: 3693299
Database New Today Count: 0
ITTID Done: 603685
Pending ITTID: 3089614
Saved: /var/www/ScriptEngine/Python-Application/New-Hotel-Id-Collection-Function/id_separation_function/supplier/hotelston/server_file_list.txt (3693299 records)
Saved: /var/www/ScriptEngine/Python-Application/New-Hotel-Id-Collection-Function/id_separation_function/supplier/hotelston/db_hotel_id_list.txt (3693299 records)
Saved: /var/www/ScriptEngine/Python-Application/New-Hotel-Id-Collection-Function/id_separation_function/supplier/hotelston/server_present_but_db_id_not_present_list.txt (0 records)
Saved: /var/www/ScriptEngine/Python-Application/New-Hotel-Id-Collection-Function/id_separation_function/supplier/hotelston/db_present_but_server_json_not_present.txt (0 records)

Done.

Done.
Summary table updated.
History saved: /var/www/ScriptEngine/Python-Application/New-Hotel-Id-Collection-Function/id_separation_function/history/hotelston/2026-08-06.json
Finished: hotelston
End Time: Thu Aug  6 21:05:09 UTC 2026

===========================================
Running supplier: hyperguestdirect
Start Time: Thu Aug  6 21:05:09 UTC 2026
===========================================
Loading .env environment variables...
Supplier: hyperguestdirect
JSON Path: /var/www/Storage-Contents/Hotel-Supplier-Raw-Contents/hyperguestdirect
Output Path: /var/www/ScriptEngine/Python-Application/New-Hotel-Id-Collection-Function/id_separation_function/supplier/hyperguestdirect
Server JSON Count: 67258
Database Hotel Count: 67258
Database New Today Count: 245
ITTID Done: 49276
Pending ITTID: 17982
Saved: /var/www/ScriptEngine/Python-Application/New-Hotel-Id-Collection-Function/id_separation_function/supplier/hyperguestdirect/server_file_list.txt (67258 records)
Saved: /var/www/ScriptEngine/Python-Application/New-Hotel-Id-Collection-Function/id_separation_function/supplier/hyperguestdirect/db_hotel_id_list.txt (67258 records)
Saved: /var/www/ScriptEngine/Python-Application/New-Hotel-Id-Collection-Function/id_separation_function/supplier/hyperguestdirect/server_present_but_db_id_not_present_list.txt (0 records)
Saved: /var/www/ScriptEngine/Python-Application/New-Hotel-Id-Collection-Function/id_separation_function/supplier/hyperguestdirect/db_present_but_server_json_not_present.txt (0 records)

Done.

Done.
Summary table updated.
History saved: /var/www/ScriptEngine/Python-Application/New-Hotel-Id-Collection-Function/id_separation_function/history/hyperguestdirect/2026-08-06.json
Finished: hyperguestdirect
End Time: Thu Aug  6 21:05:12 UTC 2026

===========================================
Running supplier: illusionshotel
Start Time: Thu Aug  6 21:05:12 UTC 2026
===========================================
Loading .env environment variables...
Supplier: illusionshotel
JSON Path: /var/www/Storage-Contents/Hotel-Supplier-Raw-Contents/illusionshotel
Output Path: /var/www/ScriptEngine/Python-Application/New-Hotel-Id-Collection-Function/id_separation_function/supplier/illusionshotel
Server JSON Count: 395727
Database Hotel Count: 395727
Database New Today Count: 0
ITTID Done: 42240
Pending ITTID: 353487
Saved: /var/www/ScriptEngine/Python-Application/New-Hotel-Id-Collection-Function/id_separation_function/supplier/illusionshotel/server_file_list.txt (395727 records)
Saved: /var/www/ScriptEngine/Python-Application/New-Hotel-Id-Collection-Function/id_separation_function/supplier/illusionshotel/db_hotel_id_list.txt (395727 records)
Saved: /var/www/ScriptEngine/Python-Application/New-Hotel-Id-Collection-Function/id_separation_function/supplier/illusionshotel/server_present_but_db_id_not_present_list.txt (0 records)
Saved: /var/www/ScriptEngine/Python-Application/New-Hotel-Id-Collection-Function/id_separation_function/supplier/illusionshotel/db_present_but_server_json_not_present.txt (0 records)

Done.

Done.
Summary table updated.
History saved: /var/www/ScriptEngine/Python-Application/New-Hotel-Id-Collection-Function/id_separation_function/history/illusionshotel/2026-08-06.json
Finished: illusionshotel
End Time: Thu Aug  6 21:05:20 UTC 2026

===========================================
Running supplier: innstant
Start Time: Thu Aug  6 21:05:20 UTC 2026
===========================================
Loading .env environment variables...
Supplier: innstant
JSON Path: /var/www/Storage-Contents/Hotel-Supplier-Raw-Contents/innstant
Output Path: /var/www/ScriptEngine/Python-Application/New-Hotel-Id-Collection-Function/id_separation_function/supplier/innstant
Server JSON Count: 649448
Database Hotel Count: 649436
Database New Today Count: 0
ITTID Done: 555240
Pending ITTID: 94196
Saved: /var/www/ScriptEngine/Python-Application/New-Hotel-Id-Collection-Function/id_separation_function/supplier/innstant/server_file_list.txt (649448 records)
Saved: /var/www/ScriptEngine/Python-Application/New-Hotel-Id-Collection-Function/id_separation_function/supplier/innstant/db_hotel_id_list.txt (649436 records)
Saved: /var/www/ScriptEngine/Python-Application/New-Hotel-Id-Collection-Function/id_separation_function/supplier/innstant/server_present_but_db_id_not_present_list.txt (12 records)
Saved: /var/www/ScriptEngine/Python-Application/New-Hotel-Id-Collection-Function/id_separation_function/supplier/innstant/db_present_but_server_json_not_present.txt (0 records)

Done.

Done.
Summary table updated.
History saved: /var/www/ScriptEngine/Python-Application/New-Hotel-Id-Collection-Function/id_separation_function/history/innstant/2026-08-06.json
Finished: innstant
End Time: Thu Aug  6 21:05:44 UTC 2026

===========================================
Running supplier: juniperhotel
Start Time: Thu Aug  6 21:05:44 UTC 2026
===========================================
Loading .env environment variables...
Supplier: juniperhotel
JSON Path: /var/www/Storage-Contents/Hotel-Supplier-Raw-Contents/juniperhotel
Output Path: /var/www/ScriptEngine/Python-Application/New-Hotel-Id-Collection-Function/id_separation_function/supplier/juniperhotel
Server JSON Count: 428859
Database Hotel Count: 429113
Database New Today Count: 0
ITTID Done: 427080
Pending ITTID: 2033
Saved: /var/www/ScriptEngine/Python-Application/New-Hotel-Id-Collection-Function/id_separation_function/supplier/juniperhotel/server_file_list.txt (428859 records)
Saved: /var/www/ScriptEngine/Python-Application/New-Hotel-Id-Collection-Function/id_separation_function/supplier/juniperhotel/db_hotel_id_list.txt (429113 records)
Saved: /var/www/ScriptEngine/Python-Application/New-Hotel-Id-Collection-Function/id_separation_function/supplier/juniperhotel/server_present_but_db_id_not_present_list.txt (0 records)
Saved: /var/www/ScriptEngine/Python-Application/New-Hotel-Id-Collection-Function/id_separation_function/supplier/juniperhotel/db_present_but_server_json_not_present.txt (254 records)

Done.

Done.
Summary table updated.
History saved: /var/www/ScriptEngine/Python-Application/New-Hotel-Id-Collection-Function/id_separation_function/history/juniperhotel/2026-08-06.json
Finished: juniperhotel
End Time: Thu Aug  6 21:05:59 UTC 2026

===========================================
Running supplier: kiwihotel
Start Time: Thu Aug  6 21:05:59 UTC 2026
===========================================
Loading .env environment variables...
Supplier: kiwihotel
JSON Path: /var/www/Storage-Contents/Hotel-Supplier-Raw-Contents/kiwihotel
Output Path: /var/www/ScriptEngine/Python-Application/New-Hotel-Id-Collection-Function/id_separation_function/supplier/kiwihotel
Server JSON Count: 1943
Database Hotel Count: 1943
Database New Today Count: 0
ITTID Done: 0
Pending ITTID: 1943
Saved: /var/www/ScriptEngine/Python-Application/New-Hotel-Id-Collection-Function/id_separation_function/supplier/kiwihotel/server_file_list.txt (1943 records)
Saved: /var/www/ScriptEngine/Python-Application/New-Hotel-Id-Collection-Function/id_separation_function/supplier/kiwihotel/db_hotel_id_list.txt (1943 records)
Saved: /var/www/ScriptEngine/Python-Application/New-Hotel-Id-Collection-Function/id_separation_function/supplier/kiwihotel/server_present_but_db_id_not_present_list.txt (0 records)
Saved: /var/www/ScriptEngine/Python-Application/New-Hotel-Id-Collection-Function/id_separation_function/supplier/kiwihotel/db_present_but_server_json_not_present.txt (0 records)

Done.

Done.
Summary table updated.
History saved: /var/www/ScriptEngine/Python-Application/New-Hotel-Id-Collection-Function/id_separation_function/history/kiwihotel/2026-08-06.json
Finished: kiwihotel
End Time: Thu Aug  6 21:06:00 UTC 2026

===========================================
Running supplier: mgholiday
Start Time: Thu Aug  6 21:06:00 UTC 2026
===========================================
Loading .env environment variables...
Supplier: mgholiday
JSON Path: /var/www/Storage-Contents/Hotel-Supplier-Raw-Contents/mgholiday
Output Path: /var/www/ScriptEngine/Python-Application/New-Hotel-Id-Collection-Function/id_separation_function/supplier/mgholiday
Server JSON Count: 237610
Database Hotel Count: 237609
Database New Today Count: 0
ITTID Done: 196324
Pending ITTID: 41285
Saved: /var/www/ScriptEngine/Python-Application/New-Hotel-Id-Collection-Function/id_separation_function/supplier/mgholiday/server_file_list.txt (237610 records)
Saved: /var/www/ScriptEngine/Python-Application/New-Hotel-Id-Collection-Function/id_separation_function/supplier/mgholiday/db_hotel_id_list.txt (237609 records)
Saved: /var/www/ScriptEngine/Python-Application/New-Hotel-Id-Collection-Function/id_separation_function/supplier/mgholiday/server_present_but_db_id_not_present_list.txt (2 records)
Saved: /var/www/ScriptEngine/Python-Application/New-Hotel-Id-Collection-Function/id_separation_function/supplier/mgholiday/db_present_but_server_json_not_present.txt (1 records)

Done.

Done.
Summary table updated.
History saved: /var/www/ScriptEngine/Python-Application/New-Hotel-Id-Collection-Function/id_separation_function/history/mgholiday/2026-08-06.json
Finished: mgholiday
End Time: Thu Aug  6 21:06:06 UTC 2026

===========================================
Running supplier: paximumhotel
Start Time: Thu Aug  6 21:06:06 UTC 2026
===========================================
Loading .env environment variables...
Supplier: paximumhotel
JSON Path: /var/www/Storage-Contents/Hotel-Supplier-Raw-Contents/paximumhotel
Output Path: /var/www/ScriptEngine/Python-Application/New-Hotel-Id-Collection-Function/id_separation_function/supplier/paximumhotel
Server JSON Count: 1385584
Database Hotel Count: 1385589
Database New Today Count: 0
ITTID Done: 109901
Pending ITTID: 1275688
Saved: /var/www/ScriptEngine/Python-Application/New-Hotel-Id-Collection-Function/id_separation_function/supplier/paximumhotel/server_file_list.txt (1385584 records)
Saved: /var/www/ScriptEngine/Python-Application/New-Hotel-Id-Collection-Function/id_separation_function/supplier/paximumhotel/db_hotel_id_list.txt (1385589 records)
Saved: /var/www/ScriptEngine/Python-Application/New-Hotel-Id-Collection-Function/id_separation_function/supplier/paximumhotel/server_present_but_db_id_not_present_list.txt (0 records)
Saved: /var/www/ScriptEngine/Python-Application/New-Hotel-Id-Collection-Function/id_separation_function/supplier/paximumhotel/db_present_but_server_json_not_present.txt (5 records)

Done.

Done.
Summary table updated.
History saved: /var/www/ScriptEngine/Python-Application/New-Hotel-Id-Collection-Function/id_separation_function/history/paximumhotel/2026-08-06.json
Finished: paximumhotel
End Time: Thu Aug  6 21:06:40 UTC 2026

===========================================
Running supplier: rakuten
Start Time: Thu Aug  6 21:06:40 UTC 2026
===========================================
Loading .env environment variables...
Supplier: rakuten
JSON Path: /var/www/Storage-Contents/Hotel-Supplier-Raw-Contents/rakuten
Output Path: /var/www/ScriptEngine/Python-Application/New-Hotel-Id-Collection-Function/id_separation_function/supplier/rakuten
Server JSON Count: 37864
Database Hotel Count: 37587
Database New Today Count: 0
ITTID Done: 14079
Pending ITTID: 23508
Saved: /var/www/ScriptEngine/Python-Application/New-Hotel-Id-Collection-Function/id_separation_function/supplier/rakuten/server_file_list.txt (37864 records)
Saved: /var/www/ScriptEngine/Python-Application/New-Hotel-Id-Collection-Function/id_separation_function/supplier/rakuten/db_hotel_id_list.txt (37587 records)
Saved: /var/www/ScriptEngine/Python-Application/New-Hotel-Id-Collection-Function/id_separation_function/supplier/rakuten/server_present_but_db_id_not_present_list.txt (277 records)
Saved: /var/www/ScriptEngine/Python-Application/New-Hotel-Id-Collection-Function/id_separation_function/supplier/rakuten/db_present_but_server_json_not_present.txt (0 records)

Done.

Done.
Summary table updated.
History saved: /var/www/ScriptEngine/Python-Application/New-Hotel-Id-Collection-Function/id_separation_function/history/rakuten/2026-08-06.json
Finished: rakuten
End Time: Thu Aug  6 21:06:41 UTC 2026

===========================================
Running supplier: ratehawkhotel
Start Time: Thu Aug  6 21:06:41 UTC 2026
===========================================
Loading .env environment variables...
Supplier: ratehawkhotel
JSON Path: /var/www/Storage-Contents/Hotel-Supplier-Raw-Contents/ratehawkhotel
Output Path: /var/www/ScriptEngine/Python-Application/New-Hotel-Id-Collection-Function/id_separation_function/supplier/ratehawkhotel
Server JSON Count: 2771500
Database Hotel Count: 2767561
Database New Today Count: 0
ITTID Done: 1377040
Pending ITTID: 1390521
Saved: /var/www/ScriptEngine/Python-Application/New-Hotel-Id-Collection-Function/id_separation_function/supplier/ratehawkhotel/server_file_list.txt (2771500 records)
Saved: /var/www/ScriptEngine/Python-Application/New-Hotel-Id-Collection-Function/id_separation_function/supplier/ratehawkhotel/db_hotel_id_list.txt (2767561 records)
Saved: /var/www/ScriptEngine/Python-Application/New-Hotel-Id-Collection-Function/id_separation_function/supplier/ratehawkhotel/server_present_but_db_id_not_present_list.txt (4902 records)
Saved: /var/www/ScriptEngine/Python-Application/New-Hotel-Id-Collection-Function/id_separation_function/supplier/ratehawkhotel/db_present_but_server_json_not_present.txt (963 records)

Done.

Done.
Summary table updated.
History saved: /var/www/ScriptEngine/Python-Application/New-Hotel-Id-Collection-Function/id_separation_function/history/ratehawkhotel/2026-08-06.json
Finished: ratehawkhotel
End Time: Thu Aug  6 21:07:38 UTC 2026

===========================================
Running supplier: restel
Start Time: Thu Aug  6 21:07:38 UTC 2026
===========================================
Loading .env environment variables...
Supplier: restel
JSON Path: /var/www/Storage-Contents/Hotel-Supplier-Raw-Contents/restel
Output Path: /var/www/ScriptEngine/Python-Application/New-Hotel-Id-Collection-Function/id_separation_function/supplier/restel
Server JSON Count: 144480
Database Hotel Count: 144473
Database New Today Count: 0
ITTID Done: 87229
Pending ITTID: 57244
Saved: /var/www/ScriptEngine/Python-Application/New-Hotel-Id-Collection-Function/id_separation_function/supplier/restel/server_file_list.txt (144480 records)
Saved: /var/www/ScriptEngine/Python-Application/New-Hotel-Id-Collection-Function/id_separation_function/supplier/restel/db_hotel_id_list.txt (144473 records)
Saved: /var/www/ScriptEngine/Python-Application/New-Hotel-Id-Collection-Function/id_separation_function/supplier/restel/server_present_but_db_id_not_present_list.txt (7 records)
Saved: /var/www/ScriptEngine/Python-Application/New-Hotel-Id-Collection-Function/id_separation_function/supplier/restel/db_present_but_server_json_not_present.txt (0 records)

Done.

Done.
Summary table updated.
History saved: /var/www/ScriptEngine/Python-Application/New-Hotel-Id-Collection-Function/id_separation_function/history/restel/2026-08-06.json
Finished: restel
End Time: Thu Aug  6 21:07:41 UTC 2026

===========================================
Running supplier: rnrhotel
Start Time: Thu Aug  6 21:07:41 UTC 2026
===========================================
Loading .env environment variables...
Supplier: rnrhotel
JSON Path: /var/www/Storage-Contents/Hotel-Supplier-Raw-Contents/rnrhotel
Output Path: /var/www/ScriptEngine/Python-Application/New-Hotel-Id-Collection-Function/id_separation_function/supplier/rnrhotel
Server JSON Count: 112
Database Hotel Count: 112
Database New Today Count: 0
ITTID Done: 106
Pending ITTID: 6
Saved: /var/www/ScriptEngine/Python-Application/New-Hotel-Id-Collection-Function/id_separation_function/supplier/rnrhotel/server_file_list.txt (112 records)
Saved: /var/www/ScriptEngine/Python-Application/New-Hotel-Id-Collection-Function/id_separation_function/supplier/rnrhotel/db_hotel_id_list.txt (112 records)
Saved: /var/www/ScriptEngine/Python-Application/New-Hotel-Id-Collection-Function/id_separation_function/supplier/rnrhotel/server_present_but_db_id_not_present_list.txt (0 records)
Saved: /var/www/ScriptEngine/Python-Application/New-Hotel-Id-Collection-Function/id_separation_function/supplier/rnrhotel/db_present_but_server_json_not_present.txt (0 records)

Done.

Done.
Summary table updated.
History saved: /var/www/ScriptEngine/Python-Application/New-Hotel-Id-Collection-Function/id_separation_function/history/rnrhotel/2026-08-06.json
Finished: rnrhotel
End Time: Thu Aug  6 21:07:41 UTC 2026

===========================================
Running supplier: roomerang
Start Time: Thu Aug  6 21:07:41 UTC 2026
===========================================
Loading .env environment variables...
Supplier: roomerang
JSON Path: /var/www/Storage-Contents/Hotel-Supplier-Raw-Contents/roomerang
Output Path: /var/www/ScriptEngine/Python-Application/New-Hotel-Id-Collection-Function/id_separation_function/supplier/roomerang
Server JSON Count: 708546
Database Hotel Count: 708527
Database New Today Count: 0
ITTID Done: 181282
Pending ITTID: 527245
Saved: /var/www/ScriptEngine/Python-Application/New-Hotel-Id-Collection-Function/id_separation_function/supplier/roomerang/server_file_list.txt (708546 records)
Saved: /var/www/ScriptEngine/Python-Application/New-Hotel-Id-Collection-Function/id_separation_function/supplier/roomerang/db_hotel_id_list.txt (708527 records)
Saved: /var/www/ScriptEngine/Python-Application/New-Hotel-Id-Collection-Function/id_separation_function/supplier/roomerang/server_present_but_db_id_not_present_list.txt (19 records)
Saved: /var/www/ScriptEngine/Python-Application/New-Hotel-Id-Collection-Function/id_separation_function/supplier/roomerang/db_present_but_server_json_not_present.txt (0 records)

Done.

Done.
Summary table updated.
History saved: /var/www/ScriptEngine/Python-Application/New-Hotel-Id-Collection-Function/id_separation_function/history/roomerang/2026-08-06.json
Finished: roomerang
End Time: Thu Aug  6 21:07:51 UTC 2026

===========================================
Running supplier: stuba
Start Time: Thu Aug  6 21:07:51 UTC 2026
===========================================
Loading .env environment variables...
Supplier: stuba
JSON Path: /var/www/Storage-Contents/Hotel-Supplier-Raw-Contents/stuba
Output Path: /var/www/ScriptEngine/Python-Application/New-Hotel-Id-Collection-Function/id_separation_function/supplier/stuba
Server JSON Count: 128611
Database Hotel Count: 128611
Database New Today Count: 0
ITTID Done: 115926
Pending ITTID: 12685
Saved: /var/www/ScriptEngine/Python-Application/New-Hotel-Id-Collection-Function/id_separation_function/supplier/stuba/server_file_list.txt (128611 records)
Saved: /var/www/ScriptEngine/Python-Application/New-Hotel-Id-Collection-Function/id_separation_function/supplier/stuba/db_hotel_id_list.txt (128611 records)
Saved: /var/www/ScriptEngine/Python-Application/New-Hotel-Id-Collection-Function/id_separation_function/supplier/stuba/server_present_but_db_id_not_present_list.txt (0 records)
Saved: /var/www/ScriptEngine/Python-Application/New-Hotel-Id-Collection-Function/id_separation_function/supplier/stuba/db_present_but_server_json_not_present.txt (0 records)

Done.

Done.
Summary table updated.
History saved: /var/www/ScriptEngine/Python-Application/New-Hotel-Id-Collection-Function/id_separation_function/history/stuba/2026-08-06.json
Finished: stuba
End Time: Thu Aug  6 21:07:53 UTC 2026

===========================================
Running supplier: tbohotel
Start Time: Thu Aug  6 21:07:53 UTC 2026
===========================================
Loading .env environment variables...
Supplier: tbohotel
JSON Path: /var/www/Storage-Contents/Hotel-Supplier-Raw-Contents/tbohotel
Output Path: /var/www/ScriptEngine/Python-Application/New-Hotel-Id-Collection-Function/id_separation_function/supplier/tbohotel
Server JSON Count: 1048323
Database Hotel Count: 1048321
Database New Today Count: 0
ITTID Done: 1043383
Pending ITTID: 4938
Saved: /var/www/ScriptEngine/Python-Application/New-Hotel-Id-Collection-Function/id_separation_function/supplier/tbohotel/server_file_list.txt (1048323 records)
Saved: /var/www/ScriptEngine/Python-Application/New-Hotel-Id-Collection-Function/id_separation_function/supplier/tbohotel/db_hotel_id_list.txt (1048321 records)
Saved: /var/www/ScriptEngine/Python-Application/New-Hotel-Id-Collection-Function/id_separation_function/supplier/tbohotel/server_present_but_db_id_not_present_list.txt (2 records)
Saved: /var/www/ScriptEngine/Python-Application/New-Hotel-Id-Collection-Function/id_separation_function/supplier/tbohotel/db_present_but_server_json_not_present.txt (0 records)

Done.

Done.
Summary table updated.
History saved: /var/www/ScriptEngine/Python-Application/New-Hotel-Id-Collection-Function/id_separation_function/history/tbohotel/2026-08-06.json
Finished: tbohotel
End Time: Thu Aug  6 21:08:11 UTC 2026

===========================================
Running supplier: travelrobothotel
Start Time: Thu Aug  6 21:08:11 UTC 2026
===========================================
Loading .env environment variables...
Supplier: travelrobothotel
JSON Path: /var/www/Storage-Contents/Hotel-Supplier-Raw-Contents/travelrobothotel
Output Path: /var/www/ScriptEngine/Python-Application/New-Hotel-Id-Collection-Function/id_separation_function/supplier/travelrobothotel
Server JSON Count: 1461694
Database Hotel Count: 1461693
Database New Today Count: 0
ITTID Done: 0
Pending ITTID: 1461693
Saved: /var/www/ScriptEngine/Python-Application/New-Hotel-Id-Collection-Function/id_separation_function/supplier/travelrobothotel/server_file_list.txt (1461694 records)
Saved: /var/www/ScriptEngine/Python-Application/New-Hotel-Id-Collection-Function/id_separation_function/supplier/travelrobothotel/db_hotel_id_list.txt (1461693 records)
Saved: /var/www/ScriptEngine/Python-Application/New-Hotel-Id-Collection-Function/id_separation_function/supplier/travelrobothotel/server_present_but_db_id_not_present_list.txt (1 records)
Saved: /var/www/ScriptEngine/Python-Application/New-Hotel-Id-Collection-Function/id_separation_function/supplier/travelrobothotel/db_present_but_server_json_not_present.txt (0 records)

Done.

Done.
Summary table updated.
History saved: /var/www/ScriptEngine/Python-Application/New-Hotel-Id-Collection-Function/id_separation_function/history/travelrobothotel/2026-08-06.json
Finished: travelrobothotel
End Time: Thu Aug  6 21:08:31 UTC 2026

===========================================
All suppliers completed.
Finished at: Thu Aug  6 21:08:31 UTC 2026
===========================================
===========================================
Started at: Fri Aug  7 21:00:01 UTC 2026
===========================================

===========================================
Running supplier: agoda
Start Time: Fri Aug  7 21:00:01 UTC 2026
===========================================
Loading .env environment variables...
Supplier: agoda
JSON Path: /var/www/Storage-Contents/Hotel-Supplier-Raw-Contents/agoda
Output Path: /var/www/ScriptEngine/Python-Application/New-Hotel-Id-Collection-Function/id_separation_function/supplier/agoda
Server JSON Count: 1080304
Database Hotel Count: 1080304
Database New Today Count: 2516
ITTID Done: 1077787
Pending ITTID: 2517
Saved: /var/www/ScriptEngine/Python-Application/New-Hotel-Id-Collection-Function/id_separation_function/supplier/agoda/server_file_list.txt (1080304 records)
Saved: /var/www/ScriptEngine/Python-Application/New-Hotel-Id-Collection-Function/id_separation_function/supplier/agoda/db_hotel_id_list.txt (1080304 records)
Saved: /var/www/ScriptEngine/Python-Application/New-Hotel-Id-Collection-Function/id_separation_function/supplier/agoda/server_present_but_db_id_not_present_list.txt (0 records)
Saved: /var/www/ScriptEngine/Python-Application/New-Hotel-Id-Collection-Function/id_separation_function/supplier/agoda/db_present_but_server_json_not_present.txt (0 records)

Done.

Done.
Summary table updated.
History saved: /var/www/ScriptEngine/Python-Application/New-Hotel-Id-Collection-Function/id_separation_function/history/agoda/2026-08-07.json
Finished: agoda
End Time: Fri Aug  7 21:00:42 UTC 2026

===========================================
Running supplier: amadeushotel
Start Time: Fri Aug  7 21:00:42 UTC 2026
===========================================
Loading .env environment variables...
Supplier: amadeushotel
JSON Path: /var/www/Storage-Contents/Hotel-Supplier-Raw-Contents/amadeushotel
Output Path: /var/www/ScriptEngine/Python-Application/New-Hotel-Id-Collection-Function/id_separation_function/supplier/amadeushotel
Server JSON Count: 94196
Database Hotel Count: 94196
Database New Today Count: 0
ITTID Done: 0
Pending ITTID: 94196
Saved: /var/www/ScriptEngine/Python-Application/New-Hotel-Id-Collection-Function/id_separation_function/supplier/amadeushotel/server_file_list.txt (94196 records)
Saved: /var/www/ScriptEngine/Python-Application/New-Hotel-Id-Collection-Function/id_separation_function/supplier/amadeushotel/db_hotel_id_list.txt (94196 records)
Saved: /var/www/ScriptEngine/Python-Application/New-Hotel-Id-Collection-Function/id_separation_function/supplier/amadeushotel/server_present_but_db_id_not_present_list.txt (0 records)
Saved: /var/www/ScriptEngine/Python-Application/New-Hotel-Id-Collection-Function/id_separation_function/supplier/amadeushotel/db_present_but_server_json_not_present.txt (0 records)

Done.

Done.
Summary table updated.
History saved: /var/www/ScriptEngine/Python-Application/New-Hotel-Id-Collection-Function/id_separation_function/history/amadeushotel/2026-08-07.json
Finished: amadeushotel
End Time: Fri Aug  7 21:00:45 UTC 2026

===========================================
Running supplier: didahotel
Start Time: Fri Aug  7 21:00:45 UTC 2026
===========================================
Loading .env environment variables...
Supplier: didahotel
JSON Path: /var/www/Storage-Contents/Hotel-Supplier-Raw-Contents/didahotel
Output Path: /var/www/ScriptEngine/Python-Application/New-Hotel-Id-Collection-Function/id_separation_function/supplier/didahotel
Server JSON Count: 209784
Database Hotel Count: 209784
Database New Today Count: 0
ITTID Done: 179766
Pending ITTID: 30018
Saved: /var/www/ScriptEngine/Python-Application/New-Hotel-Id-Collection-Function/id_separation_function/supplier/didahotel/server_file_list.txt (209784 records)
Saved: /var/www/ScriptEngine/Python-Application/New-Hotel-Id-Collection-Function/id_separation_function/supplier/didahotel/db_hotel_id_list.txt (209784 records)
Saved: /var/www/ScriptEngine/Python-Application/New-Hotel-Id-Collection-Function/id_separation_function/supplier/didahotel/server_present_but_db_id_not_present_list.txt (0 records)
Saved: /var/www/ScriptEngine/Python-Application/New-Hotel-Id-Collection-Function/id_separation_function/supplier/didahotel/db_present_but_server_json_not_present.txt (0 records)

Done.

Done.
Summary table updated.
History saved: /var/www/ScriptEngine/Python-Application/New-Hotel-Id-Collection-Function/id_separation_function/history/didahotel/2026-08-07.json
Finished: didahotel
End Time: Fri Aug  7 21:00:49 UTC 2026

===========================================
Running supplier: dotw
Start Time: Fri Aug  7 21:00:49 UTC 2026
===========================================
Loading .env environment variables...
Supplier: dotw
JSON Path: /var/www/Storage-Contents/Hotel-Supplier-Raw-Contents/dotw
Output Path: /var/www/ScriptEngine/Python-Application/New-Hotel-Id-Collection-Function/id_separation_function/supplier/dotw
Server JSON Count: 227144
Database Hotel Count: 227143
Database New Today Count: 0
ITTID Done: 215632
Pending ITTID: 11511
Saved: /var/www/ScriptEngine/Python-Application/New-Hotel-Id-Collection-Function/id_separation_function/supplier/dotw/server_file_list.txt (227144 records)
Saved: /var/www/ScriptEngine/Python-Application/New-Hotel-Id-Collection-Function/id_separation_function/supplier/dotw/db_hotel_id_list.txt (227143 records)
Saved: /var/www/ScriptEngine/Python-Application/New-Hotel-Id-Collection-Function/id_separation_function/supplier/dotw/server_present_but_db_id_not_present_list.txt (1 records)
Saved: /var/www/ScriptEngine/Python-Application/New-Hotel-Id-Collection-Function/id_separation_function/supplier/dotw/db_present_but_server_json_not_present.txt (0 records)

Done.

Done.
Summary table updated.
History saved: /var/www/ScriptEngine/Python-Application/New-Hotel-Id-Collection-Function/id_separation_function/history/dotw/2026-08-07.json
Finished: dotw
End Time: Fri Aug  7 21:00:54 UTC 2026

===========================================
Running supplier: ean
Start Time: Fri Aug  7 21:00:54 UTC 2026
===========================================
Loading .env environment variables...
Supplier: ean
JSON Path: /var/www/Storage-Contents/Hotel-Supplier-Raw-Contents/ean
Output Path: /var/www/ScriptEngine/Python-Application/New-Hotel-Id-Collection-Function/id_separation_function/supplier/ean
Server JSON Count: 620477
Database Hotel Count: 620477
Database New Today Count: 179
ITTID Done: 508943
Pending ITTID: 111534
Saved: /var/www/ScriptEngine/Python-Application/New-Hotel-Id-Collection-Function/id_separation_function/supplier/ean/server_file_list.txt (620477 records)
Saved: /var/www/ScriptEngine/Python-Application/New-Hotel-Id-Collection-Function/id_separation_function/supplier/ean/db_hotel_id_list.txt (620477 records)
Saved: /var/www/ScriptEngine/Python-Application/New-Hotel-Id-Collection-Function/id_separation_function/supplier/ean/server_present_but_db_id_not_present_list.txt (0 records)
Saved: /var/www/ScriptEngine/Python-Application/New-Hotel-Id-Collection-Function/id_separation_function/supplier/ean/db_present_but_server_json_not_present.txt (0 records)

Done.

Done.
Summary table updated.
History saved: /var/www/ScriptEngine/Python-Application/New-Hotel-Id-Collection-Function/id_separation_function/history/ean/2026-08-07.json
Finished: ean
End Time: Fri Aug  7 21:01:09 UTC 2026

===========================================
Running supplier: ebookinghotel
Start Time: Fri Aug  7 21:01:09 UTC 2026
===========================================
Loading .env environment variables...
Supplier: ebookinghotel
JSON Path: /var/www/Storage-Contents/Hotel-Supplier-Raw-Contents/ebookinghotel
Output Path: /var/www/ScriptEngine/Python-Application/New-Hotel-Id-Collection-Function/id_separation_function/supplier/ebookinghotel
Server JSON Count: 878990
Database Hotel Count: 878990
Database New Today Count: 0
ITTID Done: 0
Pending ITTID: 878990
Saved: /var/www/ScriptEngine/Python-Application/New-Hotel-Id-Collection-Function/id_separation_function/supplier/ebookinghotel/server_file_list.txt (878990 records)
Saved: /var/www/ScriptEngine/Python-Application/New-Hotel-Id-Collection-Function/id_separation_function/supplier/ebookinghotel/db_hotel_id_list.txt (878990 records)
Saved: /var/www/ScriptEngine/Python-Application/New-Hotel-Id-Collection-Function/id_separation_function/supplier/ebookinghotel/server_present_but_db_id_not_present_list.txt (0 records)
Saved: /var/www/ScriptEngine/Python-Application/New-Hotel-Id-Collection-Function/id_separation_function/supplier/ebookinghotel/db_present_but_server_json_not_present.txt (0 records)

Done.

Done.
Summary table updated.
History saved: /var/www/ScriptEngine/Python-Application/New-Hotel-Id-Collection-Function/id_separation_function/history/ebookinghotel/2026-08-07.json
Finished: ebookinghotel
End Time: Fri Aug  7 21:01:26 UTC 2026

===========================================
Running supplier: goglobal
Start Time: Fri Aug  7 21:01:26 UTC 2026
===========================================
Loading .env environment variables...
Supplier: goglobal
JSON Path: /var/www/Storage-Contents/Hotel-Supplier-Raw-Contents/goglobal
Output Path: /var/www/ScriptEngine/Python-Application/New-Hotel-Id-Collection-Function/id_separation_function/supplier/goglobal
Server JSON Count: 221411
Database Hotel Count: 221393
Database New Today Count: 0
ITTID Done: 215415
Pending ITTID: 5978
Saved: /var/www/ScriptEngine/Python-Application/New-Hotel-Id-Collection-Function/id_separation_function/supplier/goglobal/server_file_list.txt (221411 records)
Saved: /var/www/ScriptEngine/Python-Application/New-Hotel-Id-Collection-Function/id_separation_function/supplier/goglobal/db_hotel_id_list.txt (221393 records)
Saved: /var/www/ScriptEngine/Python-Application/New-Hotel-Id-Collection-Function/id_separation_function/supplier/goglobal/server_present_but_db_id_not_present_list.txt (18 records)
Saved: /var/www/ScriptEngine/Python-Application/New-Hotel-Id-Collection-Function/id_separation_function/supplier/goglobal/db_present_but_server_json_not_present.txt (0 records)

Done.

Done.
Summary table updated.
History saved: /var/www/ScriptEngine/Python-Application/New-Hotel-Id-Collection-Function/id_separation_function/history/goglobal/2026-08-07.json
Finished: goglobal
End Time: Fri Aug  7 21:01:31 UTC 2026

===========================================
Running supplier: grnconnect
Start Time: Fri Aug  7 21:01:31 UTC 2026
===========================================
Loading .env environment variables...
Supplier: grnconnect
JSON Path: /var/www/Storage-Contents/Hotel-Supplier-Raw-Contents/grnconnect
Output Path: /var/www/ScriptEngine/Python-Application/New-Hotel-Id-Collection-Function/id_separation_function/supplier/grnconnect
Server JSON Count: 214625
Database Hotel Count: 214625
Database New Today Count: 0
ITTID Done: 185747
Pending ITTID: 28878
Saved: /var/www/ScriptEngine/Python-Application/New-Hotel-Id-Collection-Function/id_separation_function/supplier/grnconnect/server_file_list.txt (214625 records)
Saved: /var/www/ScriptEngine/Python-Application/New-Hotel-Id-Collection-Function/id_separation_function/supplier/grnconnect/db_hotel_id_list.txt (214625 records)
Saved: /var/www/ScriptEngine/Python-Application/New-Hotel-Id-Collection-Function/id_separation_function/supplier/grnconnect/server_present_but_db_id_not_present_list.txt (0 records)
Saved: /var/www/ScriptEngine/Python-Application/New-Hotel-Id-Collection-Function/id_separation_function/supplier/grnconnect/db_present_but_server_json_not_present.txt (0 records)

Done.

Done.
Summary table updated.
History saved: /var/www/ScriptEngine/Python-Application/New-Hotel-Id-Collection-Function/id_separation_function/history/grnconnect/2026-08-07.json
Finished: grnconnect
End Time: Fri Aug  7 21:01:36 UTC 2026

===========================================
Running supplier: hotelbeds
Start Time: Fri Aug  7 21:01:36 UTC 2026
===========================================
Loading .env environment variables...
Supplier: hotelbeds
JSON Path: /var/www/Storage-Contents/Hotel-Supplier-Raw-Contents/hotelbeds
Output Path: /var/www/ScriptEngine/Python-Application/New-Hotel-Id-Collection-Function/id_separation_function/supplier/hotelbeds
Server JSON Count: 474940
Database Hotel Count: 474940
Database New Today Count: 1
ITTID Done: 474581
Pending ITTID: 359
Saved: /var/www/ScriptEngine/Python-Application/New-Hotel-Id-Collection-Function/id_separation_function/supplier/hotelbeds/server_file_list.txt (474940 records)
Saved: /var/www/ScriptEngine/Python-Application/New-Hotel-Id-Collection-Function/id_separation_function/supplier/hotelbeds/db_hotel_id_list.txt (474940 records)
Saved: /var/www/ScriptEngine/Python-Application/New-Hotel-Id-Collection-Function/id_separation_function/supplier/hotelbeds/server_present_but_db_id_not_present_list.txt (0 records)
Saved: /var/www/ScriptEngine/Python-Application/New-Hotel-Id-Collection-Function/id_separation_function/supplier/hotelbeds/db_present_but_server_json_not_present.txt (0 records)

Done.

Done.
Summary table updated.
History saved: /var/www/ScriptEngine/Python-Application/New-Hotel-Id-Collection-Function/id_separation_function/history/hotelbeds/2026-08-07.json
Finished: hotelbeds
End Time: Fri Aug  7 21:01:55 UTC 2026

===========================================
Running supplier: hotelston
Start Time: Fri Aug  7 21:01:55 UTC 2026
===========================================
Loading .env environment variables...
Supplier: hotelston
JSON Path: /var/www/Storage-Contents/Hotel-Supplier-Raw-Contents/hotelston
Output Path: /var/www/ScriptEngine/Python-Application/New-Hotel-Id-Collection-Function/id_separation_function/supplier/hotelston
Server JSON Count: 3693299
Database Hotel Count: 3693299
Database New Today Count: 0
ITTID Done: 603685
Pending ITTID: 3089614
Saved: /var/www/ScriptEngine/Python-Application/New-Hotel-Id-Collection-Function/id_separation_function/supplier/hotelston/server_file_list.txt (3693299 records)
Saved: /var/www/ScriptEngine/Python-Application/New-Hotel-Id-Collection-Function/id_separation_function/supplier/hotelston/db_hotel_id_list.txt (3693299 records)
Saved: /var/www/ScriptEngine/Python-Application/New-Hotel-Id-Collection-Function/id_separation_function/supplier/hotelston/server_present_but_db_id_not_present_list.txt (0 records)
Saved: /var/www/ScriptEngine/Python-Application/New-Hotel-Id-Collection-Function/id_separation_function/supplier/hotelston/db_present_but_server_json_not_present.txt (0 records)

Done.

Done.
Summary table updated.
History saved: /var/www/ScriptEngine/Python-Application/New-Hotel-Id-Collection-Function/id_separation_function/history/hotelston/2026-08-07.json
Finished: hotelston
End Time: Fri Aug  7 21:04:54 UTC 2026

===========================================
Running supplier: hyperguestdirect
Start Time: Fri Aug  7 21:04:54 UTC 2026
===========================================
Loading .env environment variables...
Supplier: hyperguestdirect
JSON Path: /var/www/Storage-Contents/Hotel-Supplier-Raw-Contents/hyperguestdirect
Output Path: /var/www/ScriptEngine/Python-Application/New-Hotel-Id-Collection-Function/id_separation_function/supplier/hyperguestdirect
Server JSON Count: 67289
Database Hotel Count: 67289
Database New Today Count: 31
ITTID Done: 49276
Pending ITTID: 18013
Saved: /var/www/ScriptEngine/Python-Application/New-Hotel-Id-Collection-Function/id_separation_function/supplier/hyperguestdirect/server_file_list.txt (67289 records)
Saved: /var/www/ScriptEngine/Python-Application/New-Hotel-Id-Collection-Function/id_separation_function/supplier/hyperguestdirect/db_hotel_id_list.txt (67289 records)
Saved: /var/www/ScriptEngine/Python-Application/New-Hotel-Id-Collection-Function/id_separation_function/supplier/hyperguestdirect/server_present_but_db_id_not_present_list.txt (0 records)
Saved: /var/www/ScriptEngine/Python-Application/New-Hotel-Id-Collection-Function/id_separation_function/supplier/hyperguestdirect/db_present_but_server_json_not_present.txt (0 records)

Done.

Done.
Summary table updated.
History saved: /var/www/ScriptEngine/Python-Application/New-Hotel-Id-Collection-Function/id_separation_function/history/hyperguestdirect/2026-08-07.json
Finished: hyperguestdirect
End Time: Fri Aug  7 21:04:57 UTC 2026

===========================================
Running supplier: illusionshotel
Start Time: Fri Aug  7 21:04:57 UTC 2026
===========================================
Loading .env environment variables...
Supplier: illusionshotel
JSON Path: /var/www/Storage-Contents/Hotel-Supplier-Raw-Contents/illusionshotel
Output Path: /var/www/ScriptEngine/Python-Application/New-Hotel-Id-Collection-Function/id_separation_function/supplier/illusionshotel
Server JSON Count: 395727
Database Hotel Count: 395727
Database New Today Count: 0
ITTID Done: 42240
Pending ITTID: 353487
Saved: /var/www/ScriptEngine/Python-Application/New-Hotel-Id-Collection-Function/id_separation_function/supplier/illusionshotel/server_file_list.txt (395727 records)
Saved: /var/www/ScriptEngine/Python-Application/New-Hotel-Id-Collection-Function/id_separation_function/supplier/illusionshotel/db_hotel_id_list.txt (395727 records)
Saved: /var/www/ScriptEngine/Python-Application/New-Hotel-Id-Collection-Function/id_separation_function/supplier/illusionshotel/server_present_but_db_id_not_present_list.txt (0 records)
Saved: /var/www/ScriptEngine/Python-Application/New-Hotel-Id-Collection-Function/id_separation_function/supplier/illusionshotel/db_present_but_server_json_not_present.txt (0 records)

Done.

Done.
Summary table updated.
History saved: /var/www/ScriptEngine/Python-Application/New-Hotel-Id-Collection-Function/id_separation_function/history/illusionshotel/2026-08-07.json
Finished: illusionshotel
End Time: Fri Aug  7 21:05:06 UTC 2026

===========================================
Running supplier: innstant
Start Time: Fri Aug  7 21:05:06 UTC 2026
===========================================
Loading .env environment variables...
Supplier: innstant
JSON Path: /var/www/Storage-Contents/Hotel-Supplier-Raw-Contents/innstant
Output Path: /var/www/ScriptEngine/Python-Application/New-Hotel-Id-Collection-Function/id_separation_function/supplier/innstant
Server JSON Count: 649448
Database Hotel Count: 649436
Database New Today Count: 0
ITTID Done: 555240
Pending ITTID: 94196
Saved: /var/www/ScriptEngine/Python-Application/New-Hotel-Id-Collection-Function/id_separation_function/supplier/innstant/server_file_list.txt (649448 records)
Saved: /var/www/ScriptEngine/Python-Application/New-Hotel-Id-Collection-Function/id_separation_function/supplier/innstant/db_hotel_id_list.txt (649436 records)
Saved: /var/www/ScriptEngine/Python-Application/New-Hotel-Id-Collection-Function/id_separation_function/supplier/innstant/server_present_but_db_id_not_present_list.txt (12 records)
Saved: /var/www/ScriptEngine/Python-Application/New-Hotel-Id-Collection-Function/id_separation_function/supplier/innstant/db_present_but_server_json_not_present.txt (0 records)

Done.

Done.
Summary table updated.
History saved: /var/www/ScriptEngine/Python-Application/New-Hotel-Id-Collection-Function/id_separation_function/history/innstant/2026-08-07.json
Finished: innstant
End Time: Fri Aug  7 21:05:29 UTC 2026

===========================================
Running supplier: juniperhotel
Start Time: Fri Aug  7 21:05:29 UTC 2026
===========================================
Loading .env environment variables...
Supplier: juniperhotel
JSON Path: /var/www/Storage-Contents/Hotel-Supplier-Raw-Contents/juniperhotel
Output Path: /var/www/ScriptEngine/Python-Application/New-Hotel-Id-Collection-Function/id_separation_function/supplier/juniperhotel
Server JSON Count: 428859
Database Hotel Count: 429113
Database New Today Count: 0
ITTID Done: 427080
Pending ITTID: 2033
Saved: /var/www/ScriptEngine/Python-Application/New-Hotel-Id-Collection-Function/id_separation_function/supplier/juniperhotel/server_file_list.txt (428859 records)
Saved: /var/www/ScriptEngine/Python-Application/New-Hotel-Id-Collection-Function/id_separation_function/supplier/juniperhotel/db_hotel_id_list.txt (429113 records)
Saved: /var/www/ScriptEngine/Python-Application/New-Hotel-Id-Collection-Function/id_separation_function/supplier/juniperhotel/server_present_but_db_id_not_present_list.txt (0 records)
Saved: /var/www/ScriptEngine/Python-Application/New-Hotel-Id-Collection-Function/id_separation_function/supplier/juniperhotel/db_present_but_server_json_not_present.txt (254 records)

Done.

Done.
Summary table updated.
History saved: /var/www/ScriptEngine/Python-Application/New-Hotel-Id-Collection-Function/id_separation_function/history/juniperhotel/2026-08-07.json
Finished: juniperhotel
End Time: Fri Aug  7 21:05:43 UTC 2026

===========================================
Running supplier: kiwihotel
Start Time: Fri Aug  7 21:05:43 UTC 2026
===========================================
Loading .env environment variables...
Supplier: kiwihotel
JSON Path: /var/www/Storage-Contents/Hotel-Supplier-Raw-Contents/kiwihotel
Output Path: /var/www/ScriptEngine/Python-Application/New-Hotel-Id-Collection-Function/id_separation_function/supplier/kiwihotel
Server JSON Count: 1943
Database Hotel Count: 1943
Database New Today Count: 0
ITTID Done: 0
Pending ITTID: 1943
Saved: /var/www/ScriptEngine/Python-Application/New-Hotel-Id-Collection-Function/id_separation_function/supplier/kiwihotel/server_file_list.txt (1943 records)
Saved: /var/www/ScriptEngine/Python-Application/New-Hotel-Id-Collection-Function/id_separation_function/supplier/kiwihotel/db_hotel_id_list.txt (1943 records)
Saved: /var/www/ScriptEngine/Python-Application/New-Hotel-Id-Collection-Function/id_separation_function/supplier/kiwihotel/server_present_but_db_id_not_present_list.txt (0 records)
Saved: /var/www/ScriptEngine/Python-Application/New-Hotel-Id-Collection-Function/id_separation_function/supplier/kiwihotel/db_present_but_server_json_not_present.txt (0 records)

Done.

Done.
Summary table updated.
History saved: /var/www/ScriptEngine/Python-Application/New-Hotel-Id-Collection-Function/id_separation_function/history/kiwihotel/2026-08-07.json
Finished: kiwihotel
End Time: Fri Aug  7 21:05:44 UTC 2026

===========================================
Running supplier: mgholiday
Start Time: Fri Aug  7 21:05:44 UTC 2026
===========================================
Loading .env environment variables...
Supplier: mgholiday
JSON Path: /var/www/Storage-Contents/Hotel-Supplier-Raw-Contents/mgholiday
Output Path: /var/www/ScriptEngine/Python-Application/New-Hotel-Id-Collection-Function/id_separation_function/supplier/mgholiday
Server JSON Count: 237610
Database Hotel Count: 237609
Database New Today Count: 0
ITTID Done: 196324
Pending ITTID: 41285
Saved: /var/www/ScriptEngine/Python-Application/New-Hotel-Id-Collection-Function/id_separation_function/supplier/mgholiday/server_file_list.txt (237610 records)
Saved: /var/www/ScriptEngine/Python-Application/New-Hotel-Id-Collection-Function/id_separation_function/supplier/mgholiday/db_hotel_id_list.txt (237609 records)
Saved: /var/www/ScriptEngine/Python-Application/New-Hotel-Id-Collection-Function/id_separation_function/supplier/mgholiday/server_present_but_db_id_not_present_list.txt (2 records)
Saved: /var/www/ScriptEngine/Python-Application/New-Hotel-Id-Collection-Function/id_separation_function/supplier/mgholiday/db_present_but_server_json_not_present.txt (1 records)

Done.

Done.
Summary table updated.
History saved: /var/www/ScriptEngine/Python-Application/New-Hotel-Id-Collection-Function/id_separation_function/history/mgholiday/2026-08-07.json
Finished: mgholiday
End Time: Fri Aug  7 21:05:51 UTC 2026

===========================================
Running supplier: paximumhotel
Start Time: Fri Aug  7 21:05:51 UTC 2026
===========================================
Loading .env environment variables...
Supplier: paximumhotel
JSON Path: /var/www/Storage-Contents/Hotel-Supplier-Raw-Contents/paximumhotel
Output Path: /var/www/ScriptEngine/Python-Application/New-Hotel-Id-Collection-Function/id_separation_function/supplier/paximumhotel
Server JSON Count: 1385584
Database Hotel Count: 1385589
Database New Today Count: 0
ITTID Done: 109901
Pending ITTID: 1275688
Saved: /var/www/ScriptEngine/Python-Application/New-Hotel-Id-Collection-Function/id_separation_function/supplier/paximumhotel/server_file_list.txt (1385584 records)
Saved: /var/www/ScriptEngine/Python-Application/New-Hotel-Id-Collection-Function/id_separation_function/supplier/paximumhotel/db_hotel_id_list.txt (1385589 records)
Saved: /var/www/ScriptEngine/Python-Application/New-Hotel-Id-Collection-Function/id_separation_function/supplier/paximumhotel/server_present_but_db_id_not_present_list.txt (0 records)
Saved: /var/www/ScriptEngine/Python-Application/New-Hotel-Id-Collection-Function/id_separation_function/supplier/paximumhotel/db_present_but_server_json_not_present.txt (5 records)

Done.

Done.
Summary table updated.
History saved: /var/www/ScriptEngine/Python-Application/New-Hotel-Id-Collection-Function/id_separation_function/history/paximumhotel/2026-08-07.json
Finished: paximumhotel
End Time: Fri Aug  7 21:06:20 UTC 2026

===========================================
Running supplier: rakuten
Start Time: Fri Aug  7 21:06:20 UTC 2026
===========================================
Loading .env environment variables...
Supplier: rakuten
JSON Path: /var/www/Storage-Contents/Hotel-Supplier-Raw-Contents/rakuten
Output Path: /var/www/ScriptEngine/Python-Application/New-Hotel-Id-Collection-Function/id_separation_function/supplier/rakuten
Server JSON Count: 37864
Database Hotel Count: 37587
Database New Today Count: 0
ITTID Done: 14079
Pending ITTID: 23508
Saved: /var/www/ScriptEngine/Python-Application/New-Hotel-Id-Collection-Function/id_separation_function/supplier/rakuten/server_file_list.txt (37864 records)
Saved: /var/www/ScriptEngine/Python-Application/New-Hotel-Id-Collection-Function/id_separation_function/supplier/rakuten/db_hotel_id_list.txt (37587 records)
Saved: /var/www/ScriptEngine/Python-Application/New-Hotel-Id-Collection-Function/id_separation_function/supplier/rakuten/server_present_but_db_id_not_present_list.txt (277 records)
Saved: /var/www/ScriptEngine/Python-Application/New-Hotel-Id-Collection-Function/id_separation_function/supplier/rakuten/db_present_but_server_json_not_present.txt (0 records)

Done.

Done.
Summary table updated.
History saved: /var/www/ScriptEngine/Python-Application/New-Hotel-Id-Collection-Function/id_separation_function/history/rakuten/2026-08-07.json
Finished: rakuten
End Time: Fri Aug  7 21:06:21 UTC 2026

===========================================
Running supplier: ratehawkhotel
Start Time: Fri Aug  7 21:06:21 UTC 2026
===========================================
Loading .env environment variables...
Supplier: ratehawkhotel
JSON Path: /var/www/Storage-Contents/Hotel-Supplier-Raw-Contents/ratehawkhotel
Output Path: /var/www/ScriptEngine/Python-Application/New-Hotel-Id-Collection-Function/id_separation_function/supplier/ratehawkhotel
Server JSON Count: 2771500
Database Hotel Count: 2767561
Database New Today Count: 0
ITTID Done: 1377040
Pending ITTID: 1390521
Saved: /var/www/ScriptEngine/Python-Application/New-Hotel-Id-Collection-Function/id_separation_function/supplier/ratehawkhotel/server_file_list.txt (2771500 records)
Saved: /var/www/ScriptEngine/Python-Application/New-Hotel-Id-Collection-Function/id_separation_function/supplier/ratehawkhotel/db_hotel_id_list.txt (2767561 records)
Saved: /var/www/ScriptEngine/Python-Application/New-Hotel-Id-Collection-Function/id_separation_function/supplier/ratehawkhotel/server_present_but_db_id_not_present_list.txt (4902 records)
Saved: /var/www/ScriptEngine/Python-Application/New-Hotel-Id-Collection-Function/id_separation_function/supplier/ratehawkhotel/db_present_but_server_json_not_present.txt (963 records)

Done.

Done.
Summary table updated.
History saved: /var/www/ScriptEngine/Python-Application/New-Hotel-Id-Collection-Function/id_separation_function/history/ratehawkhotel/2026-08-07.json
Finished: ratehawkhotel
End Time: Fri Aug  7 21:07:07 UTC 2026

===========================================
Running supplier: restel
Start Time: Fri Aug  7 21:07:07 UTC 2026
===========================================
Loading .env environment variables...
Supplier: restel
JSON Path: /var/www/Storage-Contents/Hotel-Supplier-Raw-Contents/restel
Output Path: /var/www/ScriptEngine/Python-Application/New-Hotel-Id-Collection-Function/id_separation_function/supplier/restel
Server JSON Count: 144482
Database Hotel Count: 144475
Database New Today Count: 2
ITTID Done: 87229
Pending ITTID: 57246
Saved: /var/www/ScriptEngine/Python-Application/New-Hotel-Id-Collection-Function/id_separation_function/supplier/restel/server_file_list.txt (144482 records)
Saved: /var/www/ScriptEngine/Python-Application/New-Hotel-Id-Collection-Function/id_separation_function/supplier/restel/db_hotel_id_list.txt (144475 records)
Saved: /var/www/ScriptEngine/Python-Application/New-Hotel-Id-Collection-Function/id_separation_function/supplier/restel/server_present_but_db_id_not_present_list.txt (7 records)
Saved: /var/www/ScriptEngine/Python-Application/New-Hotel-Id-Collection-Function/id_separation_function/supplier/restel/db_present_but_server_json_not_present.txt (0 records)

Done.

Done.
Summary table updated.
History saved: /var/www/ScriptEngine/Python-Application/New-Hotel-Id-Collection-Function/id_separation_function/history/restel/2026-08-07.json
Finished: restel
End Time: Fri Aug  7 21:07:10 UTC 2026

===========================================
Running supplier: rnrhotel
Start Time: Fri Aug  7 21:07:10 UTC 2026
===========================================
Loading .env environment variables...
Supplier: rnrhotel
JSON Path: /var/www/Storage-Contents/Hotel-Supplier-Raw-Contents/rnrhotel
Output Path: /var/www/ScriptEngine/Python-Application/New-Hotel-Id-Collection-Function/id_separation_function/supplier/rnrhotel
Server JSON Count: 112
Database Hotel Count: 112
Database New Today Count: 0
ITTID Done: 106
Pending ITTID: 6
Saved: /var/www/ScriptEngine/Python-Application/New-Hotel-Id-Collection-Function/id_separation_function/supplier/rnrhotel/server_file_list.txt (112 records)
Saved: /var/www/ScriptEngine/Python-Application/New-Hotel-Id-Collection-Function/id_separation_function/supplier/rnrhotel/db_hotel_id_list.txt (112 records)
Saved: /var/www/ScriptEngine/Python-Application/New-Hotel-Id-Collection-Function/id_separation_function/supplier/rnrhotel/server_present_but_db_id_not_present_list.txt (0 records)
Saved: /var/www/ScriptEngine/Python-Application/New-Hotel-Id-Collection-Function/id_separation_function/supplier/rnrhotel/db_present_but_server_json_not_present.txt (0 records)

Done.

Done.
Summary table updated.
History saved: /var/www/ScriptEngine/Python-Application/New-Hotel-Id-Collection-Function/id_separation_function/history/rnrhotel/2026-08-07.json
Finished: rnrhotel
End Time: Fri Aug  7 21:07:10 UTC 2026

===========================================
Running supplier: roomerang
Start Time: Fri Aug  7 21:07:10 UTC 2026
===========================================
Loading .env environment variables...
Supplier: roomerang
JSON Path: /var/www/Storage-Contents/Hotel-Supplier-Raw-Contents/roomerang
Output Path: /var/www/ScriptEngine/Python-Application/New-Hotel-Id-Collection-Function/id_separation_function/supplier/roomerang
Server JSON Count: 708546
Database Hotel Count: 708527
Database New Today Count: 0
ITTID Done: 181282
Pending ITTID: 527245
Saved: /var/www/ScriptEngine/Python-Application/New-Hotel-Id-Collection-Function/id_separation_function/supplier/roomerang/server_file_list.txt (708546 records)
Saved: /var/www/ScriptEngine/Python-Application/New-Hotel-Id-Collection-Function/id_separation_function/supplier/roomerang/db_hotel_id_list.txt (708527 records)
Saved: /var/www/ScriptEngine/Python-Application/New-Hotel-Id-Collection-Function/id_separation_function/supplier/roomerang/server_present_but_db_id_not_present_list.txt (19 records)
Saved: /var/www/ScriptEngine/Python-Application/New-Hotel-Id-Collection-Function/id_separation_function/supplier/roomerang/db_present_but_server_json_not_present.txt (0 records)

Done.

Done.
Summary table updated.
History saved: /var/www/ScriptEngine/Python-Application/New-Hotel-Id-Collection-Function/id_separation_function/history/roomerang/2026-08-07.json
Finished: roomerang
End Time: Fri Aug  7 21:07:19 UTC 2026

===========================================
Running supplier: stuba
Start Time: Fri Aug  7 21:07:19 UTC 2026
===========================================
Loading .env environment variables...
Supplier: stuba
JSON Path: /var/www/Storage-Contents/Hotel-Supplier-Raw-Contents/stuba
Output Path: /var/www/ScriptEngine/Python-Application/New-Hotel-Id-Collection-Function/id_separation_function/supplier/stuba
Server JSON Count: 128611
Database Hotel Count: 128611
Database New Today Count: 0
ITTID Done: 115926
Pending ITTID: 12685
Saved: /var/www/ScriptEngine/Python-Application/New-Hotel-Id-Collection-Function/id_separation_function/supplier/stuba/server_file_list.txt (128611 records)
Saved: /var/www/ScriptEngine/Python-Application/New-Hotel-Id-Collection-Function/id_separation_function/supplier/stuba/db_hotel_id_list.txt (128611 records)
Saved: /var/www/ScriptEngine/Python-Application/New-Hotel-Id-Collection-Function/id_separation_function/supplier/stuba/server_present_but_db_id_not_present_list.txt (0 records)
Saved: /var/www/ScriptEngine/Python-Application/New-Hotel-Id-Collection-Function/id_separation_function/supplier/stuba/db_present_but_server_json_not_present.txt (0 records)

Done.

Done.
Summary table updated.
History saved: /var/www/ScriptEngine/Python-Application/New-Hotel-Id-Collection-Function/id_separation_function/history/stuba/2026-08-07.json
Finished: stuba
End Time: Fri Aug  7 21:07:21 UTC 2026

===========================================
Running supplier: tbohotel
Start Time: Fri Aug  7 21:07:21 UTC 2026
===========================================
Loading .env environment variables...
Supplier: tbohotel
JSON Path: /var/www/Storage-Contents/Hotel-Supplier-Raw-Contents/tbohotel
Output Path: /var/www/ScriptEngine/Python-Application/New-Hotel-Id-Collection-Function/id_separation_function/supplier/tbohotel
Server JSON Count: 1048323
Database Hotel Count: 1048321
Database New Today Count: 0
ITTID Done: 1044383
Pending ITTID: 3938
Saved: /var/www/ScriptEngine/Python-Application/New-Hotel-Id-Collection-Function/id_separation_function/supplier/tbohotel/server_file_list.txt (1048323 records)
Saved: /var/www/ScriptEngine/Python-Application/New-Hotel-Id-Collection-Function/id_separation_function/supplier/tbohotel/db_hotel_id_list.txt (1048321 records)
Saved: /var/www/ScriptEngine/Python-Application/New-Hotel-Id-Collection-Function/id_separation_function/supplier/tbohotel/server_present_but_db_id_not_present_list.txt (2 records)
Saved: /var/www/ScriptEngine/Python-Application/New-Hotel-Id-Collection-Function/id_separation_function/supplier/tbohotel/db_present_but_server_json_not_present.txt (0 records)

Done.

Done.
Summary table updated.
History saved: /var/www/ScriptEngine/Python-Application/New-Hotel-Id-Collection-Function/id_separation_function/history/tbohotel/2026-08-07.json
Finished: tbohotel
End Time: Fri Aug  7 21:07:40 UTC 2026

===========================================
Running supplier: travelrobothotel
Start Time: Fri Aug  7 21:07:40 UTC 2026
===========================================
Loading .env environment variables...
Supplier: travelrobothotel
JSON Path: /var/www/Storage-Contents/Hotel-Supplier-Raw-Contents/travelrobothotel
Output Path: /var/www/ScriptEngine/Python-Application/New-Hotel-Id-Collection-Function/id_separation_function/supplier/travelrobothotel
Server JSON Count: 1461694
Database Hotel Count: 1461693
Database New Today Count: 0
ITTID Done: 0
Pending ITTID: 1461693
Saved: /var/www/ScriptEngine/Python-Application/New-Hotel-Id-Collection-Function/id_separation_function/supplier/travelrobothotel/server_file_list.txt (1461694 records)
Saved: /var/www/ScriptEngine/Python-Application/New-Hotel-Id-Collection-Function/id_separation_function/supplier/travelrobothotel/db_hotel_id_list.txt (1461693 records)
Saved: /var/www/ScriptEngine/Python-Application/New-Hotel-Id-Collection-Function/id_separation_function/supplier/travelrobothotel/server_present_but_db_id_not_present_list.txt (1 records)
Saved: /var/www/ScriptEngine/Python-Application/New-Hotel-Id-Collection-Function/id_separation_function/supplier/travelrobothotel/db_present_but_server_json_not_present.txt (0 records)

Done.

Done.
Summary table updated.
History saved: /var/www/ScriptEngine/Python-Application/New-Hotel-Id-Collection-Function/id_separation_function/history/travelrobothotel/2026-08-07.json
Finished: travelrobothotel
End Time: Fri Aug  7 21:08:03 UTC 2026

===========================================
All suppliers completed.
Finished at: Fri Aug  7 21:08:03 UTC 2026
===========================================
===========================================
Started at: Sat Aug  8 21:00:01 UTC 2026
===========================================

===========================================
Running supplier: agoda
Start Time: Sat Aug  8 21:00:01 UTC 2026
===========================================
Loading .env environment variables...
Supplier: agoda
JSON Path: /var/www/Storage-Contents/Hotel-Supplier-Raw-Contents/agoda
Output Path: /var/www/ScriptEngine/Python-Application/New-Hotel-Id-Collection-Function/id_separation_function/supplier/agoda
Server JSON Count: 1085293
Database Hotel Count: 1085293
Database New Today Count: 4989
ITTID Done: 1080303
Pending ITTID: 4990
Saved: /var/www/ScriptEngine/Python-Application/New-Hotel-Id-Collection-Function/id_separation_function/supplier/agoda/server_file_list.txt (1085293 records)
Saved: /var/www/ScriptEngine/Python-Application/New-Hotel-Id-Collection-Function/id_separation_function/supplier/agoda/db_hotel_id_list.txt (1085293 records)
Saved: /var/www/ScriptEngine/Python-Application/New-Hotel-Id-Collection-Function/id_separation_function/supplier/agoda/server_present_but_db_id_not_present_list.txt (0 records)
Saved: /var/www/ScriptEngine/Python-Application/New-Hotel-Id-Collection-Function/id_separation_function/supplier/agoda/db_present_but_server_json_not_present.txt (0 records)

Done.

Done.
Summary table updated.
History saved: /var/www/ScriptEngine/Python-Application/New-Hotel-Id-Collection-Function/id_separation_function/history/agoda/2026-08-08.json
Finished: agoda
End Time: Sat Aug  8 21:00:40 UTC 2026

===========================================
Running supplier: amadeushotel
Start Time: Sat Aug  8 21:00:40 UTC 2026
===========================================
Loading .env environment variables...
Supplier: amadeushotel
JSON Path: /var/www/Storage-Contents/Hotel-Supplier-Raw-Contents/amadeushotel
Output Path: /var/www/ScriptEngine/Python-Application/New-Hotel-Id-Collection-Function/id_separation_function/supplier/amadeushotel
Server JSON Count: 94196
Database Hotel Count: 94196
Database New Today Count: 0
ITTID Done: 0
Pending ITTID: 94196
Saved: /var/www/ScriptEngine/Python-Application/New-Hotel-Id-Collection-Function/id_separation_function/supplier/amadeushotel/server_file_list.txt (94196 records)
Saved: /var/www/ScriptEngine/Python-Application/New-Hotel-Id-Collection-Function/id_separation_function/supplier/amadeushotel/db_hotel_id_list.txt (94196 records)
Saved: /var/www/ScriptEngine/Python-Application/New-Hotel-Id-Collection-Function/id_separation_function/supplier/amadeushotel/server_present_but_db_id_not_present_list.txt (0 records)
Saved: /var/www/ScriptEngine/Python-Application/New-Hotel-Id-Collection-Function/id_separation_function/supplier/amadeushotel/db_present_but_server_json_not_present.txt (0 records)

Done.

Done.
Summary table updated.
History saved: /var/www/ScriptEngine/Python-Application/New-Hotel-Id-Collection-Function/id_separation_function/history/amadeushotel/2026-08-08.json
Finished: amadeushotel
End Time: Sat Aug  8 21:00:42 UTC 2026

===========================================
Running supplier: didahotel
Start Time: Sat Aug  8 21:00:42 UTC 2026
===========================================
Loading .env environment variables...
Supplier: didahotel
JSON Path: /var/www/Storage-Contents/Hotel-Supplier-Raw-Contents/didahotel
Output Path: /var/www/ScriptEngine/Python-Application/New-Hotel-Id-Collection-Function/id_separation_function/supplier/didahotel
Server JSON Count: 209784
Database Hotel Count: 209784
Database New Today Count: 0
ITTID Done: 179766
Pending ITTID: 30018
Saved: /var/www/ScriptEngine/Python-Application/New-Hotel-Id-Collection-Function/id_separation_function/supplier/didahotel/server_file_list.txt (209784 records)
Saved: /var/www/ScriptEngine/Python-Application/New-Hotel-Id-Collection-Function/id_separation_function/supplier/didahotel/db_hotel_id_list.txt (209784 records)
Saved: /var/www/ScriptEngine/Python-Application/New-Hotel-Id-Collection-Function/id_separation_function/supplier/didahotel/server_present_but_db_id_not_present_list.txt (0 records)
Saved: /var/www/ScriptEngine/Python-Application/New-Hotel-Id-Collection-Function/id_separation_function/supplier/didahotel/db_present_but_server_json_not_present.txt (0 records)

Done.

Done.
Summary table updated.
History saved: /var/www/ScriptEngine/Python-Application/New-Hotel-Id-Collection-Function/id_separation_function/history/didahotel/2026-08-08.json
Finished: didahotel
End Time: Sat Aug  8 21:00:47 UTC 2026

===========================================
Running supplier: dotw
Start Time: Sat Aug  8 21:00:47 UTC 2026
===========================================
Loading .env environment variables...
Supplier: dotw
JSON Path: /var/www/Storage-Contents/Hotel-Supplier-Raw-Contents/dotw
Output Path: /var/www/ScriptEngine/Python-Application/New-Hotel-Id-Collection-Function/id_separation_function/supplier/dotw
Server JSON Count: 227144
Database Hotel Count: 227143
Database New Today Count: 0
ITTID Done: 215632
Pending ITTID: 11511
Saved: /var/www/ScriptEngine/Python-Application/New-Hotel-Id-Collection-Function/id_separation_function/supplier/dotw/server_file_list.txt (227144 records)
Saved: /var/www/ScriptEngine/Python-Application/New-Hotel-Id-Collection-Function/id_separation_function/supplier/dotw/db_hotel_id_list.txt (227143 records)
Saved: /var/www/ScriptEngine/Python-Application/New-Hotel-Id-Collection-Function/id_separation_function/supplier/dotw/server_present_but_db_id_not_present_list.txt (1 records)
Saved: /var/www/ScriptEngine/Python-Application/New-Hotel-Id-Collection-Function/id_separation_function/supplier/dotw/db_present_but_server_json_not_present.txt (0 records)

Done.

Done.
Summary table updated.
History saved: /var/www/ScriptEngine/Python-Application/New-Hotel-Id-Collection-Function/id_separation_function/history/dotw/2026-08-08.json
Finished: dotw
End Time: Sat Aug  8 21:00:51 UTC 2026

===========================================
Running supplier: ean
Start Time: Sat Aug  8 21:00:51 UTC 2026
===========================================
Loading .env environment variables...
Supplier: ean
JSON Path: /var/www/Storage-Contents/Hotel-Supplier-Raw-Contents/ean
Output Path: /var/www/ScriptEngine/Python-Application/New-Hotel-Id-Collection-Function/id_separation_function/supplier/ean
Server JSON Count: 620670
Database Hotel Count: 620670
Database New Today Count: 193
ITTID Done: 508943
Pending ITTID: 111727
Saved: /var/www/ScriptEngine/Python-Application/New-Hotel-Id-Collection-Function/id_separation_function/supplier/ean/server_file_list.txt (620670 records)
Saved: /var/www/ScriptEngine/Python-Application/New-Hotel-Id-Collection-Function/id_separation_function/supplier/ean/db_hotel_id_list.txt (620670 records)
Saved: /var/www/ScriptEngine/Python-Application/New-Hotel-Id-Collection-Function/id_separation_function/supplier/ean/server_present_but_db_id_not_present_list.txt (0 records)
Saved: /var/www/ScriptEngine/Python-Application/New-Hotel-Id-Collection-Function/id_separation_function/supplier/ean/db_present_but_server_json_not_present.txt (0 records)

Done.

Done.
Summary table updated.
History saved: /var/www/ScriptEngine/Python-Application/New-Hotel-Id-Collection-Function/id_separation_function/history/ean/2026-08-08.json
Finished: ean
End Time: Sat Aug  8 21:01:03 UTC 2026

===========================================
Running supplier: ebookinghotel
Start Time: Sat Aug  8 21:01:03 UTC 2026
===========================================
Loading .env environment variables...
Supplier: ebookinghotel
JSON Path: /var/www/Storage-Contents/Hotel-Supplier-Raw-Contents/ebookinghotel
Output Path: /var/www/ScriptEngine/Python-Application/New-Hotel-Id-Collection-Function/id_separation_function/supplier/ebookinghotel
Server JSON Count: 878990
Database Hotel Count: 878990
Database New Today Count: 0
ITTID Done: 0
Pending ITTID: 878990
Saved: /var/www/ScriptEngine/Python-Application/New-Hotel-Id-Collection-Function/id_separation_function/supplier/ebookinghotel/server_file_list.txt (878990 records)
Saved: /var/www/ScriptEngine/Python-Application/New-Hotel-Id-Collection-Function/id_separation_function/supplier/ebookinghotel/db_hotel_id_list.txt (878990 records)
Saved: /var/www/ScriptEngine/Python-Application/New-Hotel-Id-Collection-Function/id_separation_function/supplier/ebookinghotel/server_present_but_db_id_not_present_list.txt (0 records)
Saved: /var/www/ScriptEngine/Python-Application/New-Hotel-Id-Collection-Function/id_separation_function/supplier/ebookinghotel/db_present_but_server_json_not_present.txt (0 records)

Done.

Done.
Summary table updated.
History saved: /var/www/ScriptEngine/Python-Application/New-Hotel-Id-Collection-Function/id_separation_function/history/ebookinghotel/2026-08-08.json
Finished: ebookinghotel
End Time: Sat Aug  8 21:01:20 UTC 2026

===========================================
Running supplier: goglobal
Start Time: Sat Aug  8 21:01:20 UTC 2026
===========================================
Loading .env environment variables...
Supplier: goglobal
JSON Path: /var/www/Storage-Contents/Hotel-Supplier-Raw-Contents/goglobal
Output Path: /var/www/ScriptEngine/Python-Application/New-Hotel-Id-Collection-Function/id_separation_function/supplier/goglobal
Server JSON Count: 221411
Database Hotel Count: 221393
Database New Today Count: 0
ITTID Done: 215415
Pending ITTID: 5978
Saved: /var/www/ScriptEngine/Python-Application/New-Hotel-Id-Collection-Function/id_separation_function/supplier/goglobal/server_file_list.txt (221411 records)
Saved: /var/www/ScriptEngine/Python-Application/New-Hotel-Id-Collection-Function/id_separation_function/supplier/goglobal/db_hotel_id_list.txt (221393 records)
Saved: /var/www/ScriptEngine/Python-Application/New-Hotel-Id-Collection-Function/id_separation_function/supplier/goglobal/server_present_but_db_id_not_present_list.txt (18 records)
Saved: /var/www/ScriptEngine/Python-Application/New-Hotel-Id-Collection-Function/id_separation_function/supplier/goglobal/db_present_but_server_json_not_present.txt (0 records)

Done.

Done.
Summary table updated.
History saved: /var/www/ScriptEngine/Python-Application/New-Hotel-Id-Collection-Function/id_separation_function/history/goglobal/2026-08-08.json
Finished: goglobal
End Time: Sat Aug  8 21:01:25 UTC 2026

===========================================
Running supplier: grnconnect
Start Time: Sat Aug  8 21:01:25 UTC 2026
===========================================
Loading .env environment variables...
Supplier: grnconnect
JSON Path: /var/www/Storage-Contents/Hotel-Supplier-Raw-Contents/grnconnect
Output Path: /var/www/ScriptEngine/Python-Application/New-Hotel-Id-Collection-Function/id_separation_function/supplier/grnconnect
Server JSON Count: 214625
Database Hotel Count: 214625
Database New Today Count: 0
ITTID Done: 185747
Pending ITTID: 28878
Saved: /var/www/ScriptEngine/Python-Application/New-Hotel-Id-Collection-Function/id_separation_function/supplier/grnconnect/server_file_list.txt (214625 records)
Saved: /var/www/ScriptEngine/Python-Application/New-Hotel-Id-Collection-Function/id_separation_function/supplier/grnconnect/db_hotel_id_list.txt (214625 records)
Saved: /var/www/ScriptEngine/Python-Application/New-Hotel-Id-Collection-Function/id_separation_function/supplier/grnconnect/server_present_but_db_id_not_present_list.txt (0 records)
Saved: /var/www/ScriptEngine/Python-Application/New-Hotel-Id-Collection-Function/id_separation_function/supplier/grnconnect/db_present_but_server_json_not_present.txt (0 records)

Done.

Done.
Summary table updated.
History saved: /var/www/ScriptEngine/Python-Application/New-Hotel-Id-Collection-Function/id_separation_function/history/grnconnect/2026-08-08.json
Finished: grnconnect
End Time: Sat Aug  8 21:01:29 UTC 2026

===========================================
Running supplier: hotelbeds
Start Time: Sat Aug  8 21:01:29 UTC 2026
===========================================
Loading .env environment variables...
Supplier: hotelbeds
JSON Path: /var/www/Storage-Contents/Hotel-Supplier-Raw-Contents/hotelbeds
Output Path: /var/www/ScriptEngine/Python-Application/New-Hotel-Id-Collection-Function/id_separation_function/supplier/hotelbeds
Server JSON Count: 474955
Database Hotel Count: 474955
Database New Today Count: 15
ITTID Done: 474581
Pending ITTID: 374
Saved: /var/www/ScriptEngine/Python-Application/New-Hotel-Id-Collection-Function/id_separation_function/supplier/hotelbeds/server_file_list.txt (474955 records)
Saved: /var/www/ScriptEngine/Python-Application/New-Hotel-Id-Collection-Function/id_separation_function/supplier/hotelbeds/db_hotel_id_list.txt (474955 records)
Saved: /var/www/ScriptEngine/Python-Application/New-Hotel-Id-Collection-Function/id_separation_function/supplier/hotelbeds/server_present_but_db_id_not_present_list.txt (0 records)
Saved: /var/www/ScriptEngine/Python-Application/New-Hotel-Id-Collection-Function/id_separation_function/supplier/hotelbeds/db_present_but_server_json_not_present.txt (0 records)

Done.

Done.
Summary table updated.
History saved: /var/www/ScriptEngine/Python-Application/New-Hotel-Id-Collection-Function/id_separation_function/history/hotelbeds/2026-08-08.json
Finished: hotelbeds
End Time: Sat Aug  8 21:01:48 UTC 2026

===========================================
Running supplier: hotelston
Start Time: Sat Aug  8 21:01:48 UTC 2026
===========================================
Loading .env environment variables...
Supplier: hotelston
JSON Path: /var/www/Storage-Contents/Hotel-Supplier-Raw-Contents/hotelston
Output Path: /var/www/ScriptEngine/Python-Application/New-Hotel-Id-Collection-Function/id_separation_function/supplier/hotelston
Server JSON Count: 3693299
Database Hotel Count: 3693299
Database New Today Count: 0
ITTID Done: 603685
Pending ITTID: 3089614
Saved: /var/www/ScriptEngine/Python-Application/New-Hotel-Id-Collection-Function/id_separation_function/supplier/hotelston/server_file_list.txt (3693299 records)
Saved: /var/www/ScriptEngine/Python-Application/New-Hotel-Id-Collection-Function/id_separation_function/supplier/hotelston/db_hotel_id_list.txt (3693299 records)
Saved: /var/www/ScriptEngine/Python-Application/New-Hotel-Id-Collection-Function/id_separation_function/supplier/hotelston/server_present_but_db_id_not_present_list.txt (0 records)
Saved: /var/www/ScriptEngine/Python-Application/New-Hotel-Id-Collection-Function/id_separation_function/supplier/hotelston/db_present_but_server_json_not_present.txt (0 records)

Done.

Done.
Summary table updated.
History saved: /var/www/ScriptEngine/Python-Application/New-Hotel-Id-Collection-Function/id_separation_function/history/hotelston/2026-08-08.json
Finished: hotelston
End Time: Sat Aug  8 21:03:32 UTC 2026

===========================================
Running supplier: hyperguestdirect
Start Time: Sat Aug  8 21:03:32 UTC 2026
===========================================
Loading .env environment variables...
Supplier: hyperguestdirect
JSON Path: /var/www/Storage-Contents/Hotel-Supplier-Raw-Contents/hyperguestdirect
Output Path: /var/www/ScriptEngine/Python-Application/New-Hotel-Id-Collection-Function/id_separation_function/supplier/hyperguestdirect
Server JSON Count: 67291
Database Hotel Count: 67291
Database New Today Count: 2
ITTID Done: 49276
Pending ITTID: 18015
Saved: /var/www/ScriptEngine/Python-Application/New-Hotel-Id-Collection-Function/id_separation_function/supplier/hyperguestdirect/server_file_list.txt (67291 records)
Saved: /var/www/ScriptEngine/Python-Application/New-Hotel-Id-Collection-Function/id_separation_function/supplier/hyperguestdirect/db_hotel_id_list.txt (67291 records)
Saved: /var/www/ScriptEngine/Python-Application/New-Hotel-Id-Collection-Function/id_separation_function/supplier/hyperguestdirect/server_present_but_db_id_not_present_list.txt (0 records)
Saved: /var/www/ScriptEngine/Python-Application/New-Hotel-Id-Collection-Function/id_separation_function/supplier/hyperguestdirect/db_present_but_server_json_not_present.txt (0 records)

Done.

Done.
Summary table updated.
History saved: /var/www/ScriptEngine/Python-Application/New-Hotel-Id-Collection-Function/id_separation_function/history/hyperguestdirect/2026-08-08.json
Finished: hyperguestdirect
End Time: Sat Aug  8 21:03:34 UTC 2026

===========================================
Running supplier: illusionshotel
Start Time: Sat Aug  8 21:03:34 UTC 2026
===========================================
Loading .env environment variables...
Supplier: illusionshotel
JSON Path: /var/www/Storage-Contents/Hotel-Supplier-Raw-Contents/illusionshotel
Output Path: /var/www/ScriptEngine/Python-Application/New-Hotel-Id-Collection-Function/id_separation_function/supplier/illusionshotel
Server JSON Count: 395727
Database Hotel Count: 395727
Database New Today Count: 0
ITTID Done: 42240
Pending ITTID: 353487
Saved: /var/www/ScriptEngine/Python-Application/New-Hotel-Id-Collection-Function/id_separation_function/supplier/illusionshotel/server_file_list.txt (395727 records)
Saved: /var/www/ScriptEngine/Python-Application/New-Hotel-Id-Collection-Function/id_separation_function/supplier/illusionshotel/db_hotel_id_list.txt (395727 records)
Saved: /var/www/ScriptEngine/Python-Application/New-Hotel-Id-Collection-Function/id_separation_function/supplier/illusionshotel/server_present_but_db_id_not_present_list.txt (0 records)
Saved: /var/www/ScriptEngine/Python-Application/New-Hotel-Id-Collection-Function/id_separation_function/supplier/illusionshotel/db_present_but_server_json_not_present.txt (0 records)

Done.

Done.
Summary table updated.
History saved: /var/www/ScriptEngine/Python-Application/New-Hotel-Id-Collection-Function/id_separation_function/history/illusionshotel/2026-08-08.json
Finished: illusionshotel
End Time: Sat Aug  8 21:03:42 UTC 2026

===========================================
Running supplier: innstant
Start Time: Sat Aug  8 21:03:42 UTC 2026
===========================================
Loading .env environment variables...
Supplier: innstant
JSON Path: /var/www/Storage-Contents/Hotel-Supplier-Raw-Contents/innstant
Output Path: /var/www/ScriptEngine/Python-Application/New-Hotel-Id-Collection-Function/id_separation_function/supplier/innstant
Server JSON Count: 649448
Database Hotel Count: 649436
Database New Today Count: 0
ITTID Done: 555240
Pending ITTID: 94196
Saved: /var/www/ScriptEngine/Python-Application/New-Hotel-Id-Collection-Function/id_separation_function/supplier/innstant/server_file_list.txt (649448 records)
Saved: /var/www/ScriptEngine/Python-Application/New-Hotel-Id-Collection-Function/id_separation_function/supplier/innstant/db_hotel_id_list.txt (649436 records)
Saved: /var/www/ScriptEngine/Python-Application/New-Hotel-Id-Collection-Function/id_separation_function/supplier/innstant/server_present_but_db_id_not_present_list.txt (12 records)
Saved: /var/www/ScriptEngine/Python-Application/New-Hotel-Id-Collection-Function/id_separation_function/supplier/innstant/db_present_but_server_json_not_present.txt (0 records)

Done.

Done.
Summary table updated.
History saved: /var/www/ScriptEngine/Python-Application/New-Hotel-Id-Collection-Function/id_separation_function/history/innstant/2026-08-08.json
Finished: innstant
End Time: Sat Aug  8 21:04:06 UTC 2026

===========================================
Running supplier: juniperhotel
Start Time: Sat Aug  8 21:04:06 UTC 2026
===========================================
Loading .env environment variables...
Supplier: juniperhotel
JSON Path: /var/www/Storage-Contents/Hotel-Supplier-Raw-Contents/juniperhotel
Output Path: /var/www/ScriptEngine/Python-Application/New-Hotel-Id-Collection-Function/id_separation_function/supplier/juniperhotel
Server JSON Count: 428859
Database Hotel Count: 429113
Database New Today Count: 0
ITTID Done: 427080
Pending ITTID: 2033
Saved: /var/www/ScriptEngine/Python-Application/New-Hotel-Id-Collection-Function/id_separation_function/supplier/juniperhotel/server_file_list.txt (428859 records)
Saved: /var/www/ScriptEngine/Python-Application/New-Hotel-Id-Collection-Function/id_separation_function/supplier/juniperhotel/db_hotel_id_list.txt (429113 records)
Saved: /var/www/ScriptEngine/Python-Application/New-Hotel-Id-Collection-Function/id_separation_function/supplier/juniperhotel/server_present_but_db_id_not_present_list.txt (0 records)
Saved: /var/www/ScriptEngine/Python-Application/New-Hotel-Id-Collection-Function/id_separation_function/supplier/juniperhotel/db_present_but_server_json_not_present.txt (254 records)

Done.

Done.
Summary table updated.
History saved: /var/www/ScriptEngine/Python-Application/New-Hotel-Id-Collection-Function/id_separation_function/history/juniperhotel/2026-08-08.json
Finished: juniperhotel
End Time: Sat Aug  8 21:04:21 UTC 2026

===========================================
Running supplier: kiwihotel
Start Time: Sat Aug  8 21:04:21 UTC 2026
===========================================
Loading .env environment variables...
Supplier: kiwihotel
JSON Path: /var/www/Storage-Contents/Hotel-Supplier-Raw-Contents/kiwihotel
Output Path: /var/www/ScriptEngine/Python-Application/New-Hotel-Id-Collection-Function/id_separation_function/supplier/kiwihotel
Server JSON Count: 1943
Database Hotel Count: 1943
Database New Today Count: 0
ITTID Done: 0
Pending ITTID: 1943
Saved: /var/www/ScriptEngine/Python-Application/New-Hotel-Id-Collection-Function/id_separation_function/supplier/kiwihotel/server_file_list.txt (1943 records)
Saved: /var/www/ScriptEngine/Python-Application/New-Hotel-Id-Collection-Function/id_separation_function/supplier/kiwihotel/db_hotel_id_list.txt (1943 records)
Saved: /var/www/ScriptEngine/Python-Application/New-Hotel-Id-Collection-Function/id_separation_function/supplier/kiwihotel/server_present_but_db_id_not_present_list.txt (0 records)
Saved: /var/www/ScriptEngine/Python-Application/New-Hotel-Id-Collection-Function/id_separation_function/supplier/kiwihotel/db_present_but_server_json_not_present.txt (0 records)

Done.

Done.
Summary table updated.
History saved: /var/www/ScriptEngine/Python-Application/New-Hotel-Id-Collection-Function/id_separation_function/history/kiwihotel/2026-08-08.json
Finished: kiwihotel
End Time: Sat Aug  8 21:04:21 UTC 2026

===========================================
Running supplier: mgholiday
Start Time: Sat Aug  8 21:04:21 UTC 2026
===========================================
Loading .env environment variables...
Supplier: mgholiday
JSON Path: /var/www/Storage-Contents/Hotel-Supplier-Raw-Contents/mgholiday
Output Path: /var/www/ScriptEngine/Python-Application/New-Hotel-Id-Collection-Function/id_separation_function/supplier/mgholiday
Server JSON Count: 237610
Database Hotel Count: 237609
Database New Today Count: 0
ITTID Done: 196324
Pending ITTID: 41285
Saved: /var/www/ScriptEngine/Python-Application/New-Hotel-Id-Collection-Function/id_separation_function/supplier/mgholiday/server_file_list.txt (237610 records)
Saved: /var/www/ScriptEngine/Python-Application/New-Hotel-Id-Collection-Function/id_separation_function/supplier/mgholiday/db_hotel_id_list.txt (237609 records)
Saved: /var/www/ScriptEngine/Python-Application/New-Hotel-Id-Collection-Function/id_separation_function/supplier/mgholiday/server_present_but_db_id_not_present_list.txt (2 records)
Saved: /var/www/ScriptEngine/Python-Application/New-Hotel-Id-Collection-Function/id_separation_function/supplier/mgholiday/db_present_but_server_json_not_present.txt (1 records)

Done.

Done.
Summary table updated.
History saved: /var/www/ScriptEngine/Python-Application/New-Hotel-Id-Collection-Function/id_separation_function/history/mgholiday/2026-08-08.json
Finished: mgholiday
End Time: Sat Aug  8 21:04:27 UTC 2026

===========================================
Running supplier: paximumhotel
Start Time: Sat Aug  8 21:04:27 UTC 2026
===========================================
Loading .env environment variables...
Supplier: paximumhotel
JSON Path: /var/www/Storage-Contents/Hotel-Supplier-Raw-Contents/paximumhotel
Output Path: /var/www/ScriptEngine/Python-Application/New-Hotel-Id-Collection-Function/id_separation_function/supplier/paximumhotel
Server JSON Count: 1385584
Database Hotel Count: 1385589
Database New Today Count: 0
ITTID Done: 109901
Pending ITTID: 1275688
Saved: /var/www/ScriptEngine/Python-Application/New-Hotel-Id-Collection-Function/id_separation_function/supplier/paximumhotel/server_file_list.txt (1385584 records)
Saved: /var/www/ScriptEngine/Python-Application/New-Hotel-Id-Collection-Function/id_separation_function/supplier/paximumhotel/db_hotel_id_list.txt (1385589 records)
Saved: /var/www/ScriptEngine/Python-Application/New-Hotel-Id-Collection-Function/id_separation_function/supplier/paximumhotel/server_present_but_db_id_not_present_list.txt (0 records)
Saved: /var/www/ScriptEngine/Python-Application/New-Hotel-Id-Collection-Function/id_separation_function/supplier/paximumhotel/db_present_but_server_json_not_present.txt (5 records)

Done.

Done.
Summary table updated.
History saved: /var/www/ScriptEngine/Python-Application/New-Hotel-Id-Collection-Function/id_separation_function/history/paximumhotel/2026-08-08.json
Finished: paximumhotel
End Time: Sat Aug  8 21:04:53 UTC 2026

===========================================
Running supplier: rakuten
Start Time: Sat Aug  8 21:04:53 UTC 2026
===========================================
Loading .env environment variables...
Supplier: rakuten
JSON Path: /var/www/Storage-Contents/Hotel-Supplier-Raw-Contents/rakuten
Output Path: /var/www/ScriptEngine/Python-Application/New-Hotel-Id-Collection-Function/id_separation_function/supplier/rakuten
Server JSON Count: 37864
Database Hotel Count: 37587
Database New Today Count: 0
ITTID Done: 14079
Pending ITTID: 23508
Saved: /var/www/ScriptEngine/Python-Application/New-Hotel-Id-Collection-Function/id_separation_function/supplier/rakuten/server_file_list.txt (37864 records)
Saved: /var/www/ScriptEngine/Python-Application/New-Hotel-Id-Collection-Function/id_separation_function/supplier/rakuten/db_hotel_id_list.txt (37587 records)
Saved: /var/www/ScriptEngine/Python-Application/New-Hotel-Id-Collection-Function/id_separation_function/supplier/rakuten/server_present_but_db_id_not_present_list.txt (277 records)
Saved: /var/www/ScriptEngine/Python-Application/New-Hotel-Id-Collection-Function/id_separation_function/supplier/rakuten/db_present_but_server_json_not_present.txt (0 records)

Done.

Done.
Summary table updated.
History saved: /var/www/ScriptEngine/Python-Application/New-Hotel-Id-Collection-Function/id_separation_function/history/rakuten/2026-08-08.json
Finished: rakuten
End Time: Sat Aug  8 21:04:55 UTC 2026

===========================================
Running supplier: ratehawkhotel
Start Time: Sat Aug  8 21:04:55 UTC 2026
===========================================
Loading .env environment variables...
Supplier: ratehawkhotel
JSON Path: /var/www/Storage-Contents/Hotel-Supplier-Raw-Contents/ratehawkhotel
Output Path: /var/www/ScriptEngine/Python-Application/New-Hotel-Id-Collection-Function/id_separation_function/supplier/ratehawkhotel
Server JSON Count: 2771500
Database Hotel Count: 2767561
Database New Today Count: 0
ITTID Done: 1377040
Pending ITTID: 1390521
Saved: /var/www/ScriptEngine/Python-Application/New-Hotel-Id-Collection-Function/id_separation_function/supplier/ratehawkhotel/server_file_list.txt (2771500 records)
Saved: /var/www/ScriptEngine/Python-Application/New-Hotel-Id-Collection-Function/id_separation_function/supplier/ratehawkhotel/db_hotel_id_list.txt (2767561 records)
Saved: /var/www/ScriptEngine/Python-Application/New-Hotel-Id-Collection-Function/id_separation_function/supplier/ratehawkhotel/server_present_but_db_id_not_present_list.txt (4902 records)
Saved: /var/www/ScriptEngine/Python-Application/New-Hotel-Id-Collection-Function/id_separation_function/supplier/ratehawkhotel/db_present_but_server_json_not_present.txt (963 records)

Done.

Done.
Summary table updated.
History saved: /var/www/ScriptEngine/Python-Application/New-Hotel-Id-Collection-Function/id_separation_function/history/ratehawkhotel/2026-08-08.json
Finished: ratehawkhotel
End Time: Sat Aug  8 21:05:47 UTC 2026

===========================================
Running supplier: restel
Start Time: Sat Aug  8 21:05:47 UTC 2026
===========================================
Loading .env environment variables...
Supplier: restel
JSON Path: /var/www/Storage-Contents/Hotel-Supplier-Raw-Contents/restel
Output Path: /var/www/ScriptEngine/Python-Application/New-Hotel-Id-Collection-Function/id_separation_function/supplier/restel
Server JSON Count: 144482
Database Hotel Count: 144475
Database New Today Count: 0
ITTID Done: 87229
Pending ITTID: 57246
Saved: /var/www/ScriptEngine/Python-Application/New-Hotel-Id-Collection-Function/id_separation_function/supplier/restel/server_file_list.txt (144482 records)
Saved: /var/www/ScriptEngine/Python-Application/New-Hotel-Id-Collection-Function/id_separation_function/supplier/restel/db_hotel_id_list.txt (144475 records)
Saved: /var/www/ScriptEngine/Python-Application/New-Hotel-Id-Collection-Function/id_separation_function/supplier/restel/server_present_but_db_id_not_present_list.txt (7 records)
Saved: /var/www/ScriptEngine/Python-Application/New-Hotel-Id-Collection-Function/id_separation_function/supplier/restel/db_present_but_server_json_not_present.txt (0 records)

Done.

Done.
Summary table updated.
History saved: /var/www/ScriptEngine/Python-Application/New-Hotel-Id-Collection-Function/id_separation_function/history/restel/2026-08-08.json
Finished: restel
End Time: Sat Aug  8 21:05:50 UTC 2026

===========================================
Running supplier: rnrhotel
Start Time: Sat Aug  8 21:05:50 UTC 2026
===========================================
Loading .env environment variables...
Supplier: rnrhotel
JSON Path: /var/www/Storage-Contents/Hotel-Supplier-Raw-Contents/rnrhotel
Output Path: /var/www/ScriptEngine/Python-Application/New-Hotel-Id-Collection-Function/id_separation_function/supplier/rnrhotel
Server JSON Count: 112
Database Hotel Count: 112
Database New Today Count: 0
ITTID Done: 106
Pending ITTID: 6
Saved: /var/www/ScriptEngine/Python-Application/New-Hotel-Id-Collection-Function/id_separation_function/supplier/rnrhotel/server_file_list.txt (112 records)
Saved: /var/www/ScriptEngine/Python-Application/New-Hotel-Id-Collection-Function/id_separation_function/supplier/rnrhotel/db_hotel_id_list.txt (112 records)
Saved: /var/www/ScriptEngine/Python-Application/New-Hotel-Id-Collection-Function/id_separation_function/supplier/rnrhotel/server_present_but_db_id_not_present_list.txt (0 records)
Saved: /var/www/ScriptEngine/Python-Application/New-Hotel-Id-Collection-Function/id_separation_function/supplier/rnrhotel/db_present_but_server_json_not_present.txt (0 records)

Done.

Done.
Summary table updated.
History saved: /var/www/ScriptEngine/Python-Application/New-Hotel-Id-Collection-Function/id_separation_function/history/rnrhotel/2026-08-08.json
Finished: rnrhotel
End Time: Sat Aug  8 21:05:50 UTC 2026

===========================================
Running supplier: roomerang
Start Time: Sat Aug  8 21:05:50 UTC 2026
===========================================
Loading .env environment variables...
Supplier: roomerang
JSON Path: /var/www/Storage-Contents/Hotel-Supplier-Raw-Contents/roomerang
Output Path: /var/www/ScriptEngine/Python-Application/New-Hotel-Id-Collection-Function/id_separation_function/supplier/roomerang
Server JSON Count: 708546
Database Hotel Count: 708527
Database New Today Count: 0
ITTID Done: 181282
Pending ITTID: 527245
Saved: /var/www/ScriptEngine/Python-Application/New-Hotel-Id-Collection-Function/id_separation_function/supplier/roomerang/server_file_list.txt (708546 records)
Saved: /var/www/ScriptEngine/Python-Application/New-Hotel-Id-Collection-Function/id_separation_function/supplier/roomerang/db_hotel_id_list.txt (708527 records)
Saved: /var/www/ScriptEngine/Python-Application/New-Hotel-Id-Collection-Function/id_separation_function/supplier/roomerang/server_present_but_db_id_not_present_list.txt (19 records)
Saved: /var/www/ScriptEngine/Python-Application/New-Hotel-Id-Collection-Function/id_separation_function/supplier/roomerang/db_present_but_server_json_not_present.txt (0 records)

Done.

Done.
Summary table updated.
History saved: /var/www/ScriptEngine/Python-Application/New-Hotel-Id-Collection-Function/id_separation_function/history/roomerang/2026-08-08.json
Finished: roomerang
End Time: Sat Aug  8 21:05:59 UTC 2026

===========================================
Running supplier: stuba
Start Time: Sat Aug  8 21:05:59 UTC 2026
===========================================
Loading .env environment variables...
Supplier: stuba
JSON Path: /var/www/Storage-Contents/Hotel-Supplier-Raw-Contents/stuba
Output Path: /var/www/ScriptEngine/Python-Application/New-Hotel-Id-Collection-Function/id_separation_function/supplier/stuba
Server JSON Count: 128611
Database Hotel Count: 128611
Database New Today Count: 0
ITTID Done: 115926
Pending ITTID: 12685
Saved: /var/www/ScriptEngine/Python-Application/New-Hotel-Id-Collection-Function/id_separation_function/supplier/stuba/server_file_list.txt (128611 records)
Saved: /var/www/ScriptEngine/Python-Application/New-Hotel-Id-Collection-Function/id_separation_function/supplier/stuba/db_hotel_id_list.txt (128611 records)
Saved: /var/www/ScriptEngine/Python-Application/New-Hotel-Id-Collection-Function/id_separation_function/supplier/stuba/server_present_but_db_id_not_present_list.txt (0 records)
Saved: /var/www/ScriptEngine/Python-Application/New-Hotel-Id-Collection-Function/id_separation_function/supplier/stuba/db_present_but_server_json_not_present.txt (0 records)

Done.

Done.
Summary table updated.
History saved: /var/www/ScriptEngine/Python-Application/New-Hotel-Id-Collection-Function/id_separation_function/history/stuba/2026-08-08.json
Finished: stuba
End Time: Sat Aug  8 21:06:02 UTC 2026

===========================================
Running supplier: tbohotel
Start Time: Sat Aug  8 21:06:02 UTC 2026
===========================================
Loading .env environment variables...
Supplier: tbohotel
JSON Path: /var/www/Storage-Contents/Hotel-Supplier-Raw-Contents/tbohotel
Output Path: /var/www/ScriptEngine/Python-Application/New-Hotel-Id-Collection-Function/id_separation_function/supplier/tbohotel
Server JSON Count: 1048323
Database Hotel Count: 1048321
Database New Today Count: 0
ITTID Done: 1047657
Pending ITTID: 664
Saved: /var/www/ScriptEngine/Python-Application/New-Hotel-Id-Collection-Function/id_separation_function/supplier/tbohotel/server_file_list.txt (1048323 records)
Saved: /var/www/ScriptEngine/Python-Application/New-Hotel-Id-Collection-Function/id_separation_function/supplier/tbohotel/db_hotel_id_list.txt (1048321 records)
Saved: /var/www/ScriptEngine/Python-Application/New-Hotel-Id-Collection-Function/id_separation_function/supplier/tbohotel/server_present_but_db_id_not_present_list.txt (2 records)
Saved: /var/www/ScriptEngine/Python-Application/New-Hotel-Id-Collection-Function/id_separation_function/supplier/tbohotel/db_present_but_server_json_not_present.txt (0 records)

Done.

Done.
Summary table updated.
History saved: /var/www/ScriptEngine/Python-Application/New-Hotel-Id-Collection-Function/id_separation_function/history/tbohotel/2026-08-08.json
Finished: tbohotel
End Time: Sat Aug  8 21:06:22 UTC 2026

===========================================
Running supplier: travelrobothotel
Start Time: Sat Aug  8 21:06:22 UTC 2026
===========================================
Loading .env environment variables...
Supplier: travelrobothotel
JSON Path: /var/www/Storage-Contents/Hotel-Supplier-Raw-Contents/travelrobothotel
Output Path: /var/www/ScriptEngine/Python-Application/New-Hotel-Id-Collection-Function/id_separation_function/supplier/travelrobothotel
Server JSON Count: 1461694
Database Hotel Count: 1461693
Database New Today Count: 0
ITTID Done: 0
Pending ITTID: 1461693
Saved: /var/www/ScriptEngine/Python-Application/New-Hotel-Id-Collection-Function/id_separation_function/supplier/travelrobothotel/server_file_list.txt (1461694 records)
Saved: /var/www/ScriptEngine/Python-Application/New-Hotel-Id-Collection-Function/id_separation_function/supplier/travelrobothotel/db_hotel_id_list.txt (1461693 records)
Saved: /var/www/ScriptEngine/Python-Application/New-Hotel-Id-Collection-Function/id_separation_function/supplier/travelrobothotel/server_present_but_db_id_not_present_list.txt (1 records)
Saved: /var/www/ScriptEngine/Python-Application/New-Hotel-Id-Collection-Function/id_separation_function/supplier/travelrobothotel/db_present_but_server_json_not_present.txt (0 records)

Done.

Done.
Summary table updated.
History saved: /var/www/ScriptEngine/Python-Application/New-Hotel-Id-Collection-Function/id_separation_function/history/travelrobothotel/2026-08-08.json
Finished: travelrobothotel
End Time: Sat Aug  8 21:06:42 UTC 2026

===========================================
All suppliers completed.
Finished at: Sat Aug  8 21:06:42 UTC 2026
===========================================
===========================================
Started at: Sun Aug  9 21:00:01 UTC 2026
===========================================

===========================================
Running supplier: agoda
Start Time: Sun Aug  9 21:00:01 UTC 2026
===========================================
Loading .env environment variables...
Supplier: agoda
JSON Path: /var/www/Storage-Contents/Hotel-Supplier-Raw-Contents/agoda
Output Path: /var/www/ScriptEngine/Python-Application/New-Hotel-Id-Collection-Function/id_separation_function/supplier/agoda
Server JSON Count: 1090441
Database Hotel Count: 1090441
Database New Today Count: 5148
ITTID Done: 1085292
Pending ITTID: 5149
Saved: /var/www/ScriptEngine/Python-Application/New-Hotel-Id-Collection-Function/id_separation_function/supplier/agoda/server_file_list.txt (1090441 records)
Saved: /var/www/ScriptEngine/Python-Application/New-Hotel-Id-Collection-Function/id_separation_function/supplier/agoda/db_hotel_id_list.txt (1090441 records)
Saved: /var/www/ScriptEngine/Python-Application/New-Hotel-Id-Collection-Function/id_separation_function/supplier/agoda/server_present_but_db_id_not_present_list.txt (0 records)
Saved: /var/www/ScriptEngine/Python-Application/New-Hotel-Id-Collection-Function/id_separation_function/supplier/agoda/db_present_but_server_json_not_present.txt (0 records)

Done.

Done.
Summary table updated.
History saved: /var/www/ScriptEngine/Python-Application/New-Hotel-Id-Collection-Function/id_separation_function/history/agoda/2026-08-09.json
Finished: agoda
End Time: Sun Aug  9 21:00:39 UTC 2026

===========================================
Running supplier: amadeushotel
Start Time: Sun Aug  9 21:00:39 UTC 2026
===========================================
Loading .env environment variables...
Supplier: amadeushotel
JSON Path: /var/www/Storage-Contents/Hotel-Supplier-Raw-Contents/amadeushotel
Output Path: /var/www/ScriptEngine/Python-Application/New-Hotel-Id-Collection-Function/id_separation_function/supplier/amadeushotel
Server JSON Count: 94196
Database Hotel Count: 94196
Database New Today Count: 0
ITTID Done: 0
Pending ITTID: 94196
Saved: /var/www/ScriptEngine/Python-Application/New-Hotel-Id-Collection-Function/id_separation_function/supplier/amadeushotel/server_file_list.txt (94196 records)
Saved: /var/www/ScriptEngine/Python-Application/New-Hotel-Id-Collection-Function/id_separation_function/supplier/amadeushotel/db_hotel_id_list.txt (94196 records)
Saved: /var/www/ScriptEngine/Python-Application/New-Hotel-Id-Collection-Function/id_separation_function/supplier/amadeushotel/server_present_but_db_id_not_present_list.txt (0 records)
Saved: /var/www/ScriptEngine/Python-Application/New-Hotel-Id-Collection-Function/id_separation_function/supplier/amadeushotel/db_present_but_server_json_not_present.txt (0 records)

Done.

Done.
Summary table updated.
History saved: /var/www/ScriptEngine/Python-Application/New-Hotel-Id-Collection-Function/id_separation_function/history/amadeushotel/2026-08-09.json
Finished: amadeushotel
End Time: Sun Aug  9 21:00:42 UTC 2026

===========================================
Running supplier: didahotel
Start Time: Sun Aug  9 21:00:42 UTC 2026
===========================================
Loading .env environment variables...
Supplier: didahotel
JSON Path: /var/www/Storage-Contents/Hotel-Supplier-Raw-Contents/didahotel
Output Path: /var/www/ScriptEngine/Python-Application/New-Hotel-Id-Collection-Function/id_separation_function/supplier/didahotel
Server JSON Count: 209784
Database Hotel Count: 209784
Database New Today Count: 0
ITTID Done: 179766
Pending ITTID: 30018
Saved: /var/www/ScriptEngine/Python-Application/New-Hotel-Id-Collection-Function/id_separation_function/supplier/didahotel/server_file_list.txt (209784 records)
Saved: /var/www/ScriptEngine/Python-Application/New-Hotel-Id-Collection-Function/id_separation_function/supplier/didahotel/db_hotel_id_list.txt (209784 records)
Saved: /var/www/ScriptEngine/Python-Application/New-Hotel-Id-Collection-Function/id_separation_function/supplier/didahotel/server_present_but_db_id_not_present_list.txt (0 records)
Saved: /var/www/ScriptEngine/Python-Application/New-Hotel-Id-Collection-Function/id_separation_function/supplier/didahotel/db_present_but_server_json_not_present.txt (0 records)

Done.

Done.
Summary table updated.
History saved: /var/www/ScriptEngine/Python-Application/New-Hotel-Id-Collection-Function/id_separation_function/history/didahotel/2026-08-09.json
Finished: didahotel
End Time: Sun Aug  9 21:00:46 UTC 2026

===========================================
Running supplier: dotw
Start Time: Sun Aug  9 21:00:46 UTC 2026
===========================================
Loading .env environment variables...
Supplier: dotw
JSON Path: /var/www/Storage-Contents/Hotel-Supplier-Raw-Contents/dotw
Output Path: /var/www/ScriptEngine/Python-Application/New-Hotel-Id-Collection-Function/id_separation_function/supplier/dotw
Server JSON Count: 227144
Database Hotel Count: 227143
Database New Today Count: 0
ITTID Done: 215632
Pending ITTID: 11511
Saved: /var/www/ScriptEngine/Python-Application/New-Hotel-Id-Collection-Function/id_separation_function/supplier/dotw/server_file_list.txt (227144 records)
Saved: /var/www/ScriptEngine/Python-Application/New-Hotel-Id-Collection-Function/id_separation_function/supplier/dotw/db_hotel_id_list.txt (227143 records)
Saved: /var/www/ScriptEngine/Python-Application/New-Hotel-Id-Collection-Function/id_separation_function/supplier/dotw/server_present_but_db_id_not_present_list.txt (1 records)
Saved: /var/www/ScriptEngine/Python-Application/New-Hotel-Id-Collection-Function/id_separation_function/supplier/dotw/db_present_but_server_json_not_present.txt (0 records)

Done.

Done.
Summary table updated.
History saved: /var/www/ScriptEngine/Python-Application/New-Hotel-Id-Collection-Function/id_separation_function/history/dotw/2026-08-09.json
Finished: dotw
End Time: Sun Aug  9 21:00:50 UTC 2026

===========================================
Running supplier: ean
Start Time: Sun Aug  9 21:00:50 UTC 2026
===========================================
Loading .env environment variables...
Supplier: ean
JSON Path: /var/www/Storage-Contents/Hotel-Supplier-Raw-Contents/ean
Output Path: /var/www/ScriptEngine/Python-Application/New-Hotel-Id-Collection-Function/id_separation_function/supplier/ean
Server JSON Count: 620807
Database Hotel Count: 620807
Database New Today Count: 137
ITTID Done: 508943
Pending ITTID: 111864
Saved: /var/www/ScriptEngine/Python-Application/New-Hotel-Id-Collection-Function/id_separation_function/supplier/ean/server_file_list.txt (620807 records)
Saved: /var/www/ScriptEngine/Python-Application/New-Hotel-Id-Collection-Function/id_separation_function/supplier/ean/db_hotel_id_list.txt (620807 records)
Saved: /var/www/ScriptEngine/Python-Application/New-Hotel-Id-Collection-Function/id_separation_function/supplier/ean/server_present_but_db_id_not_present_list.txt (0 records)
Saved: /var/www/ScriptEngine/Python-Application/New-Hotel-Id-Collection-Function/id_separation_function/supplier/ean/db_present_but_server_json_not_present.txt (0 records)

Done.

Done.
Summary table updated.
History saved: /var/www/ScriptEngine/Python-Application/New-Hotel-Id-Collection-Function/id_separation_function/history/ean/2026-08-09.json
Finished: ean
End Time: Sun Aug  9 21:01:01 UTC 2026

===========================================
Running supplier: ebookinghotel
Start Time: Sun Aug  9 21:01:01 UTC 2026
===========================================
Loading .env environment variables...
Supplier: ebookinghotel
JSON Path: /var/www/Storage-Contents/Hotel-Supplier-Raw-Contents/ebookinghotel
Output Path: /var/www/ScriptEngine/Python-Application/New-Hotel-Id-Collection-Function/id_separation_function/supplier/ebookinghotel
Server JSON Count: 878990
Database Hotel Count: 878990
Database New Today Count: 0
ITTID Done: 0
Pending ITTID: 878990
Saved: /var/www/ScriptEngine/Python-Application/New-Hotel-Id-Collection-Function/id_separation_function/supplier/ebookinghotel/server_file_list.txt (878990 records)
Saved: /var/www/ScriptEngine/Python-Application/New-Hotel-Id-Collection-Function/id_separation_function/supplier/ebookinghotel/db_hotel_id_list.txt (878990 records)
Saved: /var/www/ScriptEngine/Python-Application/New-Hotel-Id-Collection-Function/id_separation_function/supplier/ebookinghotel/server_present_but_db_id_not_present_list.txt (0 records)
Saved: /var/www/ScriptEngine/Python-Application/New-Hotel-Id-Collection-Function/id_separation_function/supplier/ebookinghotel/db_present_but_server_json_not_present.txt (0 records)

Done.

Done.
Summary table updated.
History saved: /var/www/ScriptEngine/Python-Application/New-Hotel-Id-Collection-Function/id_separation_function/history/ebookinghotel/2026-08-09.json
Finished: ebookinghotel
End Time: Sun Aug  9 21:01:18 UTC 2026

===========================================
Running supplier: goglobal
Start Time: Sun Aug  9 21:01:18 UTC 2026
===========================================
Loading .env environment variables...
Supplier: goglobal
JSON Path: /var/www/Storage-Contents/Hotel-Supplier-Raw-Contents/goglobal
Output Path: /var/www/ScriptEngine/Python-Application/New-Hotel-Id-Collection-Function/id_separation_function/supplier/goglobal
Server JSON Count: 221411
Database Hotel Count: 221393
Database New Today Count: 0
ITTID Done: 215415
Pending ITTID: 5978
Saved: /var/www/ScriptEngine/Python-Application/New-Hotel-Id-Collection-Function/id_separation_function/supplier/goglobal/server_file_list.txt (221411 records)
Saved: /var/www/ScriptEngine/Python-Application/New-Hotel-Id-Collection-Function/id_separation_function/supplier/goglobal/db_hotel_id_list.txt (221393 records)
Saved: /var/www/ScriptEngine/Python-Application/New-Hotel-Id-Collection-Function/id_separation_function/supplier/goglobal/server_present_but_db_id_not_present_list.txt (18 records)
Saved: /var/www/ScriptEngine/Python-Application/New-Hotel-Id-Collection-Function/id_separation_function/supplier/goglobal/db_present_but_server_json_not_present.txt (0 records)

Done.

Done.
Summary table updated.
History saved: /var/www/ScriptEngine/Python-Application/New-Hotel-Id-Collection-Function/id_separation_function/history/goglobal/2026-08-09.json
Finished: goglobal
End Time: Sun Aug  9 21:01:23 UTC 2026

===========================================
Running supplier: grnconnect
Start Time: Sun Aug  9 21:01:23 UTC 2026
===========================================
Loading .env environment variables...
Supplier: grnconnect
JSON Path: /var/www/Storage-Contents/Hotel-Supplier-Raw-Contents/grnconnect
Output Path: /var/www/ScriptEngine/Python-Application/New-Hotel-Id-Collection-Function/id_separation_function/supplier/grnconnect
Server JSON Count: 214625
Database Hotel Count: 214625
Database New Today Count: 0
ITTID Done: 185747
Pending ITTID: 28878
Saved: /var/www/ScriptEngine/Python-Application/New-Hotel-Id-Collection-Function/id_separation_function/supplier/grnconnect/server_file_list.txt (214625 records)
Saved: /var/www/ScriptEngine/Python-Application/New-Hotel-Id-Collection-Function/id_separation_function/supplier/grnconnect/db_hotel_id_list.txt (214625 records)
Saved: /var/www/ScriptEngine/Python-Application/New-Hotel-Id-Collection-Function/id_separation_function/supplier/grnconnect/server_present_but_db_id_not_present_list.txt (0 records)
Saved: /var/www/ScriptEngine/Python-Application/New-Hotel-Id-Collection-Function/id_separation_function/supplier/grnconnect/db_present_but_server_json_not_present.txt (0 records)

Done.

Done.
Summary table updated.
History saved: /var/www/ScriptEngine/Python-Application/New-Hotel-Id-Collection-Function/id_separation_function/history/grnconnect/2026-08-09.json
Finished: grnconnect
End Time: Sun Aug  9 21:01:27 UTC 2026

===========================================
Running supplier: hotelbeds
Start Time: Sun Aug  9 21:01:27 UTC 2026
===========================================
Loading .env environment variables...
Supplier: hotelbeds
JSON Path: /var/www/Storage-Contents/Hotel-Supplier-Raw-Contents/hotelbeds
Output Path: /var/www/ScriptEngine/Python-Application/New-Hotel-Id-Collection-Function/id_separation_function/supplier/hotelbeds
Server JSON Count: 474970
Database Hotel Count: 474970
Database New Today Count: 15
ITTID Done: 474587
Pending ITTID: 383
Saved: /var/www/ScriptEngine/Python-Application/New-Hotel-Id-Collection-Function/id_separation_function/supplier/hotelbeds/server_file_list.txt (474970 records)
Saved: /var/www/ScriptEngine/Python-Application/New-Hotel-Id-Collection-Function/id_separation_function/supplier/hotelbeds/db_hotel_id_list.txt (474970 records)
Saved: /var/www/ScriptEngine/Python-Application/New-Hotel-Id-Collection-Function/id_separation_function/supplier/hotelbeds/server_present_but_db_id_not_present_list.txt (0 records)
Saved: /var/www/ScriptEngine/Python-Application/New-Hotel-Id-Collection-Function/id_separation_function/supplier/hotelbeds/db_present_but_server_json_not_present.txt (0 records)

Done.

Done.
Summary table updated.
History saved: /var/www/ScriptEngine/Python-Application/New-Hotel-Id-Collection-Function/id_separation_function/history/hotelbeds/2026-08-09.json
Finished: hotelbeds
End Time: Sun Aug  9 21:01:46 UTC 2026

===========================================
Running supplier: hotelston
Start Time: Sun Aug  9 21:01:46 UTC 2026
===========================================
Loading .env environment variables...
Supplier: hotelston
JSON Path: /var/www/Storage-Contents/Hotel-Supplier-Raw-Contents/hotelston
Output Path: /var/www/ScriptEngine/Python-Application/New-Hotel-Id-Collection-Function/id_separation_function/supplier/hotelston
Server JSON Count: 3693299
Database Hotel Count: 3693299
Database New Today Count: 0
ITTID Done: 603685
Pending ITTID: 3089614
Saved: /var/www/ScriptEngine/Python-Application/New-Hotel-Id-Collection-Function/id_separation_function/supplier/hotelston/server_file_list.txt (3693299 records)
Saved: /var/www/ScriptEngine/Python-Application/New-Hotel-Id-Collection-Function/id_separation_function/supplier/hotelston/db_hotel_id_list.txt (3693299 records)
Saved: /var/www/ScriptEngine/Python-Application/New-Hotel-Id-Collection-Function/id_separation_function/supplier/hotelston/server_present_but_db_id_not_present_list.txt (0 records)
Saved: /var/www/ScriptEngine/Python-Application/New-Hotel-Id-Collection-Function/id_separation_function/supplier/hotelston/db_present_but_server_json_not_present.txt (0 records)

Done.

Done.
Summary table updated.
History saved: /var/www/ScriptEngine/Python-Application/New-Hotel-Id-Collection-Function/id_separation_function/history/hotelston/2026-08-09.json
Finished: hotelston
End Time: Sun Aug  9 21:02:54 UTC 2026

===========================================
Running supplier: hyperguestdirect
Start Time: Sun Aug  9 21:02:54 UTC 2026
===========================================
Loading .env environment variables...
Supplier: hyperguestdirect
JSON Path: /var/www/Storage-Contents/Hotel-Supplier-Raw-Contents/hyperguestdirect
Output Path: /var/www/ScriptEngine/Python-Application/New-Hotel-Id-Collection-Function/id_separation_function/supplier/hyperguestdirect
Server JSON Count: 67291
Database Hotel Count: 67291
Database New Today Count: 0
ITTID Done: 49276
Pending ITTID: 18015
Saved: /var/www/ScriptEngine/Python-Application/New-Hotel-Id-Collection-Function/id_separation_function/supplier/hyperguestdirect/server_file_list.txt (67291 records)
Saved: /var/www/ScriptEngine/Python-Application/New-Hotel-Id-Collection-Function/id_separation_function/supplier/hyperguestdirect/db_hotel_id_list.txt (67291 records)
Saved: /var/www/ScriptEngine/Python-Application/New-Hotel-Id-Collection-Function/id_separation_function/supplier/hyperguestdirect/server_present_but_db_id_not_present_list.txt (0 records)
Saved: /var/www/ScriptEngine/Python-Application/New-Hotel-Id-Collection-Function/id_separation_function/supplier/hyperguestdirect/db_present_but_server_json_not_present.txt (0 records)

Done.

Done.
Summary table updated.
History saved: /var/www/ScriptEngine/Python-Application/New-Hotel-Id-Collection-Function/id_separation_function/history/hyperguestdirect/2026-08-09.json
Finished: hyperguestdirect
End Time: Sun Aug  9 21:02:56 UTC 2026

===========================================
Running supplier: illusionshotel
Start Time: Sun Aug  9 21:02:56 UTC 2026
===========================================
Loading .env environment variables...
Supplier: illusionshotel
JSON Path: /var/www/Storage-Contents/Hotel-Supplier-Raw-Contents/illusionshotel
Output Path: /var/www/ScriptEngine/Python-Application/New-Hotel-Id-Collection-Function/id_separation_function/supplier/illusionshotel
Server JSON Count: 395727
Database Hotel Count: 395727
Database New Today Count: 0
ITTID Done: 42240
Pending ITTID: 353487
Saved: /var/www/ScriptEngine/Python-Application/New-Hotel-Id-Collection-Function/id_separation_function/supplier/illusionshotel/server_file_list.txt (395727 records)
Saved: /var/www/ScriptEngine/Python-Application/New-Hotel-Id-Collection-Function/id_separation_function/supplier/illusionshotel/db_hotel_id_list.txt (395727 records)
Saved: /var/www/ScriptEngine/Python-Application/New-Hotel-Id-Collection-Function/id_separation_function/supplier/illusionshotel/server_present_but_db_id_not_present_list.txt (0 records)
Saved: /var/www/ScriptEngine/Python-Application/New-Hotel-Id-Collection-Function/id_separation_function/supplier/illusionshotel/db_present_but_server_json_not_present.txt (0 records)

Done.

Done.
Summary table updated.
History saved: /var/www/ScriptEngine/Python-Application/New-Hotel-Id-Collection-Function/id_separation_function/history/illusionshotel/2026-08-09.json
Finished: illusionshotel
End Time: Sun Aug  9 21:03:04 UTC 2026

===========================================
Running supplier: innstant
Start Time: Sun Aug  9 21:03:04 UTC 2026
===========================================
Loading .env environment variables...
Supplier: innstant
JSON Path: /var/www/Storage-Contents/Hotel-Supplier-Raw-Contents/innstant
Output Path: /var/www/ScriptEngine/Python-Application/New-Hotel-Id-Collection-Function/id_separation_function/supplier/innstant
Server JSON Count: 649448
Database Hotel Count: 649436
Database New Today Count: 0
ITTID Done: 555240
Pending ITTID: 94196
Saved: /var/www/ScriptEngine/Python-Application/New-Hotel-Id-Collection-Function/id_separation_function/supplier/innstant/server_file_list.txt (649448 records)
Saved: /var/www/ScriptEngine/Python-Application/New-Hotel-Id-Collection-Function/id_separation_function/supplier/innstant/db_hotel_id_list.txt (649436 records)
Saved: /var/www/ScriptEngine/Python-Application/New-Hotel-Id-Collection-Function/id_separation_function/supplier/innstant/server_present_but_db_id_not_present_list.txt (12 records)
Saved: /var/www/ScriptEngine/Python-Application/New-Hotel-Id-Collection-Function/id_separation_function/supplier/innstant/db_present_but_server_json_not_present.txt (0 records)

Done.

Done.
Summary table updated.
History saved: /var/www/ScriptEngine/Python-Application/New-Hotel-Id-Collection-Function/id_separation_function/history/innstant/2026-08-09.json
Finished: innstant
End Time: Sun Aug  9 21:03:27 UTC 2026

===========================================
Running supplier: juniperhotel
Start Time: Sun Aug  9 21:03:27 UTC 2026
===========================================
Loading .env environment variables...
Supplier: juniperhotel
JSON Path: /var/www/Storage-Contents/Hotel-Supplier-Raw-Contents/juniperhotel
Output Path: /var/www/ScriptEngine/Python-Application/New-Hotel-Id-Collection-Function/id_separation_function/supplier/juniperhotel
Server JSON Count: 428859
Database Hotel Count: 429113
Database New Today Count: 0
ITTID Done: 427080
Pending ITTID: 2033
Saved: /var/www/ScriptEngine/Python-Application/New-Hotel-Id-Collection-Function/id_separation_function/supplier/juniperhotel/server_file_list.txt (428859 records)
Saved: /var/www/ScriptEngine/Python-Application/New-Hotel-Id-Collection-Function/id_separation_function/supplier/juniperhotel/db_hotel_id_list.txt (429113 records)
Saved: /var/www/ScriptEngine/Python-Application/New-Hotel-Id-Collection-Function/id_separation_function/supplier/juniperhotel/server_present_but_db_id_not_present_list.txt (0 records)
Saved: /var/www/ScriptEngine/Python-Application/New-Hotel-Id-Collection-Function/id_separation_function/supplier/juniperhotel/db_present_but_server_json_not_present.txt (254 records)

Done.

Done.
Summary table updated.
History saved: /var/www/ScriptEngine/Python-Application/New-Hotel-Id-Collection-Function/id_separation_function/history/juniperhotel/2026-08-09.json
Finished: juniperhotel
End Time: Sun Aug  9 21:03:41 UTC 2026

===========================================
Running supplier: kiwihotel
Start Time: Sun Aug  9 21:03:41 UTC 2026
===========================================
Loading .env environment variables...
Supplier: kiwihotel
JSON Path: /var/www/Storage-Contents/Hotel-Supplier-Raw-Contents/kiwihotel
Output Path: /var/www/ScriptEngine/Python-Application/New-Hotel-Id-Collection-Function/id_separation_function/supplier/kiwihotel
Server JSON Count: 1943
Database Hotel Count: 1943
Database New Today Count: 0
ITTID Done: 0
Pending ITTID: 1943
Saved: /var/www/ScriptEngine/Python-Application/New-Hotel-Id-Collection-Function/id_separation_function/supplier/kiwihotel/server_file_list.txt (1943 records)
Saved: /var/www/ScriptEngine/Python-Application/New-Hotel-Id-Collection-Function/id_separation_function/supplier/kiwihotel/db_hotel_id_list.txt (1943 records)
Saved: /var/www/ScriptEngine/Python-Application/New-Hotel-Id-Collection-Function/id_separation_function/supplier/kiwihotel/server_present_but_db_id_not_present_list.txt (0 records)
Saved: /var/www/ScriptEngine/Python-Application/New-Hotel-Id-Collection-Function/id_separation_function/supplier/kiwihotel/db_present_but_server_json_not_present.txt (0 records)

Done.

Done.
Summary table updated.
History saved: /var/www/ScriptEngine/Python-Application/New-Hotel-Id-Collection-Function/id_separation_function/history/kiwihotel/2026-08-09.json
Finished: kiwihotel
End Time: Sun Aug  9 21:03:42 UTC 2026

===========================================
Running supplier: mgholiday
Start Time: Sun Aug  9 21:03:42 UTC 2026
===========================================
Loading .env environment variables...
Supplier: mgholiday
JSON Path: /var/www/Storage-Contents/Hotel-Supplier-Raw-Contents/mgholiday
Output Path: /var/www/ScriptEngine/Python-Application/New-Hotel-Id-Collection-Function/id_separation_function/supplier/mgholiday
Server JSON Count: 237610
Database Hotel Count: 237609
Database New Today Count: 0
ITTID Done: 196324
Pending ITTID: 41285
Saved: /var/www/ScriptEngine/Python-Application/New-Hotel-Id-Collection-Function/id_separation_function/supplier/mgholiday/server_file_list.txt (237610 records)
Saved: /var/www/ScriptEngine/Python-Application/New-Hotel-Id-Collection-Function/id_separation_function/supplier/mgholiday/db_hotel_id_list.txt (237609 records)
Saved: /var/www/ScriptEngine/Python-Application/New-Hotel-Id-Collection-Function/id_separation_function/supplier/mgholiday/server_present_but_db_id_not_present_list.txt (2 records)
Saved: /var/www/ScriptEngine/Python-Application/New-Hotel-Id-Collection-Function/id_separation_function/supplier/mgholiday/db_present_but_server_json_not_present.txt (1 records)

Done.

Done.
Summary table updated.
History saved: /var/www/ScriptEngine/Python-Application/New-Hotel-Id-Collection-Function/id_separation_function/history/mgholiday/2026-08-09.json
Finished: mgholiday
End Time: Sun Aug  9 21:03:48 UTC 2026

===========================================
Running supplier: paximumhotel
Start Time: Sun Aug  9 21:03:48 UTC 2026
===========================================
Loading .env environment variables...
Supplier: paximumhotel
JSON Path: /var/www/Storage-Contents/Hotel-Supplier-Raw-Contents/paximumhotel
Output Path: /var/www/ScriptEngine/Python-Application/New-Hotel-Id-Collection-Function/id_separation_function/supplier/paximumhotel
Server JSON Count: 1385584
Database Hotel Count: 1385589
Database New Today Count: 0
ITTID Done: 109901
Pending ITTID: 1275688
Saved: /var/www/ScriptEngine/Python-Application/New-Hotel-Id-Collection-Function/id_separation_function/supplier/paximumhotel/server_file_list.txt (1385584 records)
Saved: /var/www/ScriptEngine/Python-Application/New-Hotel-Id-Collection-Function/id_separation_function/supplier/paximumhotel/db_hotel_id_list.txt (1385589 records)
Saved: /var/www/ScriptEngine/Python-Application/New-Hotel-Id-Collection-Function/id_separation_function/supplier/paximumhotel/server_present_but_db_id_not_present_list.txt (0 records)
Saved: /var/www/ScriptEngine/Python-Application/New-Hotel-Id-Collection-Function/id_separation_function/supplier/paximumhotel/db_present_but_server_json_not_present.txt (5 records)

Done.

Done.
Summary table updated.
History saved: /var/www/ScriptEngine/Python-Application/New-Hotel-Id-Collection-Function/id_separation_function/history/paximumhotel/2026-08-09.json
Finished: paximumhotel
End Time: Sun Aug  9 21:04:18 UTC 2026

===========================================
Running supplier: rakuten
Start Time: Sun Aug  9 21:04:18 UTC 2026
===========================================
Loading .env environment variables...
Supplier: rakuten
JSON Path: /var/www/Storage-Contents/Hotel-Supplier-Raw-Contents/rakuten
Output Path: /var/www/ScriptEngine/Python-Application/New-Hotel-Id-Collection-Function/id_separation_function/supplier/rakuten
Server JSON Count: 37864
Database Hotel Count: 37587
Database New Today Count: 0
ITTID Done: 14079
Pending ITTID: 23508
Saved: /var/www/ScriptEngine/Python-Application/New-Hotel-Id-Collection-Function/id_separation_function/supplier/rakuten/server_file_list.txt (37864 records)
Saved: /var/www/ScriptEngine/Python-Application/New-Hotel-Id-Collection-Function/id_separation_function/supplier/rakuten/db_hotel_id_list.txt (37587 records)
Saved: /var/www/ScriptEngine/Python-Application/New-Hotel-Id-Collection-Function/id_separation_function/supplier/rakuten/server_present_but_db_id_not_present_list.txt (277 records)
Saved: /var/www/ScriptEngine/Python-Application/New-Hotel-Id-Collection-Function/id_separation_function/supplier/rakuten/db_present_but_server_json_not_present.txt (0 records)

Done.

Done.
Summary table updated.
History saved: /var/www/ScriptEngine/Python-Application/New-Hotel-Id-Collection-Function/id_separation_function/history/rakuten/2026-08-09.json
Finished: rakuten
End Time: Sun Aug  9 21:04:19 UTC 2026

===========================================
Running supplier: ratehawkhotel
Start Time: Sun Aug  9 21:04:19 UTC 2026
===========================================
Loading .env environment variables...
Supplier: ratehawkhotel
JSON Path: /var/www/Storage-Contents/Hotel-Supplier-Raw-Contents/ratehawkhotel
Output Path: /var/www/ScriptEngine/Python-Application/New-Hotel-Id-Collection-Function/id_separation_function/supplier/ratehawkhotel
Server JSON Count: 2771500
Database Hotel Count: 2767561
Database New Today Count: 0
ITTID Done: 1377592
Pending ITTID: 1389969
Saved: /var/www/ScriptEngine/Python-Application/New-Hotel-Id-Collection-Function/id_separation_function/supplier/ratehawkhotel/server_file_list.txt (2771500 records)
Saved: /var/www/ScriptEngine/Python-Application/New-Hotel-Id-Collection-Function/id_separation_function/supplier/ratehawkhotel/db_hotel_id_list.txt (2767561 records)
Saved: /var/www/ScriptEngine/Python-Application/New-Hotel-Id-Collection-Function/id_separation_function/supplier/ratehawkhotel/server_present_but_db_id_not_present_list.txt (4902 records)
Saved: /var/www/ScriptEngine/Python-Application/New-Hotel-Id-Collection-Function/id_separation_function/supplier/ratehawkhotel/db_present_but_server_json_not_present.txt (963 records)

Done.

Done.
Summary table updated.
History saved: /var/www/ScriptEngine/Python-Application/New-Hotel-Id-Collection-Function/id_separation_function/history/ratehawkhotel/2026-08-09.json
Finished: ratehawkhotel
End Time: Sun Aug  9 21:05:38 UTC 2026

===========================================
Running supplier: restel
Start Time: Sun Aug  9 21:05:38 UTC 2026
===========================================
Loading .env environment variables...
Supplier: restel
JSON Path: /var/www/Storage-Contents/Hotel-Supplier-Raw-Contents/restel
Output Path: /var/www/ScriptEngine/Python-Application/New-Hotel-Id-Collection-Function/id_separation_function/supplier/restel
Server JSON Count: 144482
Database Hotel Count: 144475
Database New Today Count: 0
ITTID Done: 87229
Pending ITTID: 57246
Saved: /var/www/ScriptEngine/Python-Application/New-Hotel-Id-Collection-Function/id_separation_function/supplier/restel/server_file_list.txt (144482 records)
Saved: /var/www/ScriptEngine/Python-Application/New-Hotel-Id-Collection-Function/id_separation_function/supplier/restel/db_hotel_id_list.txt (144475 records)
Saved: /var/www/ScriptEngine/Python-Application/New-Hotel-Id-Collection-Function/id_separation_function/supplier/restel/server_present_but_db_id_not_present_list.txt (7 records)
Saved: /var/www/ScriptEngine/Python-Application/New-Hotel-Id-Collection-Function/id_separation_function/supplier/restel/db_present_but_server_json_not_present.txt (0 records)

Done.

Done.
Summary table updated.
History saved: /var/www/ScriptEngine/Python-Application/New-Hotel-Id-Collection-Function/id_separation_function/history/restel/2026-08-09.json
Finished: restel
End Time: Sun Aug  9 21:05:40 UTC 2026

===========================================
Running supplier: rnrhotel
Start Time: Sun Aug  9 21:05:40 UTC 2026
===========================================
Loading .env environment variables...
Supplier: rnrhotel
JSON Path: /var/www/Storage-Contents/Hotel-Supplier-Raw-Contents/rnrhotel
Output Path: /var/www/ScriptEngine/Python-Application/New-Hotel-Id-Collection-Function/id_separation_function/supplier/rnrhotel
Server JSON Count: 112
Database Hotel Count: 112
Database New Today Count: 0
ITTID Done: 106
Pending ITTID: 6
Saved: /var/www/ScriptEngine/Python-Application/New-Hotel-Id-Collection-Function/id_separation_function/supplier/rnrhotel/server_file_list.txt (112 records)
Saved: /var/www/ScriptEngine/Python-Application/New-Hotel-Id-Collection-Function/id_separation_function/supplier/rnrhotel/db_hotel_id_list.txt (112 records)
Saved: /var/www/ScriptEngine/Python-Application/New-Hotel-Id-Collection-Function/id_separation_function/supplier/rnrhotel/server_present_but_db_id_not_present_list.txt (0 records)
Saved: /var/www/ScriptEngine/Python-Application/New-Hotel-Id-Collection-Function/id_separation_function/supplier/rnrhotel/db_present_but_server_json_not_present.txt (0 records)

Done.

Done.
Summary table updated.
History saved: /var/www/ScriptEngine/Python-Application/New-Hotel-Id-Collection-Function/id_separation_function/history/rnrhotel/2026-08-09.json
Finished: rnrhotel
End Time: Sun Aug  9 21:05:41 UTC 2026

===========================================
Running supplier: roomerang
Start Time: Sun Aug  9 21:05:41 UTC 2026
===========================================
Loading .env environment variables...
Supplier: roomerang
JSON Path: /var/www/Storage-Contents/Hotel-Supplier-Raw-Contents/roomerang
Output Path: /var/www/ScriptEngine/Python-Application/New-Hotel-Id-Collection-Function/id_separation_function/supplier/roomerang
Server JSON Count: 708546
Database Hotel Count: 708527
Database New Today Count: 0
ITTID Done: 181282
Pending ITTID: 527245
Saved: /var/www/ScriptEngine/Python-Application/New-Hotel-Id-Collection-Function/id_separation_function/supplier/roomerang/server_file_list.txt (708546 records)
Saved: /var/www/ScriptEngine/Python-Application/New-Hotel-Id-Collection-Function/id_separation_function/supplier/roomerang/db_hotel_id_list.txt (708527 records)
Saved: /var/www/ScriptEngine/Python-Application/New-Hotel-Id-Collection-Function/id_separation_function/supplier/roomerang/server_present_but_db_id_not_present_list.txt (19 records)
Saved: /var/www/ScriptEngine/Python-Application/New-Hotel-Id-Collection-Function/id_separation_function/supplier/roomerang/db_present_but_server_json_not_present.txt (0 records)

Done.

Done.
Summary table updated.
History saved: /var/www/ScriptEngine/Python-Application/New-Hotel-Id-Collection-Function/id_separation_function/history/roomerang/2026-08-09.json
Finished: roomerang
End Time: Sun Aug  9 21:05:50 UTC 2026

===========================================
Running supplier: stuba
Start Time: Sun Aug  9 21:05:50 UTC 2026
===========================================
Loading .env environment variables...
Supplier: stuba
JSON Path: /var/www/Storage-Contents/Hotel-Supplier-Raw-Contents/stuba
Output Path: /var/www/ScriptEngine/Python-Application/New-Hotel-Id-Collection-Function/id_separation_function/supplier/stuba
Server JSON Count: 128611
Database Hotel Count: 128611
Database New Today Count: 0
ITTID Done: 115926
Pending ITTID: 12685
Saved: /var/www/ScriptEngine/Python-Application/New-Hotel-Id-Collection-Function/id_separation_function/supplier/stuba/server_file_list.txt (128611 records)
Saved: /var/www/ScriptEngine/Python-Application/New-Hotel-Id-Collection-Function/id_separation_function/supplier/stuba/db_hotel_id_list.txt (128611 records)
Saved: /var/www/ScriptEngine/Python-Application/New-Hotel-Id-Collection-Function/id_separation_function/supplier/stuba/server_present_but_db_id_not_present_list.txt (0 records)
Saved: /var/www/ScriptEngine/Python-Application/New-Hotel-Id-Collection-Function/id_separation_function/supplier/stuba/db_present_but_server_json_not_present.txt (0 records)

Done.

Done.
Summary table updated.
History saved: /var/www/ScriptEngine/Python-Application/New-Hotel-Id-Collection-Function/id_separation_function/history/stuba/2026-08-09.json
Finished: stuba
End Time: Sun Aug  9 21:05:52 UTC 2026

===========================================
Running supplier: tbohotel
Start Time: Sun Aug  9 21:05:52 UTC 2026
===========================================
Loading .env environment variables...
Supplier: tbohotel
JSON Path: /var/www/Storage-Contents/Hotel-Supplier-Raw-Contents/tbohotel
Output Path: /var/www/ScriptEngine/Python-Application/New-Hotel-Id-Collection-Function/id_separation_function/supplier/tbohotel
Server JSON Count: 1048323
Database Hotel Count: 1048321
Database New Today Count: 0
ITTID Done: 1048316
Pending ITTID: 5
Saved: /var/www/ScriptEngine/Python-Application/New-Hotel-Id-Collection-Function/id_separation_function/supplier/tbohotel/server_file_list.txt (1048323 records)
Saved: /var/www/ScriptEngine/Python-Application/New-Hotel-Id-Collection-Function/id_separation_function/supplier/tbohotel/db_hotel_id_list.txt (1048321 records)
Saved: /var/www/ScriptEngine/Python-Application/New-Hotel-Id-Collection-Function/id_separation_function/supplier/tbohotel/server_present_but_db_id_not_present_list.txt (2 records)
Saved: /var/www/ScriptEngine/Python-Application/New-Hotel-Id-Collection-Function/id_separation_function/supplier/tbohotel/db_present_but_server_json_not_present.txt (0 records)

Done.

Done.
Summary table updated.
History saved: /var/www/ScriptEngine/Python-Application/New-Hotel-Id-Collection-Function/id_separation_function/history/tbohotel/2026-08-09.json
Finished: tbohotel
End Time: Sun Aug  9 21:06:09 UTC 2026

===========================================
Running supplier: travelrobothotel
Start Time: Sun Aug  9 21:06:09 UTC 2026
===========================================
Loading .env environment variables...
Supplier: travelrobothotel
JSON Path: /var/www/Storage-Contents/Hotel-Supplier-Raw-Contents/travelrobothotel
Output Path: /var/www/ScriptEngine/Python-Application/New-Hotel-Id-Collection-Function/id_separation_function/supplier/travelrobothotel
Server JSON Count: 1461693
Database Hotel Count: 1461693
Database New Today Count: 0
ITTID Done: 1
Pending ITTID: 1461692
Saved: /var/www/ScriptEngine/Python-Application/New-Hotel-Id-Collection-Function/id_separation_function/supplier/travelrobothotel/server_file_list.txt (1461693 records)
Saved: /var/www/ScriptEngine/Python-Application/New-Hotel-Id-Collection-Function/id_separation_function/supplier/travelrobothotel/db_hotel_id_list.txt (1461693 records)
Saved: /var/www/ScriptEngine/Python-Application/New-Hotel-Id-Collection-Function/id_separation_function/supplier/travelrobothotel/server_present_but_db_id_not_present_list.txt (0 records)
Saved: /var/www/ScriptEngine/Python-Application/New-Hotel-Id-Collection-Function/id_separation_function/supplier/travelrobothotel/db_present_but_server_json_not_present.txt (0 records)

Done.

Done.
Summary table updated.
History saved: /var/www/ScriptEngine/Python-Application/New-Hotel-Id-Collection-Function/id_separation_function/history/travelrobothotel/2026-08-09.json
Finished: travelrobothotel
End Time: Sun Aug  9 21:06:30 UTC 2026

===========================================
All suppliers completed.
Finished at: Sun Aug  9 21:06:30 UTC 2026
===========================================
===========================================
Started at: Mon Aug 10 21:00:01 UTC 2026
===========================================

===========================================
Running supplier: agoda
Start Time: Mon Aug 10 21:00:01 UTC 2026
===========================================
Loading .env environment variables...
Supplier: agoda
JSON Path: /var/www/Storage-Contents/Hotel-Supplier-Raw-Contents/agoda
Output Path: /var/www/ScriptEngine/Python-Application/New-Hotel-Id-Collection-Function/id_separation_function/supplier/agoda
Server JSON Count: 1093288
Database Hotel Count: 1093288
Database New Today Count: 2847
ITTID Done: 1090440
Pending ITTID: 2848
Saved: /var/www/ScriptEngine/Python-Application/New-Hotel-Id-Collection-Function/id_separation_function/supplier/agoda/server_file_list.txt (1093288 records)
Saved: /var/www/ScriptEngine/Python-Application/New-Hotel-Id-Collection-Function/id_separation_function/supplier/agoda/db_hotel_id_list.txt (1093288 records)
Saved: /var/www/ScriptEngine/Python-Application/New-Hotel-Id-Collection-Function/id_separation_function/supplier/agoda/server_present_but_db_id_not_present_list.txt (0 records)
Saved: /var/www/ScriptEngine/Python-Application/New-Hotel-Id-Collection-Function/id_separation_function/supplier/agoda/db_present_but_server_json_not_present.txt (0 records)

Done.

Done.
Summary table updated.
History saved: /var/www/ScriptEngine/Python-Application/New-Hotel-Id-Collection-Function/id_separation_function/history/agoda/2026-08-10.json
Finished: agoda
End Time: Mon Aug 10 21:00:42 UTC 2026

===========================================
Running supplier: amadeushotel
Start Time: Mon Aug 10 21:00:42 UTC 2026
===========================================
Loading .env environment variables...
Supplier: amadeushotel
JSON Path: /var/www/Storage-Contents/Hotel-Supplier-Raw-Contents/amadeushotel
Output Path: /var/www/ScriptEngine/Python-Application/New-Hotel-Id-Collection-Function/id_separation_function/supplier/amadeushotel
Server JSON Count: 94196
Database Hotel Count: 94196
Database New Today Count: 0
ITTID Done: 0
Pending ITTID: 94196
Saved: /var/www/ScriptEngine/Python-Application/New-Hotel-Id-Collection-Function/id_separation_function/supplier/amadeushotel/server_file_list.txt (94196 records)
Saved: /var/www/ScriptEngine/Python-Application/New-Hotel-Id-Collection-Function/id_separation_function/supplier/amadeushotel/db_hotel_id_list.txt (94196 records)
Saved: /var/www/ScriptEngine/Python-Application/New-Hotel-Id-Collection-Function/id_separation_function/supplier/amadeushotel/server_present_but_db_id_not_present_list.txt (0 records)
Saved: /var/www/ScriptEngine/Python-Application/New-Hotel-Id-Collection-Function/id_separation_function/supplier/amadeushotel/db_present_but_server_json_not_present.txt (0 records)

Done.

Done.
Summary table updated.
History saved: /var/www/ScriptEngine/Python-Application/New-Hotel-Id-Collection-Function/id_separation_function/history/amadeushotel/2026-08-10.json
Finished: amadeushotel
End Time: Mon Aug 10 21:00:45 UTC 2026

===========================================
Running supplier: didahotel
Start Time: Mon Aug 10 21:00:45 UTC 2026
===========================================
Loading .env environment variables...
Supplier: didahotel
JSON Path: /var/www/Storage-Contents/Hotel-Supplier-Raw-Contents/didahotel
Output Path: /var/www/ScriptEngine/Python-Application/New-Hotel-Id-Collection-Function/id_separation_function/supplier/didahotel
Server JSON Count: 209784
Database Hotel Count: 209784
Database New Today Count: 0
ITTID Done: 179766
Pending ITTID: 30018
Saved: /var/www/ScriptEngine/Python-Application/New-Hotel-Id-Collection-Function/id_separation_function/supplier/didahotel/server_file_list.txt (209784 records)
Saved: /var/www/ScriptEngine/Python-Application/New-Hotel-Id-Collection-Function/id_separation_function/supplier/didahotel/db_hotel_id_list.txt (209784 records)
Saved: /var/www/ScriptEngine/Python-Application/New-Hotel-Id-Collection-Function/id_separation_function/supplier/didahotel/server_present_but_db_id_not_present_list.txt (0 records)
Saved: /var/www/ScriptEngine/Python-Application/New-Hotel-Id-Collection-Function/id_separation_function/supplier/didahotel/db_present_but_server_json_not_present.txt (0 records)

Done.

Done.
Summary table updated.
History saved: /var/www/ScriptEngine/Python-Application/New-Hotel-Id-Collection-Function/id_separation_function/history/didahotel/2026-08-10.json
Finished: didahotel
End Time: Mon Aug 10 21:00:49 UTC 2026

===========================================
Running supplier: dotw
Start Time: Mon Aug 10 21:00:49 UTC 2026
===========================================
Loading .env environment variables...
Supplier: dotw
JSON Path: /var/www/Storage-Contents/Hotel-Supplier-Raw-Contents/dotw
Output Path: /var/www/ScriptEngine/Python-Application/New-Hotel-Id-Collection-Function/id_separation_function/supplier/dotw
Server JSON Count: 227144
Database Hotel Count: 227143
Database New Today Count: 0
ITTID Done: 215632
Pending ITTID: 11511
Saved: /var/www/ScriptEngine/Python-Application/New-Hotel-Id-Collection-Function/id_separation_function/supplier/dotw/server_file_list.txt (227144 records)
Saved: /var/www/ScriptEngine/Python-Application/New-Hotel-Id-Collection-Function/id_separation_function/supplier/dotw/db_hotel_id_list.txt (227143 records)
Saved: /var/www/ScriptEngine/Python-Application/New-Hotel-Id-Collection-Function/id_separation_function/supplier/dotw/server_present_but_db_id_not_present_list.txt (1 records)
Saved: /var/www/ScriptEngine/Python-Application/New-Hotel-Id-Collection-Function/id_separation_function/supplier/dotw/db_present_but_server_json_not_present.txt (0 records)

Done.

Done.
Summary table updated.
History saved: /var/www/ScriptEngine/Python-Application/New-Hotel-Id-Collection-Function/id_separation_function/history/dotw/2026-08-10.json
Finished: dotw
End Time: Mon Aug 10 21:00:54 UTC 2026

===========================================
Running supplier: ean
Start Time: Mon Aug 10 21:00:54 UTC 2026
===========================================
Loading .env environment variables...
Supplier: ean
JSON Path: /var/www/Storage-Contents/Hotel-Supplier-Raw-Contents/ean
Output Path: /var/www/ScriptEngine/Python-Application/New-Hotel-Id-Collection-Function/id_separation_function/supplier/ean
Server JSON Count: 621072
Database Hotel Count: 621072
Database New Today Count: 265
ITTID Done: 508943
Pending ITTID: 112129
Saved: /var/www/ScriptEngine/Python-Application/New-Hotel-Id-Collection-Function/id_separation_function/supplier/ean/server_file_list.txt (621072 records)
Saved: /var/www/ScriptEngine/Python-Application/New-Hotel-Id-Collection-Function/id_separation_function/supplier/ean/db_hotel_id_list.txt (621072 records)
Saved: /var/www/ScriptEngine/Python-Application/New-Hotel-Id-Collection-Function/id_separation_function/supplier/ean/server_present_but_db_id_not_present_list.txt (0 records)
Saved: /var/www/ScriptEngine/Python-Application/New-Hotel-Id-Collection-Function/id_separation_function/supplier/ean/db_present_but_server_json_not_present.txt (0 records)

Done.

Done.
Summary table updated.
History saved: /var/www/ScriptEngine/Python-Application/New-Hotel-Id-Collection-Function/id_separation_function/history/ean/2026-08-10.json
Finished: ean
End Time: Mon Aug 10 21:01:07 UTC 2026

===========================================
Running supplier: ebookinghotel
Start Time: Mon Aug 10 21:01:07 UTC 2026
===========================================
Loading .env environment variables...
Supplier: ebookinghotel
JSON Path: /var/www/Storage-Contents/Hotel-Supplier-Raw-Contents/ebookinghotel
Output Path: /var/www/ScriptEngine/Python-Application/New-Hotel-Id-Collection-Function/id_separation_function/supplier/ebookinghotel
Server JSON Count: 878990
Database Hotel Count: 878990
Database New Today Count: 0
ITTID Done: 0
Pending ITTID: 878990
Saved: /var/www/ScriptEngine/Python-Application/New-Hotel-Id-Collection-Function/id_separation_function/supplier/ebookinghotel/server_file_list.txt (878990 records)
Saved: /var/www/ScriptEngine/Python-Application/New-Hotel-Id-Collection-Function/id_separation_function/supplier/ebookinghotel/db_hotel_id_list.txt (878990 records)
Saved: /var/www/ScriptEngine/Python-Application/New-Hotel-Id-Collection-Function/id_separation_function/supplier/ebookinghotel/server_present_but_db_id_not_present_list.txt (0 records)
Saved: /var/www/ScriptEngine/Python-Application/New-Hotel-Id-Collection-Function/id_separation_function/supplier/ebookinghotel/db_present_but_server_json_not_present.txt (0 records)

Done.

Done.
Summary table updated.
History saved: /var/www/ScriptEngine/Python-Application/New-Hotel-Id-Collection-Function/id_separation_function/history/ebookinghotel/2026-08-10.json
Finished: ebookinghotel
End Time: Mon Aug 10 21:01:23 UTC 2026

===========================================
Running supplier: goglobal
Start Time: Mon Aug 10 21:01:23 UTC 2026
===========================================
Loading .env environment variables...
Supplier: goglobal
JSON Path: /var/www/Storage-Contents/Hotel-Supplier-Raw-Contents/goglobal
Output Path: /var/www/ScriptEngine/Python-Application/New-Hotel-Id-Collection-Function/id_separation_function/supplier/goglobal
Server JSON Count: 221411
Database Hotel Count: 221393
Database New Today Count: 0
ITTID Done: 215415
Pending ITTID: 5978
Saved: /var/www/ScriptEngine/Python-Application/New-Hotel-Id-Collection-Function/id_separation_function/supplier/goglobal/server_file_list.txt (221411 records)
Saved: /var/www/ScriptEngine/Python-Application/New-Hotel-Id-Collection-Function/id_separation_function/supplier/goglobal/db_hotel_id_list.txt (221393 records)
Saved: /var/www/ScriptEngine/Python-Application/New-Hotel-Id-Collection-Function/id_separation_function/supplier/goglobal/server_present_but_db_id_not_present_list.txt (18 records)
Saved: /var/www/ScriptEngine/Python-Application/New-Hotel-Id-Collection-Function/id_separation_function/supplier/goglobal/db_present_but_server_json_not_present.txt (0 records)

Done.

Done.
Summary table updated.
History saved: /var/www/ScriptEngine/Python-Application/New-Hotel-Id-Collection-Function/id_separation_function/history/goglobal/2026-08-10.json
Finished: goglobal
End Time: Mon Aug 10 21:01:29 UTC 2026

===========================================
Running supplier: grnconnect
Start Time: Mon Aug 10 21:01:29 UTC 2026
===========================================
Loading .env environment variables...
Supplier: grnconnect
JSON Path: /var/www/Storage-Contents/Hotel-Supplier-Raw-Contents/grnconnect
Output Path: /var/www/ScriptEngine/Python-Application/New-Hotel-Id-Collection-Function/id_separation_function/supplier/grnconnect
Server JSON Count: 214625
Database Hotel Count: 214625
Database New Today Count: 0
ITTID Done: 185747
Pending ITTID: 28878
Saved: /var/www/ScriptEngine/Python-Application/New-Hotel-Id-Collection-Function/id_separation_function/supplier/grnconnect/server_file_list.txt (214625 records)
Saved: /var/www/ScriptEngine/Python-Application/New-Hotel-Id-Collection-Function/id_separation_function/supplier/grnconnect/db_hotel_id_list.txt (214625 records)
Saved: /var/www/ScriptEngine/Python-Application/New-Hotel-Id-Collection-Function/id_separation_function/supplier/grnconnect/server_present_but_db_id_not_present_list.txt (0 records)
Saved: /var/www/ScriptEngine/Python-Application/New-Hotel-Id-Collection-Function/id_separation_function/supplier/grnconnect/db_present_but_server_json_not_present.txt (0 records)

Done.

Done.
Summary table updated.
History saved: /var/www/ScriptEngine/Python-Application/New-Hotel-Id-Collection-Function/id_separation_function/history/grnconnect/2026-08-10.json
Finished: grnconnect
End Time: Mon Aug 10 21:01:34 UTC 2026

===========================================
Running supplier: hotelbeds
Start Time: Mon Aug 10 21:01:34 UTC 2026
===========================================
Loading .env environment variables...
Supplier: hotelbeds
JSON Path: /var/www/Storage-Contents/Hotel-Supplier-Raw-Contents/hotelbeds
Output Path: /var/www/ScriptEngine/Python-Application/New-Hotel-Id-Collection-Function/id_separation_function/supplier/hotelbeds
Server JSON Count: 474971
Database Hotel Count: 474971
Database New Today Count: 1
ITTID Done: 474587
Pending ITTID: 384
Saved: /var/www/ScriptEngine/Python-Application/New-Hotel-Id-Collection-Function/id_separation_function/supplier/hotelbeds/server_file_list.txt (474971 records)
Saved: /var/www/ScriptEngine/Python-Application/New-Hotel-Id-Collection-Function/id_separation_function/supplier/hotelbeds/db_hotel_id_list.txt (474971 records)
Saved: /var/www/ScriptEngine/Python-Application/New-Hotel-Id-Collection-Function/id_separation_function/supplier/hotelbeds/server_present_but_db_id_not_present_list.txt (0 records)
Saved: /var/www/ScriptEngine/Python-Application/New-Hotel-Id-Collection-Function/id_separation_function/supplier/hotelbeds/db_present_but_server_json_not_present.txt (0 records)

Done.

Done.
Summary table updated.
History saved: /var/www/ScriptEngine/Python-Application/New-Hotel-Id-Collection-Function/id_separation_function/history/hotelbeds/2026-08-10.json
Finished: hotelbeds
End Time: Mon Aug 10 21:01:53 UTC 2026

===========================================
Running supplier: hotelston
Start Time: Mon Aug 10 21:01:53 UTC 2026
===========================================
Loading .env environment variables...
Supplier: hotelston
JSON Path: /var/www/Storage-Contents/Hotel-Supplier-Raw-Contents/hotelston
Output Path: /var/www/ScriptEngine/Python-Application/New-Hotel-Id-Collection-Function/id_separation_function/supplier/hotelston
Server JSON Count: 3693299
Database Hotel Count: 3693299
Database New Today Count: 0
ITTID Done: 603685
Pending ITTID: 3089614
Saved: /var/www/ScriptEngine/Python-Application/New-Hotel-Id-Collection-Function/id_separation_function/supplier/hotelston/server_file_list.txt (3693299 records)
Saved: /var/www/ScriptEngine/Python-Application/New-Hotel-Id-Collection-Function/id_separation_function/supplier/hotelston/db_hotel_id_list.txt (3693299 records)
Saved: /var/www/ScriptEngine/Python-Application/New-Hotel-Id-Collection-Function/id_separation_function/supplier/hotelston/server_present_but_db_id_not_present_list.txt (0 records)
Saved: /var/www/ScriptEngine/Python-Application/New-Hotel-Id-Collection-Function/id_separation_function/supplier/hotelston/db_present_but_server_json_not_present.txt (0 records)

Done.

Done.
Summary table updated.
History saved: /var/www/ScriptEngine/Python-Application/New-Hotel-Id-Collection-Function/id_separation_function/history/hotelston/2026-08-10.json
Finished: hotelston
End Time: Mon Aug 10 21:02:56 UTC 2026

===========================================
Running supplier: hyperguestdirect
Start Time: Mon Aug 10 21:02:56 UTC 2026
===========================================
Loading .env environment variables...
Supplier: hyperguestdirect
JSON Path: /var/www/Storage-Contents/Hotel-Supplier-Raw-Contents/hyperguestdirect
Output Path: /var/www/ScriptEngine/Python-Application/New-Hotel-Id-Collection-Function/id_separation_function/supplier/hyperguestdirect
Server JSON Count: 67326
Database Hotel Count: 67326
Database New Today Count: 35
ITTID Done: 49276
Pending ITTID: 18050
Saved: /var/www/ScriptEngine/Python-Application/New-Hotel-Id-Collection-Function/id_separation_function/supplier/hyperguestdirect/server_file_list.txt (67326 records)
Saved: /var/www/ScriptEngine/Python-Application/New-Hotel-Id-Collection-Function/id_separation_function/supplier/hyperguestdirect/db_hotel_id_list.txt (67326 records)
Saved: /var/www/ScriptEngine/Python-Application/New-Hotel-Id-Collection-Function/id_separation_function/supplier/hyperguestdirect/server_present_but_db_id_not_present_list.txt (0 records)
Saved: /var/www/ScriptEngine/Python-Application/New-Hotel-Id-Collection-Function/id_separation_function/supplier/hyperguestdirect/db_present_but_server_json_not_present.txt (0 records)

Done.

Done.
Summary table updated.
History saved: /var/www/ScriptEngine/Python-Application/New-Hotel-Id-Collection-Function/id_separation_function/history/hyperguestdirect/2026-08-10.json
Finished: hyperguestdirect
End Time: Mon Aug 10 21:02:58 UTC 2026

===========================================
Running supplier: illusionshotel
Start Time: Mon Aug 10 21:02:58 UTC 2026
===========================================
Loading .env environment variables...
Supplier: illusionshotel
JSON Path: /var/www/Storage-Contents/Hotel-Supplier-Raw-Contents/illusionshotel
Output Path: /var/www/ScriptEngine/Python-Application/New-Hotel-Id-Collection-Function/id_separation_function/supplier/illusionshotel
Server JSON Count: 395727
Database Hotel Count: 395727
Database New Today Count: 0
ITTID Done: 42240
Pending ITTID: 353487
Saved: /var/www/ScriptEngine/Python-Application/New-Hotel-Id-Collection-Function/id_separation_function/supplier/illusionshotel/server_file_list.txt (395727 records)
Saved: /var/www/ScriptEngine/Python-Application/New-Hotel-Id-Collection-Function/id_separation_function/supplier/illusionshotel/db_hotel_id_list.txt (395727 records)
Saved: /var/www/ScriptEngine/Python-Application/New-Hotel-Id-Collection-Function/id_separation_function/supplier/illusionshotel/server_present_but_db_id_not_present_list.txt (0 records)
Saved: /var/www/ScriptEngine/Python-Application/New-Hotel-Id-Collection-Function/id_separation_function/supplier/illusionshotel/db_present_but_server_json_not_present.txt (0 records)

Done.

Done.
Summary table updated.
History saved: /var/www/ScriptEngine/Python-Application/New-Hotel-Id-Collection-Function/id_separation_function/history/illusionshotel/2026-08-10.json
Finished: illusionshotel
End Time: Mon Aug 10 21:03:04 UTC 2026

===========================================
Running supplier: innstant
Start Time: Mon Aug 10 21:03:04 UTC 2026
===========================================
Loading .env environment variables...
Supplier: innstant
JSON Path: /var/www/Storage-Contents/Hotel-Supplier-Raw-Contents/innstant
Output Path: /var/www/ScriptEngine/Python-Application/New-Hotel-Id-Collection-Function/id_separation_function/supplier/innstant
Server JSON Count: 649448
Database Hotel Count: 649436
Database New Today Count: 0
ITTID Done: 555240
Pending ITTID: 94196
Saved: /var/www/ScriptEngine/Python-Application/New-Hotel-Id-Collection-Function/id_separation_function/supplier/innstant/server_file_list.txt (649448 records)
Saved: /var/www/ScriptEngine/Python-Application/New-Hotel-Id-Collection-Function/id_separation_function/supplier/innstant/db_hotel_id_list.txt (649436 records)
Saved: /var/www/ScriptEngine/Python-Application/New-Hotel-Id-Collection-Function/id_separation_function/supplier/innstant/server_present_but_db_id_not_present_list.txt (12 records)
Saved: /var/www/ScriptEngine/Python-Application/New-Hotel-Id-Collection-Function/id_separation_function/supplier/innstant/db_present_but_server_json_not_present.txt (0 records)

Done.

Done.
Summary table updated.
History saved: /var/www/ScriptEngine/Python-Application/New-Hotel-Id-Collection-Function/id_separation_function/history/innstant/2026-08-10.json
Finished: innstant
End Time: Mon Aug 10 21:03:24 UTC 2026

===========================================
Running supplier: juniperhotel
Start Time: Mon Aug 10 21:03:24 UTC 2026
===========================================
Loading .env environment variables...
Supplier: juniperhotel
JSON Path: /var/www/Storage-Contents/Hotel-Supplier-Raw-Contents/juniperhotel
Output Path: /var/www/ScriptEngine/Python-Application/New-Hotel-Id-Collection-Function/id_separation_function/supplier/juniperhotel
Server JSON Count: 428859
Database Hotel Count: 429113
Database New Today Count: 0
ITTID Done: 427080
Pending ITTID: 2033
Saved: /var/www/ScriptEngine/Python-Application/New-Hotel-Id-Collection-Function/id_separation_function/supplier/juniperhotel/server_file_list.txt (428859 records)
Saved: /var/www/ScriptEngine/Python-Application/New-Hotel-Id-Collection-Function/id_separation_function/supplier/juniperhotel/db_hotel_id_list.txt (429113 records)
Saved: /var/www/ScriptEngine/Python-Application/New-Hotel-Id-Collection-Function/id_separation_function/supplier/juniperhotel/server_present_but_db_id_not_present_list.txt (0 records)
Saved: /var/www/ScriptEngine/Python-Application/New-Hotel-Id-Collection-Function/id_separation_function/supplier/juniperhotel/db_present_but_server_json_not_present.txt (254 records)

Done.

Done.
Summary table updated.
History saved: /var/www/ScriptEngine/Python-Application/New-Hotel-Id-Collection-Function/id_separation_function/history/juniperhotel/2026-08-10.json
Finished: juniperhotel
End Time: Mon Aug 10 21:03:36 UTC 2026

===========================================
Running supplier: kiwihotel
Start Time: Mon Aug 10 21:03:36 UTC 2026
===========================================
Loading .env environment variables...
Supplier: kiwihotel
JSON Path: /var/www/Storage-Contents/Hotel-Supplier-Raw-Contents/kiwihotel
Output Path: /var/www/ScriptEngine/Python-Application/New-Hotel-Id-Collection-Function/id_separation_function/supplier/kiwihotel
Server JSON Count: 1943
Database Hotel Count: 1943
Database New Today Count: 0
ITTID Done: 0
Pending ITTID: 1943
Saved: /var/www/ScriptEngine/Python-Application/New-Hotel-Id-Collection-Function/id_separation_function/supplier/kiwihotel/server_file_list.txt (1943 records)
Saved: /var/www/ScriptEngine/Python-Application/New-Hotel-Id-Collection-Function/id_separation_function/supplier/kiwihotel/db_hotel_id_list.txt (1943 records)
Saved: /var/www/ScriptEngine/Python-Application/New-Hotel-Id-Collection-Function/id_separation_function/supplier/kiwihotel/server_present_but_db_id_not_present_list.txt (0 records)
Saved: /var/www/ScriptEngine/Python-Application/New-Hotel-Id-Collection-Function/id_separation_function/supplier/kiwihotel/db_present_but_server_json_not_present.txt (0 records)

Done.

Done.
Summary table updated.
History saved: /var/www/ScriptEngine/Python-Application/New-Hotel-Id-Collection-Function/id_separation_function/history/kiwihotel/2026-08-10.json
Finished: kiwihotel
End Time: Mon Aug 10 21:03:36 UTC 2026

===========================================
Running supplier: mgholiday
Start Time: Mon Aug 10 21:03:36 UTC 2026
===========================================
Loading .env environment variables...
Supplier: mgholiday
JSON Path: /var/www/Storage-Contents/Hotel-Supplier-Raw-Contents/mgholiday
Output Path: /var/www/ScriptEngine/Python-Application/New-Hotel-Id-Collection-Function/id_separation_function/supplier/mgholiday
Server JSON Count: 237610
Database Hotel Count: 237609
Database New Today Count: 0
ITTID Done: 196324
Pending ITTID: 41285
Saved: /var/www/ScriptEngine/Python-Application/New-Hotel-Id-Collection-Function/id_separation_function/supplier/mgholiday/server_file_list.txt (237610 records)
Saved: /var/www/ScriptEngine/Python-Application/New-Hotel-Id-Collection-Function/id_separation_function/supplier/mgholiday/db_hotel_id_list.txt (237609 records)
Saved: /var/www/ScriptEngine/Python-Application/New-Hotel-Id-Collection-Function/id_separation_function/supplier/mgholiday/server_present_but_db_id_not_present_list.txt (2 records)
Saved: /var/www/ScriptEngine/Python-Application/New-Hotel-Id-Collection-Function/id_separation_function/supplier/mgholiday/db_present_but_server_json_not_present.txt (1 records)

Done.

Done.
Summary table updated.
History saved: /var/www/ScriptEngine/Python-Application/New-Hotel-Id-Collection-Function/id_separation_function/history/mgholiday/2026-08-10.json
Finished: mgholiday
End Time: Mon Aug 10 21:03:42 UTC 2026

===========================================
Running supplier: paximumhotel
Start Time: Mon Aug 10 21:03:42 UTC 2026
===========================================
Loading .env environment variables...
Supplier: paximumhotel
JSON Path: /var/www/Storage-Contents/Hotel-Supplier-Raw-Contents/paximumhotel
Output Path: /var/www/ScriptEngine/Python-Application/New-Hotel-Id-Collection-Function/id_separation_function/supplier/paximumhotel
Server JSON Count: 1385584
Database Hotel Count: 1385589
Database New Today Count: 0
ITTID Done: 109901
Pending ITTID: 1275688
Saved: /var/www/ScriptEngine/Python-Application/New-Hotel-Id-Collection-Function/id_separation_function/supplier/paximumhotel/server_file_list.txt (1385584 records)
Saved: /var/www/ScriptEngine/Python-Application/New-Hotel-Id-Collection-Function/id_separation_function/supplier/paximumhotel/db_hotel_id_list.txt (1385589 records)
Saved: /var/www/ScriptEngine/Python-Application/New-Hotel-Id-Collection-Function/id_separation_function/supplier/paximumhotel/server_present_but_db_id_not_present_list.txt (0 records)
Saved: /var/www/ScriptEngine/Python-Application/New-Hotel-Id-Collection-Function/id_separation_function/supplier/paximumhotel/db_present_but_server_json_not_present.txt (5 records)

Done.

Done.
Summary table updated.
History saved: /var/www/ScriptEngine/Python-Application/New-Hotel-Id-Collection-Function/id_separation_function/history/paximumhotel/2026-08-10.json
Finished: paximumhotel
End Time: Mon Aug 10 21:04:03 UTC 2026

===========================================
Running supplier: rakuten
Start Time: Mon Aug 10 21:04:03 UTC 2026
===========================================
Loading .env environment variables...
Supplier: rakuten
JSON Path: /var/www/Storage-Contents/Hotel-Supplier-Raw-Contents/rakuten
Output Path: /var/www/ScriptEngine/Python-Application/New-Hotel-Id-Collection-Function/id_separation_function/supplier/rakuten
Server JSON Count: 37864
Database Hotel Count: 37587
Database New Today Count: 0
ITTID Done: 14079
Pending ITTID: 23508
Saved: /var/www/ScriptEngine/Python-Application/New-Hotel-Id-Collection-Function/id_separation_function/supplier/rakuten/server_file_list.txt (37864 records)
Saved: /var/www/ScriptEngine/Python-Application/New-Hotel-Id-Collection-Function/id_separation_function/supplier/rakuten/db_hotel_id_list.txt (37587 records)
Saved: /var/www/ScriptEngine/Python-Application/New-Hotel-Id-Collection-Function/id_separation_function/supplier/rakuten/server_present_but_db_id_not_present_list.txt (277 records)
Saved: /var/www/ScriptEngine/Python-Application/New-Hotel-Id-Collection-Function/id_separation_function/supplier/rakuten/db_present_but_server_json_not_present.txt (0 records)

Done.

Done.
Summary table updated.
History saved: /var/www/ScriptEngine/Python-Application/New-Hotel-Id-Collection-Function/id_separation_function/history/rakuten/2026-08-10.json
Finished: rakuten
End Time: Mon Aug 10 21:04:04 UTC 2026

===========================================
Running supplier: ratehawkhotel
Start Time: Mon Aug 10 21:04:04 UTC 2026
===========================================
Loading .env environment variables...
Supplier: ratehawkhotel
JSON Path: /var/www/Storage-Contents/Hotel-Supplier-Raw-Contents/ratehawkhotel
Output Path: /var/www/ScriptEngine/Python-Application/New-Hotel-Id-Collection-Function/id_separation_function/supplier/ratehawkhotel
Server JSON Count: 2771500
Database Hotel Count: 2767561
Database New Today Count: 0
ITTID Done: 1377646
Pending ITTID: 1389915
Saved: /var/www/ScriptEngine/Python-Application/New-Hotel-Id-Collection-Function/id_separation_function/supplier/ratehawkhotel/server_file_list.txt (2771500 records)
Saved: /var/www/ScriptEngine/Python-Application/New-Hotel-Id-Collection-Function/id_separation_function/supplier/ratehawkhotel/db_hotel_id_list.txt (2767561 records)
Saved: /var/www/ScriptEngine/Python-Application/New-Hotel-Id-Collection-Function/id_separation_function/supplier/ratehawkhotel/server_present_but_db_id_not_present_list.txt (4902 records)
Saved: /var/www/ScriptEngine/Python-Application/New-Hotel-Id-Collection-Function/id_separation_function/supplier/ratehawkhotel/db_present_but_server_json_not_present.txt (963 records)

Done.

Done.
Summary table updated.
History saved: /var/www/ScriptEngine/Python-Application/New-Hotel-Id-Collection-Function/id_separation_function/history/ratehawkhotel/2026-08-10.json
Finished: ratehawkhotel
End Time: Mon Aug 10 21:04:49 UTC 2026

===========================================
Running supplier: restel
Start Time: Mon Aug 10 21:04:49 UTC 2026
===========================================
Loading .env environment variables...
Supplier: restel
JSON Path: /var/www/Storage-Contents/Hotel-Supplier-Raw-Contents/restel
Output Path: /var/www/ScriptEngine/Python-Application/New-Hotel-Id-Collection-Function/id_separation_function/supplier/restel
Server JSON Count: 144482
Database Hotel Count: 144475
Database New Today Count: 0
ITTID Done: 87229
Pending ITTID: 57246
Saved: /var/www/ScriptEngine/Python-Application/New-Hotel-Id-Collection-Function/id_separation_function/supplier/restel/server_file_list.txt (144482 records)
Saved: /var/www/ScriptEngine/Python-Application/New-Hotel-Id-Collection-Function/id_separation_function/supplier/restel/db_hotel_id_list.txt (144475 records)
Saved: /var/www/ScriptEngine/Python-Application/New-Hotel-Id-Collection-Function/id_separation_function/supplier/restel/server_present_but_db_id_not_present_list.txt (7 records)
Saved: /var/www/ScriptEngine/Python-Application/New-Hotel-Id-Collection-Function/id_separation_function/supplier/restel/db_present_but_server_json_not_present.txt (0 records)

Done.

Done.
Summary table updated.
History saved: /var/www/ScriptEngine/Python-Application/New-Hotel-Id-Collection-Function/id_separation_function/history/restel/2026-08-10.json
Finished: restel
End Time: Mon Aug 10 21:04:51 UTC 2026

===========================================
Running supplier: rnrhotel
Start Time: Mon Aug 10 21:04:51 UTC 2026
===========================================
Loading .env environment variables...
Supplier: rnrhotel
JSON Path: /var/www/Storage-Contents/Hotel-Supplier-Raw-Contents/rnrhotel
Output Path: /var/www/ScriptEngine/Python-Application/New-Hotel-Id-Collection-Function/id_separation_function/supplier/rnrhotel
Server JSON Count: 112
Database Hotel Count: 112
Database New Today Count: 0
ITTID Done: 106
Pending ITTID: 6
Saved: /var/www/ScriptEngine/Python-Application/New-Hotel-Id-Collection-Function/id_separation_function/supplier/rnrhotel/server_file_list.txt (112 records)
Saved: /var/www/ScriptEngine/Python-Application/New-Hotel-Id-Collection-Function/id_separation_function/supplier/rnrhotel/db_hotel_id_list.txt (112 records)
Saved: /var/www/ScriptEngine/Python-Application/New-Hotel-Id-Collection-Function/id_separation_function/supplier/rnrhotel/server_present_but_db_id_not_present_list.txt (0 records)
Saved: /var/www/ScriptEngine/Python-Application/New-Hotel-Id-Collection-Function/id_separation_function/supplier/rnrhotel/db_present_but_server_json_not_present.txt (0 records)

Done.

Done.
Summary table updated.
History saved: /var/www/ScriptEngine/Python-Application/New-Hotel-Id-Collection-Function/id_separation_function/history/rnrhotel/2026-08-10.json
Finished: rnrhotel
End Time: Mon Aug 10 21:04:52 UTC 2026

===========================================
Running supplier: roomerang
Start Time: Mon Aug 10 21:04:52 UTC 2026
===========================================
Loading .env environment variables...
Supplier: roomerang
JSON Path: /var/www/Storage-Contents/Hotel-Supplier-Raw-Contents/roomerang
Output Path: /var/www/ScriptEngine/Python-Application/New-Hotel-Id-Collection-Function/id_separation_function/supplier/roomerang
Server JSON Count: 708546
Database Hotel Count: 708527
Database New Today Count: 0
ITTID Done: 181282
Pending ITTID: 527245
Saved: /var/www/ScriptEngine/Python-Application/New-Hotel-Id-Collection-Function/id_separation_function/supplier/roomerang/server_file_list.txt (708546 records)
Saved: /var/www/ScriptEngine/Python-Application/New-Hotel-Id-Collection-Function/id_separation_function/supplier/roomerang/db_hotel_id_list.txt (708527 records)
Saved: /var/www/ScriptEngine/Python-Application/New-Hotel-Id-Collection-Function/id_separation_function/supplier/roomerang/server_present_but_db_id_not_present_list.txt (19 records)
Saved: /var/www/ScriptEngine/Python-Application/New-Hotel-Id-Collection-Function/id_separation_function/supplier/roomerang/db_present_but_server_json_not_present.txt (0 records)

Done.

Done.
Summary table updated.
History saved: /var/www/ScriptEngine/Python-Application/New-Hotel-Id-Collection-Function/id_separation_function/history/roomerang/2026-08-10.json
Finished: roomerang
End Time: Mon Aug 10 21:05:01 UTC 2026

===========================================
Running supplier: stuba
Start Time: Mon Aug 10 21:05:01 UTC 2026
===========================================
Loading .env environment variables...
Supplier: stuba
JSON Path: /var/www/Storage-Contents/Hotel-Supplier-Raw-Contents/stuba
Output Path: /var/www/ScriptEngine/Python-Application/New-Hotel-Id-Collection-Function/id_separation_function/supplier/stuba
Server JSON Count: 128611
Database Hotel Count: 128611
Database New Today Count: 0
ITTID Done: 115926
Pending ITTID: 12685
Saved: /var/www/ScriptEngine/Python-Application/New-Hotel-Id-Collection-Function/id_separation_function/supplier/stuba/server_file_list.txt (128611 records)
Saved: /var/www/ScriptEngine/Python-Application/New-Hotel-Id-Collection-Function/id_separation_function/supplier/stuba/db_hotel_id_list.txt (128611 records)
Saved: /var/www/ScriptEngine/Python-Application/New-Hotel-Id-Collection-Function/id_separation_function/supplier/stuba/server_present_but_db_id_not_present_list.txt (0 records)
Saved: /var/www/ScriptEngine/Python-Application/New-Hotel-Id-Collection-Function/id_separation_function/supplier/stuba/db_present_but_server_json_not_present.txt (0 records)

Done.

Done.
Summary table updated.
History saved: /var/www/ScriptEngine/Python-Application/New-Hotel-Id-Collection-Function/id_separation_function/history/stuba/2026-08-10.json
Finished: stuba
End Time: Mon Aug 10 21:05:03 UTC 2026

===========================================
Running supplier: tbohotel
Start Time: Mon Aug 10 21:05:03 UTC 2026
===========================================
Loading .env environment variables...
Supplier: tbohotel
JSON Path: /var/www/Storage-Contents/Hotel-Supplier-Raw-Contents/tbohotel
Output Path: /var/www/ScriptEngine/Python-Application/New-Hotel-Id-Collection-Function/id_separation_function/supplier/tbohotel
Server JSON Count: 1048323
Database Hotel Count: 1048321
Database New Today Count: 0
ITTID Done: 1048316
Pending ITTID: 5
Saved: /var/www/ScriptEngine/Python-Application/New-Hotel-Id-Collection-Function/id_separation_function/supplier/tbohotel/server_file_list.txt (1048323 records)
Saved: /var/www/ScriptEngine/Python-Application/New-Hotel-Id-Collection-Function/id_separation_function/supplier/tbohotel/db_hotel_id_list.txt (1048321 records)
Saved: /var/www/ScriptEngine/Python-Application/New-Hotel-Id-Collection-Function/id_separation_function/supplier/tbohotel/server_present_but_db_id_not_present_list.txt (2 records)
Saved: /var/www/ScriptEngine/Python-Application/New-Hotel-Id-Collection-Function/id_separation_function/supplier/tbohotel/db_present_but_server_json_not_present.txt (0 records)

Done.

Done.
Summary table updated.
History saved: /var/www/ScriptEngine/Python-Application/New-Hotel-Id-Collection-Function/id_separation_function/history/tbohotel/2026-08-10.json
Finished: tbohotel
End Time: Mon Aug 10 21:05:20 UTC 2026

===========================================
Running supplier: travelrobothotel
Start Time: Mon Aug 10 21:05:20 UTC 2026
===========================================
Loading .env environment variables...
Supplier: travelrobothotel
JSON Path: /var/www/Storage-Contents/Hotel-Supplier-Raw-Contents/travelrobothotel
Output Path: /var/www/ScriptEngine/Python-Application/New-Hotel-Id-Collection-Function/id_separation_function/supplier/travelrobothotel
Server JSON Count: 1461693
Database Hotel Count: 1461693
Database New Today Count: 0
ITTID Done: 1
Pending ITTID: 1461692
Saved: /var/www/ScriptEngine/Python-Application/New-Hotel-Id-Collection-Function/id_separation_function/supplier/travelrobothotel/server_file_list.txt (1461693 records)
Saved: /var/www/ScriptEngine/Python-Application/New-Hotel-Id-Collection-Function/id_separation_function/supplier/travelrobothotel/db_hotel_id_list.txt (1461693 records)
Saved: /var/www/ScriptEngine/Python-Application/New-Hotel-Id-Collection-Function/id_separation_function/supplier/travelrobothotel/server_present_but_db_id_not_present_list.txt (0 records)
Saved: /var/www/ScriptEngine/Python-Application/New-Hotel-Id-Collection-Function/id_separation_function/supplier/travelrobothotel/db_present_but_server_json_not_present.txt (0 records)

Done.

Done.
Summary table updated.
History saved: /var/www/ScriptEngine/Python-Application/New-Hotel-Id-Collection-Function/id_separation_function/history/travelrobothotel/2026-08-10.json
Finished: travelrobothotel
End Time: Mon Aug 10 21:05:41 UTC 2026

===========================================
All suppliers completed.
Finished at: Mon Aug 10 21:05:41 UTC 2026
===========================================
